DWA_ID,pct,global_2026_pct,pct_automation,pct_augmentation,pct_other,Task_Name,IWA_ID_dup,AIOE,i.Task_Name,DWA_ID_dup,V1,V2,V3,action,percent_pct,percent_pct_2026,percent_V1,percent_aioe,Community,Nonprofit
4.A.1.a.1.I01.D01,0.00934640871948038,0.00643012669566876,0.00369748037254169,0.00421101931317248,0.00143790903376621,Review art or design materials.,4.A.1.a.1.I01.D01,6.35713534673719,Review art or design materials.,4.A.1.a.1.I01.D01,3.416,Review art or design materials.,4.A.1.a.1.I01.D01,Review,0.365810451727192,0.369353410097431,0.340124003542958,0.478299379982285,Not Community,Others
4.A.1.a.1.I01.D02,0.00215686355064932,0.00277160633433998,0,0,0.00215686355064932,Study details of musical compositions.,4.A.1.a.1.I01.D02,6.37842120455716,Study details of musical compositions.,4.A.1.a.1.I01.D02,3.217,Study details of musical compositions.,4.A.1.a.1.I01.D02,Study,0.0965456155890168,0.255093002657219,0.151461470327724,0.512843224092117,Not Community,Others
4.A.1.a.1.I01.D03,0.0324556610478659,0.00631926244229516,0.0083193308382188,0.00801120747384033,0.0161251227358068,Review production information to determine costume or makeup requirements.,4.A.1.a.1.I01.D03,5.79154344817654,Review production information to determine costume or makeup requirements.,4.A.1.a.1.I01.D03,3.112,Review production information to determine costume or makeup requirements.,4.A.1.a.1.I01.D03,Review,0.656333038086802,0.364924712134632,0.0868024800708592,0.135518157661648,Not Community,Others
4.A.1.a.1.I01.D04,0.0926424248897945,0.0837025112970674,0.0404668685217063,0.0249579925146564,0.0272175638534319,Study scripts to determine project requirements.,4.A.1.a.1.I01.D04,6.18548457600088,Study scripts to determine project requirements.,4.A.1.a.1.I01.D04,3.20933333333333,Study scripts to determine project requirements.,4.A.1.a.1.I01.D04,Study,0.828166519043401,0.819309123117803,0.146147032772365,0.319751992914083,Not Community,Others
4.A.1.a.1.I02.D01,0.00492997383005559,0,0.00205415576252316,0.001951447974397,0.000924370093135422,Read materials to determine needed actions.,4.A.1.a.1.I02.D01,6.44298022031485,Read materials to determine needed actions.,4.A.1.a.1.I02.D01,3.22166666666667,Read materials to determine needed actions.,4.A.1.a.1.I02.D01,Read,0.238263950398583,0.163861824623561,0.154118689105403,0.627989371124889,Not Community,Others
4.A.1.a.1.I02.D02,0.0183846940745823,0.0206207511274895,0.00626517507569564,0.00996265544823733,0.00215686355064932,Read maps to determine routes.,4.A.1.a.1.I02.D02,5.71735806257407,Read maps to determine routes.,4.A.1.a.1.I02.D02,3.9225,Read maps to determine routes.,4.A.1.a.1.I02.D02,Read,0.544729849424269,0.579273693534101,0.890168290522586,0.0965456155890168,Not Community,Others
4.A.1.a.1.I02.D04,0.00688142180445259,0.00254987782759278,0,0,0.00688142180445259,Read work orders or other instructions to determine product specifications or materials requirements.,4.A.1.a.1.I02.D04,5.67178442056498,Read work orders or other instructions to determine product specifications or materials requirements.,4.A.1.a.1.I02.D04,3.72014285714286,Read work orders or other instructions to determine product specifications or materials requirements.,4.A.1.a.1.I02.D04,Read,0.310894596988485,0.240921169176262,0.744906997342781,0.0620017714791851,Not Community,Others
4.A.1.a.1.I02.D05,0.0784687501283847,0.0314854479581022,0.0118113956345082,0.0460130890805188,0.0206442654133578,Read technical information needed to perform maintenance or repairs.,4.A.1.a.1.I02.D05,5.75020750416826,Read technical information needed to perform maintenance or repairs.,4.A.1.a.1.I02.D05,3.6894,Read technical information needed to perform maintenance or repairs.,4.A.1.a.1.I02.D05,Read,0.801594331266608,0.670504871567759,0.705048715677591,0.115146147032772,Not Community,Others
4.A.1.a.1.I02.D06,0.00647059065194796,0.00166296380060399,0.00164332461001853,0.00164332461001853,0.0031839414319109,Study blueprints or other instructions to determine equipment setup requirements.,4.A.1.a.1.I02.D06,5.66017635529623,Study blueprints or other instructions to determine equipment setup requirements.,4.A.1.a.1.I02.D06,3.735,Study blueprints or other instructions to determine equipment setup requirements.,4.A.1.a.1.I02.D06,Study,0.297608503100089,0.174490699734278,0.764393268379097,0.0531443755535872,Not Community,Others
4.A.1.a.1.I02.D07,0.840868661388856,0.749996674072399,0.383819004227453,0.429113138791088,0.027936518370315,Read documents to gather technical information.,4.A.1.a.1.I02.D07,6.43354653704018,Read documents to gather technical information.,4.A.1.a.1.I02.D07,3.6335,Read documents to gather technical information.,4.A.1.a.1.I02.D07,Read,0.981399468556245,0.976085031000886,0.638618246235607,0.611160318866253,Not Community,Others
4.A.1.a.1.I02.D08,0.0238282068452687,0.00909086877663514,0.00267040249128011,0.0107843177532466,0.010373486600742,Review technical documents to plan work.,4.A.1.a.1.I02.D08,6.33413620836733,Review technical documents to plan work.,4.A.1.a.1.I02.D08,3.73571428571429,Review technical documents to plan work.,4.A.1.a.1.I02.D08,Review,0.602302922940655,0.427812223206377,0.767050487156776,0.449069973427812,Not Community,Others
4.A.1.a.1.I02.D09,0.0554622055881253,0.0272726063299054,0.0115032722701297,0.0261904859721703,0.0177684473458253,Review blueprints or specifications to determine work requirements.,4.A.1.a.1.I02.D09,5.47101576849565,Review blueprints or specifications to determine work requirements.,4.A.1.a.1.I02.D09,3.53616279069767,Review blueprints or specifications to determine work requirements.,4.A.1.a.1.I02.D09,Review,0.747564216120461,0.635961027457927,0.514614703277236,0.012400354295837,Not Community,Others
4.A.1.a.1.I02.D11,0.0127357657276436,0.00776049773615195,0,0,0.0127357657276436,Review blueprints or other instructions to determine operational methods or sequences.,4.A.1.a.1.I02.D11,5.66291368595433,Review blueprints or other instructions to determine operational methods or sequences.,4.A.1.a.1.I02.D11,3.72630769230769,Review blueprints or other instructions to determine operational methods or sequences.,4.A.1.a.1.I02.D11,Review,0.454384410983171,0.398582816651904,0.75199291408326,0.054030115146147,Not Community,Others
4.A.1.a.1.I02.D14,0.0468347513855281,0.0225054434348406,0.00801120747384033,0.0322502454716136,0.00657329844007411,"Interpret blueprints, specifications, or diagrams to inform installation, development or operation activities.",4.A.1.a.1.I02.D14,5.7265858380894,"Interpret blueprints, specifications, or diagrams to inform installation, development or operation activities.",4.A.1.a.1.I02.D14,3.72678571428571,"Interpret blueprints, specifications, or diagrams to inform installation, development or operation activities.",4.A.1.a.1.I02.D14,Interpret,0.722763507528787,0.599645704162976,0.752878653675819,0.105403011514615,Not Community,Others
4.A.1.a.1.I02.D15,0.00174603239814469,0,0,0,0.00174603239814469,Review details of technical drawings or specifications.,4.A.1.a.1.I02.D15,6.44605091609246,Review details of technical drawings or specifications.,4.A.1.a.1.I02.D15,3.518125,Review details of technical drawings or specifications.,4.A.1.a.1.I02.D15,Review,0.0531443755535872,0.163861824623561,0.477413640389726,0.633303808680248,Not Community,Others
4.A.1.a.1.I03.D04,0.0197198953202223,0.0121950678710959,0.00503268161818174,0.00852474641447112,0.00616246728756948,Investigate legal issues.,4.A.1.a.1.I03.D04,6.51310248811298,Investigate legal issues.,4.A.1.a.1.I03.D04,3.49609375,Investigate legal issues.,4.A.1.a.1.I03.D04,Investigate,0.568644818423384,0.483613817537644,0.441098317094774,0.742249778565102,Community,Nonprofit
4.A.1.a.1.I03.D05,0.0302987974972166,0.0217293936612255,0.00924370093135422,0.00390289594879401,0.0171522006170684,Examine records or other types of data to investigate criminal activities.,4.A.1.a.1.I03.D05,6.40773432343107,Examine records or other types of data to investigate criminal activities.,4.A.1.a.1.I03.D05,3.91583333333333,Examine records or other types of data to investigate criminal activities.,4.A.1.a.1.I03.D05,Examine,0.644818423383525,0.592559787422498,0.887511071744907,0.566873339238264,Not Community,Others
4.A.1.a.1.I04.D01,0.016227830523933,0.030155076917619,0.00626517507569564,0.0063678828638218,0.00359477258441553,Obtain property information.,4.A.1.a.1.I04.D01,6.47016360894687,Obtain property information.,4.A.1.a.1.I04.D01,3.38166666666667,Obtain property information.,4.A.1.a.1.I04.D01,Obtain,0.512843224092117,0.663418954827281,0.296722763507529,0.672276350752879,Not Community,Others
4.A.1.a.1.I04.D02,0.0122222267870128,0.0172948235262815,0.00164332461001853,0.00790849968571417,0.00267040249128011,Use databases to locate investigation details or other information.,4.A.1.a.1.I04.D02,6.27610951727523,Use databases to locate investigation details or other information.,4.A.1.a.1.I04.D02,4.01416666666667,Use databases to locate investigation details or other information.,4.A.1.a.1.I04.D02,Use,0.443755535872454,0.544729849424269,0.91496899911426,0.396811337466785,Not Community,Others
4.A.1.a.1.I04.D03,0.240438932003336,0.173391692276309,0.0496078616649343,0.176143856636361,0.0146872137020406,Search information sources to find specific data.,4.A.1.a.1.I04.D03,6.43186845367403,Search information sources to find specific data.,4.A.1.a.1.I04.D03,2.96571428571429,Search information sources to find specific data.,4.A.1.a.1.I04.D03,Search,0.913197519929141,0.892825509300266,0.0310008857395926,0.609388839681134,Not Community,Others
4.A.1.a.1.I04.D04,0.00647059065194796,0.00498889140181197,0,0.00154061682189237,0.00492997383005559,Gather financial records.,4.A.1.a.1.I04.D04,6.57731764008527,Gather financial records.,4.A.1.a.1.I04.D04,3.6325,Gather financial records.,4.A.1.a.1.I04.D04,Gather,0.297608503100089,0.325066430469442,0.635961027457927,0.859167404782994,Not Community,Others
4.A.1.a.1.I04.D05,0.109589209930611,0.24024283706059,0.0262931937602965,0.0759010554252308,0.00739496074508338,Retrieve information from electronic sources.,4.A.1.a.1.I04.D05,6.54777981899924,Retrieve information from electronic sources.,4.A.1.a.1.I04.D05,3.52,Retrieve information from electronic sources.,4.A.1.a.1.I04.D05,Retrieve,0.853852967227635,0.922054915854739,0.481842338352524,0.813108945969885,Not Community,Others
4.A.1.a.1.I04.D07,0.1884687912115,0.47959876009419,0.0495051538768082,0.114930014913171,0.024033622421521,"Search files, databases or reference materials to obtain needed information.",4.A.1.a.1.I04.D07,6.53819418894997,"Search files, databases or reference materials to obtain needed information.",4.A.1.a.1.I04.D07,3.65913793103448,"Search files, databases or reference materials to obtain needed information.",4.A.1.a.1.I04.D07,Search,0.900797165633304,0.96014171833481,0.670504871567759,0.787422497785651,Not Community,Others
4.A.1.a.1.I04.D08,0.0665546467057504,0.211861588196948,0.0233146679046379,0.0371802193016692,0.00605975949944333,Collect archival data.,4.A.1.a.1.I04.D08,6.4390463106102,Collect archival data.,4.A.1.a.1.I04.D08,3.36,Collect archival data.,4.A.1.a.1.I04.D08,Collect,0.775907883082374,0.906111603188663,0.277236492471213,0.619131975199291,Not Community,Others
4.A.1.a.1.I05.D01,0.0328664922003706,0.0196229728471271,0.00975723987198501,0.0198226031083485,0.00328664922003706,Evaluate information related to legal matters in public or personal records.,4.A.1.a.1.I05.D01,6.67024310072767,Evaluate information related to legal matters in public or personal records.,4.A.1.a.1.I05.D01,3.9409375,Evaluate information related to legal matters in public or personal records.,4.A.1.a.1.I05.D01,Evaluate,0.657218777679362,0.568644818423384,0.895482728077945,0.986713906111603,Not Community,Others
4.A.1.a.1.I05.D02,0.0846312174159542,0.0566516334739092,0.0223902978115025,0.0503268161818174,0.0119141034226343,Research relevant legal materials to aid decision making.,4.A.1.a.1.I05.D02,6.67503982735053,Research relevant legal materials to aid decision making.,4.A.1.a.1.I05.D02,3.95791666666667,Research relevant legal materials to aid decision making.,4.A.1.a.1.I05.D02,Research,0.815766164747564,0.768821966341896,0.899911426040744,0.990256864481842,Not Community,Others
4.A.1.a.1.I06.D01,0.100345508999256,0.142127972824954,0.031839414319109,0.0586461470200362,0.00985994766011117,Gather organizational performance information.,4.A.1.a.1.I06.D01,6.66457015646513,Gather organizational performance information.,4.A.1.a.1.I06.D01,3.305,Gather organizational performance information.,4.A.1.a.1.I06.D01,Gather,0.840566873339238,0.877767936226749,0.219663418954827,0.979627989371125,Not Community,Others
4.A.1.a.1.I06.D04,0.00174603239814469,0.00199555656072479,0,0,0.00174603239814469,Collect data about project sites.,4.A.1.a.1.I06.D04,6.36307399303695,Collect data about project sites.,4.A.1.a.1.I06.D04,3.4275,Collect data about project sites.,4.A.1.a.1.I06.D04,Collect,0.0531443755535872,0.201062887511072,0.349867139061116,0.488042515500443,Not Community,Others
4.A.1.a.1.I07.D01,0.00267040249128011,0.00277160633433998,0,0,0.00267040249128011,Obtain information about goods or services.,4.A.1.a.1.I07.D01,6.62717896646314,Obtain information about goods or services.,4.A.1.a.1.I07.D01,3.37681818181818,Obtain information about goods or services.,4.A.1.a.1.I07.D01,Obtain,0.135518157661648,0.255093002657219,0.289636846767051,0.935341009743136,Not Community,Others
4.A.1.a.1.I08.D01,0.00554622055881253,0.00310419909446078,0,0.00267040249128011,0.00287581806753242,Research hydrologic features or processes.,4.A.1.a.1.I08.D01,6.3317591743359,Research hydrologic features or processes.,4.A.1.a.1.I08.D01,3.464,Research hydrologic features or processes.,4.A.1.a.1.I08.D01,Research,0.263950398582817,0.262178919397697,0.400354295837024,0.446412754650133,Not Community,Others
4.A.1.a.1.I08.D03,0.0186928174389608,0.0110864253373599,0,0.00749766853320954,0.0111951489057512,Conduct climatological research.,4.A.1.a.1.I08.D03,6.56932219252181,Conduct climatological research.,4.A.1.a.1.I08.D03,3.42933333333333,Conduct climatological research.,4.A.1.a.1.I08.D03,Conduct,0.551815766164748,0.474756421612046,0.356067316209035,0.844109831709477,Not Community,Others
4.A.1.a.1.I09.D03,0.016227830523933,0.0194012443403799,0.00462185046567711,0.00472455825380327,0.00688142180445259,Conduct scientific research of organizational behavior or processes.,4.A.1.a.1.I09.D03,6.66176033282334,Conduct scientific research of organizational behavior or processes.,4.A.1.a.1.I09.D03,3.7595,Conduct scientific research of organizational behavior or processes.,4.A.1.a.1.I09.D03,Conduct,0.512843224092117,0.565101860053144,0.79185119574845,0.976970770593445,Not Community,Others
4.A.1.a.1.I10.D01,0.00164332461001853,0,0,0,0.00164332461001853,Research impacts of environmental conservation initiatives.,4.A.1.a.1.I10.D01,6.42373220479417,Research impacts of environmental conservation initiatives.,4.A.1.a.1.I10.D01,3.16375,Research impacts of environmental conservation initiatives.,4.A.1.a.1.I10.D01,Research,0.0380868024800709,0.163861824623561,0.121346324180691,0.592559787422498,Not Community,Others
4.A.1.a.1.I10.D02,0.00164332461001853,0,0,0,0.00164332461001853,Research issues related to the environment or sustainable business practices.,4.A.1.a.1.I10.D02,6.42826112333033,Research issues related to the environment or sustainable business practices.,4.A.1.a.1.I10.D02,3.1134375,Research issues related to the environment or sustainable business practices.,4.A.1.a.1.I10.D02,Research,0.0380868024800709,0.163861824623561,0.0912311780336581,0.598759964570416,Not Community,Others
4.A.1.a.1.I10.D03,0.00184874018627084,0,0,0,0.00184874018627084,Investigate the environmental impact of projects.,4.A.1.a.1.I10.D03,6.49182990087285,Investigate the environmental impact of projects.,4.A.1.a.1.I10.D03,3.72907407407407,Investigate the environmental impact of projects.,4.A.1.a.1.I10.D03,Investigate,0.0637732506643047,0.163861824623561,0.757307351638618,0.700620017714792,Not Community,Others
4.A.1.a.1.I10.D05,0.0183846940745823,0,0.00462185046567711,0.0104761943888681,0.00328664922003706,Research environmental impact of industrial or development activities.,4.A.1.a.1.I10.D05,6.53742637347597,Research environmental impact of industrial or development activities.,4.A.1.a.1.I10.D05,3.26941176470588,Research environmental impact of industrial or development activities.,4.A.1.a.1.I10.D05,Research,0.544729849424269,0.163861824623561,0.188662533215235,0.784765279007972,Not Community,Others
4.A.1.a.1.I10.D06,0.00585434392319101,0,0,0.00462185046567711,0.0012324934575139,Identify environmental concerns.,4.A.1.a.1.I10.D06,6.59808439438953,Identify environmental concerns.,4.A.1.a.1.I10.D06,3.22857142857143,Identify environmental concerns.,4.A.1.a.1.I10.D06,Identify,0.277236492471213,0.163861824623561,0.155890168290523,0.899911426040744,Not Community,Others
4.A.1.a.1.I11.D01,0.00523809719443406,0.0135254389115791,0,0.0031839414319109,0.00205415576252316,Gather information for news stories.,4.A.1.a.1.I11.D01,6.58074687074962,Gather information for news stories.,4.A.1.a.1.I11.D01,3.75184210526316,Gather information for news stories.,4.A.1.a.1.I11.D01,Gather,0.2488928255093,0.5022143489814,0.783879539415412,0.868024800708592,Not Community,Others
4.A.1.a.1.I12.D01,0.0167413694645638,0.00920173303000874,0,0.00893557756697575,0.00780579189758801,Gather medical information from patient histories.,4.A.1.a.1.I12.D01,6.19727233943207,Gather medical information from patient histories.,4.A.1.a.1.I12.D01,3.86018518518519,Gather medical information from patient histories.,4.A.1.a.1.I12.D01,Gather,0.522586359610275,0.431355181576616,0.868024800708592,0.328609388839681,Not Community,Others
4.A.1.a.1.I12.D02,0.0269094404890534,0.0455652081365493,0.00246498691502779,0.0129411813038959,0.0115032722701297,"Collect medical information from patients, family members, or other medical professionals.",4.A.1.a.1.I12.D02,6.17996588715193,"Collect medical information from patients, family members, or other medical professionals.",4.A.1.a.1.I12.D02,4.03346774193548,"Collect medical information from patients, family members, or other medical professionals.",4.A.1.a.1.I12.D02,Collect,0.621789193976971,0.731620903454385,0.919397697077059,0.312666076173605,Not Community,Others
4.A.1.a.1.I12.D03,0.0380018816066785,0.101440791836843,0.00585434392319101,0.022082174447124,0.0100653632363635,"Collect information from people through observation, interviews, or surveys.",4.A.1.a.1.I12.D03,6.58249727882805,"Collect information from people through observation, interviews, or surveys.",4.A.1.a.1.I12.D03,3.51166666666667,"Collect information from people through observation, interviews, or surveys.",4.A.1.a.1.I12.D03,Collect,0.682019486271036,0.838795394154119,0.468556244464128,0.87333923826395,Not Community,Others
4.A.1.a.1.I12.D04,0.00739496074508338,0.0106429683238655,0.001951447974397,0.00164332461001853,0.00380018816066785,Collect information about clients.,4.A.1.a.1.I12.D04,6.50825087324353,Collect information about clients.,4.A.1.a.1.I12.D04,3.24214285714286,Collect information about clients.,4.A.1.a.1.I12.D04,Collect,0.320637732506643,0.466784765279008,0.16651904340124,0.729849424269265,Community,Nonprofit
4.A.1.a.1.I13.D01,0.00688142180445259,0.00509975565518557,0,0.001951447974397,0.00492997383005559,Research livestock management methods.,4.A.1.a.1.I13.D01,6.40753380847834,Research livestock management methods.,4.A.1.a.1.I13.D01,3.355,Research livestock management methods.,4.A.1.a.1.I13.D01,Research,0.310008857395926,0.330380868024801,0.273693534100974,0.565101860053144,Not Community,Others
4.A.1.a.1.I13.D02,0.0126330579395174,0.0136363031649527,0.00482726604192943,0.00492997383005559,0.00287581806753242,Research crop management methods.,4.A.1.a.1.I13.D02,6.1848157668885,Research crop management methods.,4.A.1.a.1.I13.D02,3.50625,Research crop management methods.,4.A.1.a.1.I13.D02,Research,0.451727192205492,0.503985828166519,0.45969884853853,0.317980513728964,Not Community,Others
4.A.1.a.1.I14.D01,0.0164332461001853,0.00942346153675593,0.00718954516883106,0.00451914267755095,0.00472455825380327,Conduct market research.,4.A.1.a.1.I14.D01,6.46648719407875,Conduct market research.,4.A.1.a.1.I14.D01,3.52611111111111,Conduct market research.,4.A.1.a.1.I14.D01,Conduct,0.519043401240035,0.437555358724535,0.493356953055802,0.662533215234721,Not Community,Others
4.A.1.a.1.I14.D02,0.115546261641928,0.266406800856759,0.0161251227358068,0.0414939464029678,0.0579271925031531,Gather customer or product information to determine customer needs.,4.A.1.a.1.I14.D02,6.40956493438283,Gather customer or product information to determine customer needs.,4.A.1.a.1.I14.D02,3.42314285714286,Gather customer or product information to determine customer needs.,4.A.1.a.1.I14.D02,Gather,0.856510186005315,0.931798051372896,0.345438441098317,0.571302037201063,Not Community,Others
4.A.1.a.1.I14.D03,0.00338935700816322,0.00521061990855916,0.001951447974397,0,0.00143790903376621,Obtain personal or financial information about customers or applicants.,4.A.1.a.1.I14.D03,6.52064307082739,Obtain personal or financial information about customers or applicants.,4.A.1.a.1.I14.D03,3.65681818181818,Obtain personal or financial information about customers or applicants.,4.A.1.a.1.I14.D03,Obtain,0.178033658104517,0.335695305580159,0.66696191319752,0.752878653675819,Not Community,Others
4.A.1.a.1.I14.D04,0.0170494928289422,0.0498889140181197,0.00544351277068638,0.00729225295695722,0.00431372710129864,Conduct opinion surveys or needs assessments.,4.A.1.a.1.I14.D04,6.40850119900021,Conduct opinion surveys or needs assessments.,4.A.1.a.1.I14.D04,3.12264705882353,Conduct opinion surveys or needs assessments.,4.A.1.a.1.I14.D04,Conduct,0.530558015943313,0.745792736935341,0.103631532329495,0.568644818423384,Community,Nonprofit
4.A.1.a.1.I14.D05,0.00421101931317248,0.00376938461470237,0,0,0.00421101931317248,Collect data about customer needs.,4.A.1.a.1.I14.D05,6.58004294270577,Collect data about customer needs.,4.A.1.a.1.I14.D05,3.62444444444444,Collect data about customer needs.,4.A.1.a.1.I14.D05,Collect,0.211691762621789,0.289636846767051,0.62533215234721,0.866253321523472,Not Community,Others
4.A.1.a.1.I15.D01,0.0031839414319109,0.00509975565518557,0,0,0.0031839414319109,Observe individuals' activities to gather information or compile evidence.,4.A.1.a.1.I15.D01,6.13272144133225,Observe individuals' activities to gather information or compile evidence.,4.A.1.a.1.I15.D01,4.03133333333333,Observe individuals' activities to gather information or compile evidence.,4.A.1.a.1.I15.D01,Observe,0.160318866253322,0.330380868024801,0.918511957484499,0.284322409211692,Not Community,Others
4.A.1.a.1.I16.D01,0.0818581071365479,0.0557647194469204,0.0165359538883114,0.0451914267755095,0.020130726472727,Research genetic characteristics or expression.,4.A.1.a.1.I16.D01,6.44541906216112,Research genetic characteristics or expression.,4.A.1.a.1.I16.D01,3.73552631578947,Research genetic characteristics or expression.,4.A.1.a.1.I16.D01,Research,0.806023029229407,0.763507528786537,0.765279007971656,0.632418069087688,Not Community,Others
4.A.1.a.1.I16.D02,0.029887966344712,0.00964519004350313,0.00164332461001853,0.0224930055996286,0.00575163613506485,Research diseases or parasites.,4.A.1.a.1.I16.D02,6.44445621220829,Research diseases or parasites.,4.A.1.a.1.I16.D02,3.841,Research diseases or parasites.,4.A.1.a.1.I16.D02,Research,0.641275465013286,0.444641275465013,0.853852967227635,0.629760850310009,Not Community,Others
4.A.1.a.1.I16.D03,0.00246498691502779,0,0,0,0.00246498691502779,Conduct research of processes in natural or industrial ecosystems.,4.A.1.a.1.I16.D03,6.32736715785586,Conduct research of processes in natural or industrial ecosystems.,4.A.1.a.1.I16.D03,3.554375,Conduct research of processes in natural or industrial ecosystems.,4.A.1.a.1.I16.D03,Conduct,0.122232063773251,0.163861824623561,0.534100974313552,0.441984056687334,Not Community,Others
4.A.1.a.1.I16.D04,0.164435168789979,0.115853144775411,0.0404668685217063,0.113492105879405,0.0104761943888681,Research microbiological or chemical processes or structures.,4.A.1.a.1.I16.D04,6.38049658459093,Research microbiological or chemical processes or structures.,4.A.1.a.1.I16.D04,3.97088235294118,Research microbiological or chemical processes or structures.,4.A.1.a.1.I16.D04,Research,0.895482728077945,0.860053144375554,0.906111603188663,0.517271922054916,Not Community,Others
4.A.1.a.1.I16.D05,0.043548102165491,0.0757202850541683,0.0153034604307975,0.0223902978115025,0.00585434392319101,Classify organisms based on their characteristics or behavior.,4.A.1.a.1.I16.D05,6.44093112652134,Classify organisms based on their characteristics or behavior.,4.A.1.a.1.I16.D05,3.80416666666667,Classify organisms based on their characteristics or behavior.,4.A.1.a.1.I16.D05,Classify,0.713020372010629,0.804251550044287,0.8325952170062,0.62444641275465,Not Community,Others
4.A.1.a.1.I16.D06,0.0469374591736542,0.0409089094948581,0.0116059800582559,0.0275256872178104,0.00780579189758801,Examine characteristics or behavior of living organisms.,4.A.1.a.1.I16.D06,6.18385522488872,Examine characteristics or behavior of living organisms.,4.A.1.a.1.I16.D06,3.871875,Examine characteristics or behavior of living organisms.,4.A.1.a.1.I16.D06,Examine,0.723649247121346,0.711248892825509,0.87511071744907,0.316209034543844,Not Community,Others
4.A.1.a.1.I18.D01,0.101680710244896,0.0155209954723039,0.0216713432946193,0.065014029883858,0.0149953370664191,Conduct anthropological or archaeological research.,4.A.1.a.1.I18.D01,6.29355281095335,Conduct anthropological or archaeological research.,4.A.1.a.1.I18.D01,3.34722222222222,Conduct anthropological or archaeological research.,4.A.1.a.1.I18.D01,Conduct,0.841452612931798,0.526129317980514,0.264836138175376,0.410097431355182,Not Community,Others
4.A.1.a.1.I18.D02,0.139888007427827,0.0712857149192243,0.0403641607335801,0.0893557756697575,0.0101680710244896,Conduct historical research.,4.A.1.a.1.I18.D02,6.4816117783428,Conduct historical research.,4.A.1.a.1.I18.D02,2.986875,Conduct historical research.,4.A.1.a.1.I18.D02,Conduct,0.879539415411869,0.799822852081488,0.0327723649247121,0.684676705048716,Not Community,Others
4.A.1.a.1.I18.D03,0.492894675217432,0.108092647039259,0.145742351351018,0.330924493342481,0.016227830523933,Conduct research on social issues.,4.A.1.a.1.I18.D03,6.65749254539233,Conduct research on social issues.,4.A.1.a.1.I18.D03,3.21166666666667,Conduct research on social issues.,4.A.1.a.1.I18.D03,Conduct,0.965456155890168,0.851195748449956,0.147032772364925,0.967227635075288,Community,Nonprofit
4.A.1.a.1.I18.D04,0.0076003763213357,0.0107538325772391,0,0.00585434392319101,0.00174603239814469,Research social issues.,4.A.1.a.1.I18.D04,6.46771518787132,Research social issues.,4.A.1.a.1.I18.D04,3.288,Research social issues.,4.A.1.a.1.I18.D04,Research,0.326837909654562,0.467670504871568,0.203720106288751,0.6651904340124,Not Community,Others
4.A.1.a.1.I19.D01,0.0696358803495351,0.0280486561035206,0.0138655513970313,0.0404668685217063,0.0153034604307975,Conduct research to increase knowledge about medical issues.,4.A.1.a.1.I19.D01,6.26146542616589,Conduct research to increase knowledge about medical issues.,4.A.1.a.1.I19.D01,4.01483870967742,Conduct research to increase knowledge about medical issues.,4.A.1.a.1.I19.D01,Conduct,0.781222320637733,0.642161204605846,0.91585473870682,0.382639503985828,Not Community,Others
4.A.1.a.1.I20.D01,0.0137628436089052,0.0167405022594135,0,0.00359477258441553,0.0101680710244896,Research engineering aspects of biological or chemical processes.,4.A.1.a.1.I20.D01,6.42289596372468,Research engineering aspects of biological or chemical processes.,4.A.1.a.1.I20.D01,3.82725,Research engineering aspects of biological or chemical processes.,4.A.1.a.1.I20.D01,Research,0.478299379982285,0.54030115146147,0.848538529672277,0.591674047829938,Not Community,Others
4.A.1.a.1.I20.D02,0.0306069208615951,0.0151884027121831,0.00369748037254169,0.0153034604307975,0.0116059800582559,Research engineering applications of emerging technologies.,4.A.1.a.1.I20.D02,6.45311841046921,Research engineering applications of emerging technologies.,4.A.1.a.1.I20.D02,3.57,Research engineering applications of emerging technologies.,4.A.1.a.1.I20.D02,Research,0.647475642161205,0.525243578387954,0.561558901682905,0.643932683790966,Not Community,Others
4.A.1.a.1.I20.D03,0.00595705171131717,0.00199555656072479,0,0.00205415576252316,0.00390289594879401,Research design or application of green technologies.,4.A.1.a.1.I20.D03,6.44657365384949,Research design or application of green technologies.,4.A.1.a.1.I20.D03,3.539375,Research design or application of green technologies.,4.A.1.a.1.I20.D03,Research,0.282550930026572,0.201062887511072,0.519043401240035,0.635075287865368,Not Community,Others
4.A.1.a.1.I20.D04,0.0521755563680883,0.082150411749837,0.00739496074508338,0.0361531414204076,0.00862745420259728,Conduct research to gain information about products or processes.,4.A.1.a.1.I20.D04,6.4519892162608,Conduct research to gain information about products or processes.,4.A.1.a.1.I20.D04,3.58861111111111,Conduct research to gain information about products or processes.,4.A.1.a.1.I20.D04,Conduct,0.744906997342781,0.814880425155005,0.58281665190434,0.643046944198406,Not Community,Others
4.A.1.a.1.I20.D05,0.0166386616764376,0.00521061990855916,0,0.00729225295695722,0.00934640871948038,Research advanced engineering designs or applications.,4.A.1.a.1.I20.D05,6.40255300304939,Research advanced engineering designs or applications.,4.A.1.a.1.I20.D05,3.8890625,Research advanced engineering designs or applications.,4.A.1.a.1.I20.D05,Research,0.521700620017715,0.335695305580159,0.878653675819309,0.555358724534987,Not Community,Others
4.A.1.a.1.I20.D06,0.0262931937602965,0.0127493891379639,0.00770308410946185,0.0176657395576992,0.000924370093135422,"Research energy production, use, or conservation.",4.A.1.a.1.I20.D06,6.54015018065561,"Research energy production, use, or conservation.",4.A.1.a.1.I20.D06,3.59875,"Research energy production, use, or conservation.",4.A.1.a.1.I20.D06,Research,0.616474756421612,0.491585473870682,0.594331266607617,0.79273693534101,Not Community,Others
4.A.1.a.1.I20.D07,0.0621382118163256,0.0233923574618294,0.0183846940745823,0.0390289594879401,0.00472455825380327,Research human performance or health factors related to engineering or design activities.,4.A.1.a.1.I20.D07,6.57551009964734,Research human performance or health factors related to engineering or design activities.,4.A.1.a.1.I20.D07,3.44617647058824,Research human performance or health factors related to engineering or design activities.,4.A.1.a.1.I20.D07,Research,0.766164747564216,0.608503100088574,0.37466784765279,0.855624446412755,Not Community,Others
4.A.1.a.1.I20.D08,0.0122222267870128,0.0166296380060399,0.00154061682189237,0.00410831152504632,0.00657329844007411,Research new technologies.,4.A.1.a.1.I20.D08,6.19077929590278,Research new technologies.,4.A.1.a.1.I20.D08,3.37363636363636,Research new technologies.,4.A.1.a.1.I20.D08,Research,0.442869796279894,0.537643932683791,0.286979627989371,0.325066430469442,Not Community,Others
4.A.1.a.1.I20.D09,0.00154061682189237,0,0,0,0.00154061682189237,Research product safety.,4.A.1.a.1.I20.D09,6.62519690500178,Research product safety.,4.A.1.a.1.I20.D09,3.57,Research product safety.,4.A.1.a.1.I20.D09,Research,0.0150575730735164,0.163861824623561,0.561558901682905,0.930912311780337,Not Community,Others
4.A.1.a.1.I20.D10,0.0755929320608523,0.055321262433426,0.0121195189988866,0.055256790011873,0.00821662305009264,Research methods to improve food products.,4.A.1.a.1.I20.D10,6.34420596249268,Research methods to improve food products.,4.A.1.a.1.I20.D10,3.6765,Research methods to improve food products.,4.A.1.a.1.I20.D10,Research,0.79362267493357,0.762621789193977,0.691762621789194,0.45969884853853,Not Community,Others
4.A.1.a.1.I21.D01,0.00482726604192943,0,0,0,0.00482726604192943,Investigate accidents to determine causes.,4.A.1.a.1.I21.D01,5.82481004256511,Investigate accidents to determine causes.,4.A.1.a.1.I21.D01,4.22333333333333,Investigate accidents to determine causes.,4.A.1.a.1.I21.D01,Investigate,0.236492471213463,0.163861824623561,0.961027457927369,0.149689991142604,Not Community,Others
4.A.1.a.1.I22.D01,0.0063678828638218,0.0138580316716999,0,0.00308123364378474,0.00328664922003706,"Investigate system, equipment, or product failures.",4.A.1.a.1.I22.D01,6.36638683566764,"Investigate system, equipment, or product failures.",4.A.1.a.1.I22.D01,3.713125,"Investigate system, equipment, or product failures.",4.A.1.a.1.I22.D01,Investigate,0.29317980513729,0.507528786536758,0.737821080602303,0.495128432240921,Not Community,Others
4.A.1.a.1.I23.D01,0.0420074853435986,0.0110864253373599,0.0120168112107605,0.016227830523933,0.0137628436089052,"Interview employees, customers, or others to collect information.",4.A.1.a.1.I23.D01,6.5456699965427,"Interview employees, customers, or others to collect information.",4.A.1.a.1.I23.D01,3.4827358490566,"Interview employees, customers, or others to collect information.",4.A.1.a.1.I23.D01,Interview,0.699734278122232,0.476527900797166,0.430469441984057,0.810451727192205,Community,Nonprofit
4.A.1.a.1.I23.D04,0.0336881545053798,0.0578711402610188,0.00421101931317248,0.0272175638534319,0.00225957133877548,Interview people to obtain information about actions or status of individuals.,4.A.1.a.1.I23.D04,5.98616708369502,Interview people to obtain information about actions or status of individuals.,4.A.1.a.1.I23.D04,4.14785714285714,Interview people to obtain information about actions or status of individuals.,4.A.1.a.1.I23.D04,Interview,0.661647475642161,0.772364924712135,0.945969884853853,0.213463241806909,Not Community,Others
4.A.1.a.1.I23.D06,0.00996265544823733,0.00676271945578955,0.00154061682189237,0.00626517507569564,0.00215686355064932,Interview patients to gather medical information.,4.A.1.a.1.I23.D06,5.74012434333725,Interview patients to gather medical information.,4.A.1.a.1.I23.D06,3.51,Interview patients to gather medical information.,4.A.1.a.1.I23.D06,Interview,0.388839681133747,0.378210806023029,0.464127546501329,0.110717449069973,Not Community,Others
4.A.1.a.1.I23.D08,0.00564892834693869,0.0106429683238655,0.001951447974397,0.00164332461001853,0.00205415576252316,"Interview clients to gather information about their backgrounds, needs, or progress.",4.A.1.a.1.I23.D08,6.44003687270682,"Interview clients to gather information about their backgrounds, needs, or progress.",4.A.1.a.1.I23.D08,3.33571428571429,"Interview clients to gather information about their backgrounds, needs, or progress.",4.A.1.a.1.I23.D08,Interview,0.270150575730735,0.466784765279008,0.25155004428698,0.62356067316209,Community,Nonprofit
4.A.1.a.2.I01.D06,0.00236227912690163,0.00654099094904235,0,0,0.00236227912690163,Observe equipment in operation to detect potential problems.,4.A.1.a.2.I01.D06,5.61091281549906,Observe equipment in operation to detect potential problems.,4.A.1.a.2.I01.D06,3.60236842105263,Observe equipment in operation to detect potential problems.,4.A.1.a.2.I01.D06,Observe,0.110717449069973,0.37378210806023,0.599645704162976,0.0327723649247121,Not Community,Others
4.A.1.a.2.I01.D07,0.00164332461001853,0,0,0,0.00164332461001853,Watch operating equipment to detect malfunctions.,4.A.1.a.2.I01.D07,5.69623677079092,Watch operating equipment to detect malfunctions.,4.A.1.a.2.I01.D07,3.8586,Watch operating equipment to detect malfunctions.,4.A.1.a.2.I01.D07,Watch,0.0380868024800709,0.163861824623561,0.866253321523472,0.0788308237378211,Not Community,Others
4.A.1.a.2.I02.D01,0.00410831152504632,0.00343679185458158,0,0.00154061682189237,0.00256769470315395,Monitor industrial energy consumption or management.,4.A.1.a.2.I02.D01,6.60982645484791,Monitor industrial energy consumption or management.,4.A.1.a.2.I02.D01,3.46,Monitor industrial energy consumption or management.,4.A.1.a.2.I02.D01,Monitor,0.205491585473871,0.278122232063773,0.390611160318866,0.913197519929141,Not Community,Others
4.A.1.a.2.I02.D02,0.00225957133877548,0,0,0,0.00225957133877548,Monitor facilities or operational systems.,4.A.1.a.2.I02.D02,6.2347233721521,Monitor facilities or operational systems.,4.A.1.a.2.I02.D02,3.47,Monitor facilities or operational systems.,4.A.1.a.2.I02.D02,Monitor,0.102745792736935,0.163861824623561,0.409211691762622,0.357838795394154,Not Community,Others
4.A.1.a.2.I02.D05,0.00616246728756948,0,0.001951447974397,0.00246498691502779,0.00174603239814469,Monitor organizational procedures to ensure proper functioning.,4.A.1.a.2.I02.D05,6.43888326354842,Monitor organizational procedures to ensure proper functioning.,4.A.1.a.2.I02.D05,3.73,Monitor organizational procedures to ensure proper functioning.,4.A.1.a.2.I02.D05,Monitor,0.286979627989371,0.163861824623561,0.758193091231178,0.618246235606732,Not Community,Others
4.A.1.a.2.I02.D06,0.0138655513970313,0.00831481900301994,0.00338935700816321,0.00985994766011117,0.000616246728756948,Monitor construction operations.,4.A.1.a.2.I02.D06,5.808499894887,Monitor construction operations.,4.A.1.a.2.I02.D06,3.65875,Monitor construction operations.,4.A.1.a.2.I02.D06,Monitor,0.480070859167405,0.412754650132861,0.669619131975199,0.141718334809566,Not Community,Others
4.A.1.a.2.I02.D10,0.0927451326779207,0.0543234841530636,0.0348179401747676,0.053305342037476,0.00462185046567711,Track goods or materials.,4.A.1.a.2.I02.D10,6.42590243440112,Track goods or materials.,4.A.1.a.2.I02.D10,3.49035714285714,Track goods or materials.,4.A.1.a.2.I02.D10,Track,0.829937998228521,0.759964570416298,0.435783879539415,0.596102745792737,Not Community,Others
4.A.1.a.2.I02.D16,0.00256769470315395,0,0.00256769470315395,0,0,Monitor operational procedures in technical environments to ensure conformance to standards.,4.A.1.a.2.I02.D16,6.23491921947996,Monitor operational procedures in technical environments to ensure conformance to standards.,4.A.1.a.2.I02.D16,3.985625,Monitor operational procedures in technical environments to ensure conformance to standards.,4.A.1.a.2.I02.D16,Monitor,0.127546501328609,0.163861824623561,0.909654561558902,0.358724534986714,Not Community,Others
4.A.1.a.2.I03.D03,0.00729225295695722,0.00953432579012953,0.00154061682189237,0.0051353894063079,0.000616246728756948,Monitor sales activities.,4.A.1.a.2.I03.D03,6.37356557893174,Monitor sales activities.,4.A.1.a.2.I03.D03,3.415,Monitor sales activities.,4.A.1.a.2.I03.D03,Monitor,0.317980513728964,0.441098317094774,0.337466784765279,0.505757307351639,Not Community,Others
4.A.1.a.2.I03.D04,0.00174603239814469,0.00321506334783438,0,0,0.00174603239814469,Monitor flow of cash or other resources.,4.A.1.a.2.I03.D04,6.43966028194862,Monitor flow of cash or other resources.,4.A.1.a.2.I03.D04,3.61944444444445,Monitor flow of cash or other resources.,4.A.1.a.2.I03.D04,Monitor,0.0531443755535872,0.268379096545616,0.619131975199291,0.621789193976971,Not Community,Others
4.A.1.a.2.I03.D05,0.00564892834693869,0.00454543438831757,0.00256769470315395,0.00154061682189237,0.00154061682189237,Monitor financial indicators.,4.A.1.a.2.I03.D05,6.62446925495732,Monitor financial indicators.,4.A.1.a.2.I03.D05,3.143,Monitor financial indicators.,4.A.1.a.2.I03.D05,Monitor,0.270150575730735,0.310894596988485,0.111603188662533,0.930026572187777,Community,Nonprofit
4.A.1.a.2.I03.D06,0.0168440772526899,0.00498889140181197,0.00790849968571417,0.00369748037254169,0.00523809719443406,Monitor business indicators.,4.A.1.a.2.I03.D06,6.65925233836751,Monitor business indicators.,4.A.1.a.2.I03.D06,3.14583333333333,Monitor business indicators.,4.A.1.a.2.I03.D06,Monitor,0.526129317980514,0.325066430469442,0.113374667847653,0.972542072630647,Not Community,Others
4.A.1.a.2.I05.D01,0.0152007526426714,0.0221728506747198,0,0.0051353894063079,0.0100653632363635,Monitor patient progress or responses to treatments.,4.A.1.a.2.I05.D01,6.09295771733639,Monitor patient progress or responses to treatments.,4.A.1.a.2.I05.D01,3.81865384615385,Monitor patient progress or responses to treatments.,4.A.1.a.2.I05.D01,Monitor,0.49867139061116,0.595217006200177,0.840566873339238,0.259521700620018,Not Community,Others
4.A.1.a.2.I05.D02,0.010373486600742,0.0105321040704919,0.00277311027940627,0.00277311027940627,0.00482726604192943,Monitor clients to evaluate treatment progress.,4.A.1.a.2.I05.D02,6.44620229587799,Monitor clients to evaluate treatment progress.,4.A.1.a.2.I05.D02,3.25033333333333,Monitor clients to evaluate treatment progress.,4.A.1.a.2.I05.D02,Monitor,0.398582816651904,0.463241806908769,0.173604960141718,0.634189548272808,Community,Nonprofit
4.A.1.a.2.I05.D05,0.0051353894063079,0.00521061990855916,0,0.00359477258441553,0.00154061682189237,Monitor health or behavior of people or animals.,4.A.1.a.2.I05.D05,5.77946876206665,Monitor health or behavior of people or animals.,4.A.1.a.2.I05.D05,3.369,Monitor health or behavior of people or animals.,4.A.1.a.2.I05.D05,Monitor,0.246235606731621,0.335695305580159,0.284322409211692,0.129317980513729,Community,Nonprofit
4.A.1.a.2.I05.D06,0.00154061682189237,0,0,0,0.00154061682189237,Monitor patients to detect health problems.,4.A.1.a.2.I05.D06,5.73597760415034,Monitor patients to detect health problems.,4.A.1.a.2.I05.D06,3.78642857142857,Monitor patients to detect health problems.,4.A.1.a.2.I05.D06,Monitor,0.0150575730735164,0.163861824623561,0.817537643932684,0.108945969884854,Not Community,Others
4.A.1.a.2.I05.D07,0.00328664922003706,0.00221728506747198,0,0.00267040249128011,0.000616246728756948,"Monitor patient conditions during treatments, procedures, or activities.",4.A.1.a.2.I05.D07,6.01241938237323,"Monitor patient conditions during treatments, procedures, or activities.",4.A.1.a.2.I05.D07,4.41716666666667,"Monitor patient conditions during treatments, procedures, or activities.",4.A.1.a.2.I05.D07,Monitor,0.169176262178919,0.214348981399469,0.987599645704163,0.223206377325066,Not Community,Others
4.A.1.a.2.I05.D08,0.00174603239814469,0.00875827601651434,0,0,0.00174603239814469,Monitor nutrition related activities of individuals or groups.,4.A.1.a.2.I05.D08,6.17995871435254,Monitor nutrition related activities of individuals or groups.,4.A.1.a.2.I05.D08,3.365,Monitor nutrition related activities of individuals or groups.,4.A.1.a.2.I05.D08,Monitor,0.0531443755535872,0.423383525243578,0.281665190434012,0.311780336581045,Community,Nonprofit
4.A.1.a.2.I06.D01,0.00154061682189237,0.00277160633433998,0,0,0.00154061682189237,Monitor performance of organizational members or partners.,4.A.1.a.2.I06.D01,6.43982750518051,Monitor performance of organizational members or partners.,4.A.1.a.2.I06.D01,3.38526315789474,Monitor performance of organizational members or partners.,4.A.1.a.2.I06.D01,Monitor,0.0150575730735164,0.255093002657219,0.302037201062888,0.622674933569531,Community,Nonprofit
4.A.1.a.2.I06.D03,0.375705088965486,0.224610977334912,0.136190527055286,0.228627536368828,0.0108870255413728,Monitor student performance.,4.A.1.a.2.I06.D03,6.38184502628506,Monitor student performance.,4.A.1.a.2.I06.D03,3.06435185185185,Monitor student performance.,4.A.1.a.2.I06.D03,Monitor,0.945969884853853,0.914083259521701,0.0522586359610275,0.519929140832595,Not Community,Others
4.A.1.a.2.I06.D07,0.0193090641677177,0.00509975565518557,0.0139682591851575,0.00246498691502779,0.00287581806753243,"Monitor student behavior, social development, or health.",4.A.1.a.2.I06.D07,6.35136337746252,"Monitor student behavior, social development, or health.",4.A.1.a.2.I06.D07,3.04875,"Monitor student behavior, social development, or health.",4.A.1.a.2.I06.D07,Monitor,0.559787422497786,0.330380868024801,0.0478299379982285,0.469441984056687,Not Community,Others
4.A.1.a.2.I07.D06,0.00215686355064932,0,0,0,0.00215686355064932,Monitor work areas to provide security.,4.A.1.a.2.I07.D06,6.00036144840624,Monitor work areas to provide security.,4.A.1.a.2.I07.D06,3.405,Monitor work areas to provide security.,4.A.1.a.2.I07.D06,Monitor,0.0965456155890168,0.163861824623561,0.324180690876882,0.219663418954827,Not Community,Others
4.A.1.a.2.I08.D01,0.0759010554252308,0.0599775610751172,0.0169467850408161,0.0434453943773648,0.0155088760070499,Monitor market conditions or trends.,4.A.1.a.2.I08.D01,6.52619949636192,Monitor market conditions or trends.,4.A.1.a.2.I08.D01,3.66666666666667,Monitor market conditions or trends.,4.A.1.a.2.I08.D01,Monitor,0.794508414526129,0.780336581045173,0.681133746678477,0.766164747564216,Not Community,Others
4.A.1.a.2.I08.D02,0.302063604879031,0.0675163303045219,0.0842203862634496,0.192577102736546,0.0252661158790349,Monitor current trends.,4.A.1.a.2.I08.D02,6.02449360820491,Monitor current trends.,4.A.1.a.2.I08.D02,3.30217391304348,Monitor current trends.,4.A.1.a.2.I08.D02,Monitor,0.931798051372896,0.794508414526129,0.215234720992028,0.228520814880425,Not Community,Others
4.A.1.a.2.I08.D03,0.00626517507569564,0.00964519004350313,0.00154061682189237,0.00256769470315395,0.00215686355064932,Monitor external affairs or events affecting business operations.,4.A.1.a.2.I08.D03,6.65199067130929,Monitor external affairs or events affecting business operations.,4.A.1.a.2.I08.D03,3.63166666666667,Monitor external affairs or events affecting business operations.,4.A.1.a.2.I08.D03,Monitor,0.289636846767051,0.444641275465013,0.634189548272808,0.961027457927369,Not Community,Others
4.A.1.a.2.I10.D01,0.0225957133877548,0.0256096425293014,0.00554622055881253,0.012324934575139,0.00472455825380327,Monitor the security of digital information.,4.A.1.a.2.I10.D01,6.55520671884684,Monitor the security of digital information.,4.A.1.a.2.I10.D01,3.56,Monitor the security of digital information.,4.A.1.a.2.I10.D01,Monitor,0.589902568644818,0.627989371124889,0.546501328609389,0.825509300265722,Not Community,Others
4.A.1.a.2.I10.D02,0.0229038367521332,0.0256096425293014,0.00492997383005559,0.00975723987198501,0.00821662305009264,Monitor the performance of computer networks.,4.A.1.a.2.I10.D02,6.36126342513963,Monitor the performance of computer networks.,4.A.1.a.2.I10.D02,3.776,Monitor the performance of computer networks.,4.A.1.a.2.I10.D02,Monitor,0.594331266607617,0.627989371124889,0.806023029229407,0.484499557130204,Not Community,Others
4.A.1.a.2.I10.D03,0.306069208615951,0.0454543438831757,0.143380072224117,0.156013130163634,0.00667600622820027,Monitor computer system performance to ensure proper operation.,4.A.1.a.2.I10.D03,6.48558419010847,Monitor computer system performance to ensure proper operation.,4.A.1.a.2.I10.D03,3.536,Monitor computer system performance to ensure proper operation.,4.A.1.a.2.I10.D03,Monitor,0.934455270150576,0.730735163861825,0.513728963684677,0.689991142604074,Not Community,Others
4.A.1.a.2.I11.D02,0.0044164348894248,0.00199555656072479,0,0,0.0044164348894248,Inspect products or operations to ensure that standards are met.,4.A.1.a.2.I11.D02,5.97045245653807,Inspect products or operations to ensure that standards are met.,4.A.1.a.2.I11.D02,3.82444444444444,Inspect products or operations to ensure that standards are met.,4.A.1.a.2.I11.D02,Inspect,0.221434898139947,0.201062887511072,0.844995571302037,0.205491585473871,Not Community,Others
4.A.1.a.2.I11.D03,0.00862745420259728,0.00321506334783438,0.00359477258441553,0.00349206479628937,0.00154061682189237,Monitor operations to ensure compliance with safety or security policies or regulations.,4.A.1.a.2.I11.D03,6.11800672002403,Monitor operations to ensure compliance with safety or security policies or regulations.,4.A.1.a.2.I11.D03,3.9,Monitor operations to ensure compliance with safety or security policies or regulations.,4.A.1.a.2.I11.D03,Monitor,0.351638618246236,0.268379096545616,0.882196634189548,0.271922054915855,Not Community,Others
4.A.1.a.2.I11.D04,0.0389262516998139,0.0252770497691806,0.0138655513970313,0.0190009408033392,0.00605975949944332,Monitor organizational compliance with regulations.,4.A.1.a.2.I11.D04,6.37612952800549,Monitor organizational compliance with regulations.,4.A.1.a.2.I11.D04,3.55,Monitor organizational compliance with regulations.,4.A.1.a.2.I11.D04,Monitor,0.686448184233835,0.62444641275465,0.531443755535872,0.509300265721878,Not Community,Others
4.A.1.a.2.I11.D06,0.00308123364378474,0,0,0,0.00308123364378474,Monitor processes for compliance with standards.,4.A.1.a.2.I11.D06,6.29377693186993,Monitor processes for compliance with standards.,4.A.1.a.2.I11.D06,3.57142857142857,Monitor processes for compliance with standards.,4.A.1.a.2.I11.D06,Monitor,0.156775907883082,0.163861824623561,0.566873339238264,0.410983170947741,Not Community,Others
4.A.1.a.2.I11.D07,0.0134547202445267,0.0105321040704919,0.00287581806753242,0.00544351277068638,0.0051353894063079,Evaluate personnel practices to ensure adherence to regulations.,4.A.1.a.2.I11.D07,6.66918231291313,Evaluate personnel practices to ensure adherence to regulations.,4.A.1.a.2.I11.D07,3.47666666666667,Evaluate personnel practices to ensure adherence to regulations.,4.A.1.a.2.I11.D07,Evaluate,0.468556244464128,0.463241806908769,0.41806908768822,0.984056687333924,Not Community,Others
4.A.1.a.2.I11.D09,0.0163305383120591,0.00443457013494397,0.00462185046567711,0.0095518242957327,0.00215686355064932,Evaluate construction projects to determine compliance with external standards or regulations.,4.A.1.a.2.I11.D09,5.9754917833432,Evaluate construction projects to determine compliance with external standards or regulations.,4.A.1.a.2.I11.D09,3.83611111111111,Evaluate construction projects to determine compliance with external standards or regulations.,4.A.1.a.2.I11.D09,Evaluate,0.516386182462356,0.307351638618246,0.851195748449956,0.20903454384411,Not Community,Others
4.A.1.a.2.I11.D10,0.0477591214786635,0.027383470583279,0.0184874018627084,0.0239309146333948,0.00534080498256022,Determine operational compliance with regulations or standards.,4.A.1.a.2.I11.D10,6.4808196364735,Determine operational compliance with regulations or standards.,4.A.1.a.2.I11.D10,3.46666666666667,Determine operational compliance with regulations or standards.,4.A.1.a.2.I11.D10,Determine,0.728077945084145,0.636846767050487,0.405668733392383,0.683790965456156,Not Community,Others
4.A.1.a.2.I11.D11,0.00934640871948038,0.00842568325639354,0.00256769470315395,0.00657329844007411,0.000205415576252316,Monitor medical facility activities to ensure adherence to standards or regulations.,4.A.1.a.2.I11.D11,6.35226326709889,Monitor medical facility activities to ensure adherence to standards or regulations.,4.A.1.a.2.I11.D11,3.7325,Monitor medical facility activities to ensure adherence to standards or regulations.,4.A.1.a.2.I11.D11,Monitor,0.365810451727192,0.4162976085031,0.761736049601417,0.472984942426927,Not Community,Others
4.A.1.b.1.I02.D01,0.00338935700816322,0.00166296380060399,0,0,0.00338935700816322,Identify opportunities for green initiatives.,4.A.1.b.1.I02.D01,6.60856174525767,Identify opportunities for green initiatives.,4.A.1.b.1.I02.D01,3.273125,Identify opportunities for green initiatives.,4.A.1.b.1.I02.D01,Identify,0.170947741364039,0.174490699734278,0.193091231178034,0.910540301151461,Not Community,Others
4.A.1.b.1.I02.D02,0.0477591214786635,0.082150411749837,0.015611583795176,0.0241363302096471,0.00801120747384033,Identify potential customers.,4.A.1.b.1.I02.D02,6.48655970689306,Identify potential customers.,4.A.1.b.1.I02.D02,3.23482142857143,Identify potential customers.,4.A.1.b.1.I02.D02,Identify,0.728077945084145,0.814880425155005,0.162090345438441,0.690876882196634,Not Community,Others
4.A.1.b.1.I02.D03,0.14194216319035,0.123059321244695,0.0530999264612237,0.0820635227128003,0.00677871401632643,Identify investment opportunities or strategies.,4.A.1.b.1.I02.D03,6.57122617554705,Identify investment opportunities or strategies.,4.A.1.b.1.I02.D03,4.10863636363636,Identify investment opportunities or strategies.,4.A.1.b.1.I02.D03,Identify,0.882196634189548,0.865367581930912,0.937112488928255,0.847652790079717,Not Community,Others
4.A.1.b.1.I02.D04,0.00985994766011117,0.0206207511274895,0.00246498691502779,0.00215686355064932,0.00523809719443406,Identify strategic business investment opportunities.,4.A.1.b.1.I02.D04,6.62112695118795,Identify strategic business investment opportunities.,4.A.1.b.1.I02.D04,3.405625,Identify strategic business investment opportunities.,4.A.1.b.1.I02.D04,Identify,0.386182462356067,0.579273693534101,0.325066430469442,0.927369353410097,Not Community,Others
4.A.1.b.1.I02.D05,0.00811391526196648,0.00343679185458158,0,0.00246498691502779,0.00564892834693869,Identify new applications for existing technologies.,4.A.1.b.1.I02.D05,6.37356126117313,Identify new applications for existing technologies.,4.A.1.b.1.I02.D05,3.70357142857143,Identify new applications for existing technologies.,4.A.1.b.1.I02.D05,Identify,0.338352524357839,0.278122232063773,0.722763507528787,0.504871567759079,Not Community,Others
4.A.1.b.1.I02.D06,0.00421101931317248,0,0,0,0.00421101931317248,Identify opportunities to improve operational efficiency.,4.A.1.b.1.I02.D06,6.4190368429702,Identify opportunities to improve operational efficiency.,4.A.1.b.1.I02.D06,3.23266666666667,Identify opportunities to improve operational efficiency.,4.A.1.b.1.I02.D06,Identify,0.212577502214349,0.163861824623561,0.159433126660762,0.58281665190434,Not Community,Others
4.A.1.b.1.I02.D07,0.00410831152504632,0,0,0,0.00410831152504632,Identify sustainable business practices.,4.A.1.b.1.I02.D07,6.46517059550291,Identify sustainable business practices.,4.A.1.b.1.I02.D07,3.2725,Identify sustainable business practices.,4.A.1.b.1.I02.D07,Identify,0.205491585473871,0.163861824623561,0.191319751992914,0.658104517271922,Not Community,Others
4.A.1.b.2.I01.D02,0.00277311027940627,0,0,0,0.00277311027940627,Administer screening tests to determine abilities or treatment needs.,4.A.1.b.2.I01.D02,5.97601302231092,Administer screening tests to determine abilities or treatment needs.,4.A.1.b.2.I01.D02,3.24625,Administer screening tests to determine abilities or treatment needs.,4.A.1.b.2.I01.D02,Administer,0.140832595217006,0.163861824623561,0.170947741364039,0.20992028343667,Not Community,Others
4.A.1.b.2.I01.D08,0.00369748037254169,0.00898000452326154,0,0,0.00369748037254169,Test biological specimens to gather information about patient conditions.,4.A.1.b.2.I01.D08,6.07880569456633,Test biological specimens to gather information about patient conditions.,4.A.1.b.2.I01.D08,4.29966666666667,Test biological specimens to gather information about patient conditions.,4.A.1.b.2.I01.D08,Test,0.192205491585474,0.426040744021258,0.975199291408326,0.24977856510186,Not Community,Others
4.A.1.b.2.I02.D01,0.00246498691502779,0,0,0,0.00246498691502779,Test green technologies or processes.,4.A.1.b.2.I02.D01,6.37249576206559,Test green technologies or processes.,4.A.1.b.2.I02.D01,3.4814,Test green technologies or processes.,4.A.1.b.2.I02.D01,Test,0.122232063773251,0.163861824623561,0.426926483613818,0.50132860938884,Not Community,Others
4.A.1.b.2.I02.D02,0.00256769470315395,0.0231706289550822,0,0,0.00256769470315395,Test green technology installations to verify performance.,4.A.1.b.2.I02.D02,5.67116295751258,Test green technology installations to verify performance.,4.A.1.b.2.I02.D02,3.87142857142857,Test green technology installations to verify performance.,4.A.1.b.2.I02.D02,Test,0.127546501328609,0.605845881310895,0.87422497785651,0.0593445527015058,Not Community,Others
4.A.1.b.2.I03.D01,0.00554622055881253,0.00798222624289914,0.00205415576252316,0.00246498691502779,0.00102707788126158,"Test materials, solutions, or samples.",4.A.1.b.2.I03.D01,5.73809371662526,"Test materials, solutions, or samples.",4.A.1.b.2.I03.D01,3.78,"Test materials, solutions, or samples.",4.A.1.b.2.I03.D01,Test,0.263950398582817,0.404782993799823,0.809565987599646,0.109831709477414,Not Community,Others
4.A.1.b.2.I03.D03,0.179019674703893,0.0147449456986887,0.0885341133647482,0.0821662305009264,0.0083193308382188,Analyze test results.,4.A.1.b.2.I03.D03,5.9026128247119,Analyze test results.,4.A.1.b.2.I03.D03,4.079,Analyze test results.,4.A.1.b.2.I03.D03,Analyze,0.898139946855624,0.523472099202834,0.931798051372896,0.180690876882197,Not Community,Others
4.A.1.b.2.I03.D04,0.391419380548788,0.10166252034359,0.124892670361408,0.251325957544709,0.0152007526426714,Test characteristics of materials or structures.,4.A.1.b.2.I03.D04,6.31096512569782,Test characteristics of materials or structures.,4.A.1.b.2.I03.D04,3.785,Test characteristics of materials or structures.,4.A.1.b.2.I03.D04,Test,0.948627103631532,0.839681133746679,0.814880425155005,0.430469441984057,Not Community,Others
4.A.1.b.2.I03.D05,0.00564892834693869,0,0,0.00236227912690163,0.00328664922003706,Test chemical or physical characteristics of materials or products.,4.A.1.b.2.I03.D05,5.6985278744523,Test chemical or physical characteristics of materials or products.,4.A.1.b.2.I03.D05,3.80875,Test chemical or physical characteristics of materials or products.,4.A.1.b.2.I03.D05,Test,0.270150575730735,0.163861824623561,0.83525243578388,0.0797165633303809,Not Community,Others
4.A.1.b.2.I03.D06,0.00801120747384033,0.00543234841530636,0,0.00421101931317248,0.00380018816066785,Test fluids to identify contamination or other problems.,4.A.1.b.2.I03.D06,5.71572047688406,Test fluids to identify contamination or other problems.,4.A.1.b.2.I03.D06,4.165,Test fluids to identify contamination or other problems.,4.A.1.b.2.I03.D06,Test,0.337466784765279,0.343666961913198,0.950398582816652,0.0938883968113375,Not Community,Others
4.A.1.b.2.I03.D07,0.0107843177532466,0.00776049773615195,0,0.00482726604192943,0.00595705171131717,Test quality of materials or finished products.,4.A.1.b.2.I03.D07,6.28290807301597,Test quality of materials or finished products.,4.A.1.b.2.I03.D07,3.84264705882353,Test quality of materials or finished products.,4.A.1.b.2.I03.D07,Test,0.409211691762622,0.396811337466785,0.856510186005315,0.402125775022143,Not Community,Others
4.A.1.b.2.I04.D01,0.00975723987198501,0.00654099094904235,0.00154061682189237,0.00626517507569564,0.001951447974397,Inspect motor vehicles.,4.A.1.b.2.I04.D01,5.70540369921243,Inspect motor vehicles.,4.A.1.b.2.I04.D01,3.7946875,Inspect motor vehicles.,4.A.1.b.2.I04.D01,Inspect,0.379096545615589,0.37378210806023,0.822852081488043,0.0868024800708592,Not Community,Others
4.A.1.b.2.I04.D02,0.0105789021769943,0,0.00297852585565858,0.00308123364378474,0.00451914267755095,Inspect mechanical components of vehicles to identify problems.,4.A.1.b.2.I04.D02,5.57368937254759,Inspect mechanical components of vehicles to identify problems.,4.A.1.b.2.I04.D02,3.724,Inspect mechanical components of vehicles to identify problems.,4.A.1.b.2.I04.D02,Inspect,0.401240035429584,0.163861824623561,0.75022143489814,0.0203720106288751,Not Community,Others
4.A.1.b.2.I05.D01,0.00369748037254169,0.00266074208096638,0,0.001951447974397,0.00174603239814469,Inspect work sites to determine condition or necessary repairs.,4.A.1.b.2.I05.D01,5.41180525368371,Inspect work sites to determine condition or necessary repairs.,4.A.1.b.2.I05.D01,3.435,Inspect work sites to determine condition or necessary repairs.,4.A.1.b.2.I05.D01,Inspect,0.192205491585474,0.246235606731621,0.362267493356953,0.00531443755535872,Not Community,Others
4.A.1.b.2.I05.D05,0.00154061682189237,0,0,0,0.00154061682189237,Inspect work environments to ensure safety.,4.A.1.b.2.I05.D05,6.24815317326857,Inspect work environments to ensure safety.,4.A.1.b.2.I05.D05,3.75357142857143,Inspect work environments to ensure safety.,4.A.1.b.2.I05.D05,Inspect,0.0150575730735164,0.163861824623561,0.786536758193091,0.364924712134632,Not Community,Others
4.A.1.b.2.I05.D08,0.0070868373807049,0.00609753393554796,0.00184874018627084,0.00297852585565858,0.00225957133877548,Inspect facilities or equipment to ensure specifications are met.,4.A.1.b.2.I05.D08,6.32212836992125,Inspect facilities or equipment to ensure specifications are met.,4.A.1.b.2.I05.D08,3.288,Inspect facilities or equipment to ensure specifications are met.,4.A.1.b.2.I05.D08,Inspect,0.315323294951284,0.359610274579274,0.201948627103632,0.440212577502214,Not Community,Others
4.A.1.b.2.I05.D12,0.00390289594879401,0.00399111312144957,0,0,0.00390289594879401,Inspect facilities or sites to determine if they meet specifications or standards.,4.A.1.b.2.I05.D12,6.4887458882461,Inspect facilities or sites to determine if they meet specifications or standards.,4.A.1.b.2.I05.D12,3.66439393939394,Inspect facilities or sites to determine if they meet specifications or standards.,4.A.1.b.2.I05.D12,Inspect,0.197519929140833,0.294065544729849,0.677590788308237,0.695305580159433,Not Community,Others
4.A.1.b.2.I05.D14,0.00205415576252316,0.00399111312144957,0,0,0.00205415576252316,Inspect facilities for cleanliness.,4.A.1.b.2.I05.D14,5.7529072561463,Inspect facilities for cleanliness.,4.A.1.b.2.I05.D14,3.72857142857143,Inspect facilities for cleanliness.,4.A.1.b.2.I05.D14,Inspect,0.0814880425155005,0.294065544729849,0.754650132860939,0.116031886625332,Not Community,Others
4.A.1.b.2.I06.D05,0.00174603239814469,0,0,0,0.00174603239814469,"Inspect metal, plastic, or composite products.",4.A.1.b.2.I06.D05,5.60172524910868,"Inspect metal, plastic, or composite products.",4.A.1.b.2.I06.D05,3.728,"Inspect metal, plastic, or composite products.",4.A.1.b.2.I06.D05,Inspect,0.0531443755535872,0.163861824623561,0.753764393268379,0.0274579273693534,Not Community,Others
4.A.1.b.2.I06.D11,0.00451914267755095,0.00465629864169117,0.00184874018627084,0,0.00267040249128011,Inspect items for damage or defects.,4.A.1.b.2.I06.D11,6.10168399941566,Inspect items for damage or defects.,4.A.1.b.2.I06.D11,3.415,Inspect items for damage or defects.,4.A.1.b.2.I06.D11,Inspect,0.224977856510186,0.317094774136404,0.335695305580159,0.263064658990257,Not Community,Others
4.A.1.b.2.I06.D12,0.00338935700816322,0,0,0.001951447974397,0.00143790903376621,Check quality of foods or supplies.,4.A.1.b.2.I06.D12,5.79875405780364,Check quality of foods or supplies.,4.A.1.b.2.I06.D12,3.189,Check quality of foods or supplies.,4.A.1.b.2.I06.D12,Check,0.178033658104517,0.163861824623561,0.132860938883968,0.137289636846767,Not Community,Others
4.A.1.b.2.I06.D16,0.0196171875320962,0.0181817375532703,0.00595705171131717,0.00677871401632643,0.00688142180445259,Inspected printed materials or other images to verify quality.,4.A.1.b.2.I06.D16,5.9190496002625,Inspected printed materials or other images to verify quality.,4.A.1.b.2.I06.D16,3.61058823529412,Inspected printed materials or other images to verify quality.,4.A.1.b.2.I06.D16,Inspected,0.567759078830824,0.556244464127547,0.610274579273694,0.186891054030115,Not Community,Others
4.A.1.b.2.I06.D17,0.0044164348894248,0.00376938461470237,0,0.00215686355064932,0.00225957133877548,Inspect completed work to ensure proper installation.,4.A.1.b.2.I06.D17,5.44078677518616,Inspect completed work to ensure proper installation.,4.A.1.b.2.I06.D17,3.52235294117647,Inspect completed work to ensure proper installation.,4.A.1.b.2.I06.D17,Inspect,0.221434898139947,0.289636846767051,0.486271036315323,0.00797165633303809,Not Community,Others
4.A.1.b.2.I07.D03,0.00975723987198501,0.00631926244229516,0.00225957133877548,0.00503268161818174,0.00246498691502779,Inspect systems to determine if they are operating properly.,4.A.1.b.2.I07.D03,5.63299648030535,Inspect systems to determine if they are operating properly.,4.A.1.b.2.I07.D03,3.73066666666667,Inspect systems to determine if they are operating properly.,4.A.1.b.2.I07.D03,Inspect,0.379096545615589,0.364924712134632,0.759964570416298,0.0398582816651904,Not Community,Others
4.A.1.b.2.I07.D08,0.0601867638419286,0.022394579181467,0.01817927849833,0.033174615564749,0.00883286977884959,Inspect electrical or electronic systems for defects.,4.A.1.b.2.I07.D08,5.61157072780055,Inspect electrical or electronic systems for defects.,4.A.1.b.2.I07.D08,3.9514,Inspect electrical or electronic systems for defects.,4.A.1.b.2.I07.D08,Inspect,0.760850310008857,0.596988485385297,0.898139946855624,0.0336581045172719,Not Community,Others
4.A.1.b.2.I07.D09,0.00729225295695722,0.00665185520241595,0.00154061682189237,0.00462185046567711,0.00112978566938774,Conduct validation tests of equipment or processes.,4.A.1.b.2.I07.D09,6.47207034982395,Conduct validation tests of equipment or processes.,4.A.1.b.2.I07.D09,3.64823529411765,Conduct validation tests of equipment or processes.,4.A.1.b.2.I07.D09,Conduct,0.317980513728964,0.377325066430469,0.653675819309123,0.674047829937998,Not Community,Others
4.A.1.b.2.I07.D11,0.00164332461001853,0.00199555656072479,0,0,0.00164332461001853,Inspect equipment or systems.,4.A.1.b.2.I07.D11,6.29296919154282,Inspect equipment or systems.,4.A.1.b.2.I07.D11,3.69166666666667,Inspect equipment or systems.,4.A.1.b.2.I07.D11,Inspect,0.0380868024800709,0.201062887511072,0.70682019486271,0.408325952170062,Not Community,Others
4.A.1.b.2.I07.D15,0.00246498691502779,0,0,0,0.00246498691502779,Inspect production equipment.,4.A.1.b.2.I07.D15,5.66789989538507,Inspect production equipment.,4.A.1.b.2.I07.D15,3.6925,Inspect production equipment.,4.A.1.b.2.I07.D15,Inspect,0.122232063773251,0.163861824623561,0.71036315323295,0.0566873339238264,Not Community,Others
4.A.1.b.2.I07.D20,0.00164332461001853,0,0,0,0.00164332461001853,"Inspect mechanical equipment to locate damage, defects, or wear.",4.A.1.b.2.I07.D20,5.67873120247423,"Inspect mechanical equipment to locate damage, defects, or wear.",4.A.1.b.2.I07.D20,3.84666666666667,"Inspect mechanical equipment to locate damage, defects, or wear.",4.A.1.b.2.I07.D20,Inspect,0.0380868024800709,0.163861824623561,0.859167404782994,0.0682019486271036,Not Community,Others
4.A.1.b.2.I08.D01,0.0464239202330234,0.00365852036132877,0.0219794666589978,0.0237254990571425,0.000718954516883106,Test computer hardware performance.,4.A.1.b.2.I08.D01,6.35081971913436,Test computer hardware performance.,4.A.1.b.2.I08.D01,3.6925,Test computer hardware performance.,4.A.1.b.2.I08.D01,Test,0.720992028343667,0.283436669619132,0.70859167404783,0.468556244464128,Not Community,Others
4.A.1.b.2.I08.D02,0.235303542597028,0.0781592986283875,0.0927451326779207,0.126946826123931,0.015611583795176,Test computer system operations to ensure proper functioning.,4.A.1.b.2.I08.D02,6.522214861626,Test computer system operations to ensure proper functioning.,4.A.1.b.2.I08.D02,3.6006,Test computer system operations to ensure proper functioning.,4.A.1.b.2.I08.D02,Test,0.912311780336581,0.806023029229407,0.597874224977856,0.758193091231178,Not Community,Others
4.A.1.b.2.I08.D03,3.72551959870013,1.25553766945601,2.06555632700516,1.6074795919625,0.0524836797324668,Test software performance.,4.A.1.b.2.I08.D03,6.48872034438891,Test software performance.,4.A.1.b.2.I08.D03,3.46689189189189,Test software performance.,4.A.1.b.2.I08.D03,Test,0.997342781222321,0.984056687333924,0.406554472984942,0.694419840566873,Not Community,Others
4.A.1.b.2.I09.D02,0.00205415576252316,0,0,0,0.00205415576252316,"Examine animals to detect illness, injury or other problems.",4.A.1.b.2.I09.D02,5.7014795358116,"Examine animals to detect illness, injury or other problems.",4.A.1.b.2.I09.D02,3.385,"Examine animals to detect illness, injury or other problems.",4.A.1.b.2.I09.D02,Examine,0.0814880425155005,0.163861824623561,0.301151461470328,0.0823737821080602,Not Community,Others
4.A.1.b.2.I09.D03,0.0107843177532466,0.0139688959250735,0,0.00862745420259727,0.00215686355064932,Examine patients to assess general physical condition.,4.A.1.b.2.I09.D03,6.18696658573744,Examine patients to assess general physical condition.,4.A.1.b.2.I09.D03,4.29203947368421,Examine patients to assess general physical condition.,4.A.1.b.2.I09.D03,Examine,0.408325952170062,0.510186005314438,0.971656333038087,0.320637732506643,Community,Nonprofit
4.A.1.b.2.I09.D04,0.00308123364378474,0.00243901357421918,0.00154061682189237,0,0.00154061682189237,"Examine mouth, teeth, gums, or related facial structures.",4.A.1.b.2.I09.D04,5.92016041643038,"Examine mouth, teeth, gums, or related facial structures.",4.A.1.b.2.I09.D04,4.115,"Examine mouth, teeth, gums, or related facial structures.",4.A.1.b.2.I09.D04,Examine,0.156775907883082,0.234720992028344,0.937998228520815,0.187776793622675,Not Community,Others
4.A.1.b.2.I10.D05,0.00154061682189237,0.00266074208096638,0,0,0.00154061682189237,Inspect cargo to identify potential hazards.,4.A.1.b.2.I10.D05,5.80277376754228,Inspect cargo to identify potential hazards.,4.A.1.b.2.I10.D05,4.14133333333333,Inspect cargo to identify potential hazards.,4.A.1.b.2.I10.D05,Inspect,0.0150575730735164,0.246235606731621,0.944198405668733,0.139061116031887,Not Community,Others
4.A.1.b.2.I10.D06,0.0731279451458245,0.0239466787286974,0.0247525769384041,0.0391316672760662,0.00924370093135422,Evaluate characteristics of archival or historical objects.,4.A.1.b.2.I10.D06,6.3107818909318,Evaluate characteristics of archival or historical objects.,4.A.1.b.2.I10.D06,3.395,Evaluate characteristics of archival or historical objects.,4.A.1.b.2.I10.D06,Evaluate,0.788308237378211,0.612046058458813,0.310894596988485,0.429583702391497,Not Community,Others
4.A.1.b.2.I10.D07,0.00184874018627084,0.00221728506747198,0,0,0.00184874018627084,Examine condition of property or products.,4.A.1.b.2.I10.D07,6.19573277395898,Examine condition of property or products.,4.A.1.b.2.I10.D07,3.296875,Examine condition of property or products.,4.A.1.b.2.I10.D07,Examine,0.0637732506643047,0.214348981399469,0.212577502214349,0.327723649247121,Not Community,Others
4.A.1.b.2.I11.D01,0.00431372710129864,0.00487802714843837,0,0.00174603239814469,0.00256769470315395,Test air quality at work sites.,4.A.1.b.2.I11.D01,5.70125059105268,Test air quality at work sites.,4.A.1.b.2.I11.D01,3.60166666666667,Test air quality at work sites.,4.A.1.b.2.I11.D01,Test,0.216120460584588,0.320637732506643,0.598759964570416,0.0806023029229407,Not Community,Others
4.A.1.b.2.I12.D02,0.0893557756697575,0.0434587873224509,0.0232119601165117,0.0405695763098324,0.0255742392434134,"Test performance of electrical, electronic, mechanical, or integrated systems or equipment.",4.A.1.b.2.I12.D02,6.2323386096882,"Test performance of electrical, electronic, mechanical, or integrated systems or equipment.",4.A.1.b.2.I12.D02,3.70401315789474,"Test performance of electrical, electronic, mechanical, or integrated systems or equipment.",4.A.1.b.2.I12.D02,Test,0.821966341895483,0.722763507528787,0.727192205491586,0.356067316209035,Not Community,Others
4.A.1.b.2.I12.D03,0.0731279451458245,0.0300442126642454,0.0222875900233763,0.0354341869035245,0.0154061682189237,Test electrical equipment or systems to ensure proper functioning.,4.A.1.b.2.I12.D03,5.73560302339689,Test electrical equipment or systems to ensure proper functioning.,4.A.1.b.2.I12.D03,3.96777777777778,Test electrical equipment or systems to ensure proper functioning.,4.A.1.b.2.I12.D03,Test,0.788308237378211,0.661647475642161,0.905225863596103,0.108060230292294,Not Community,Others
4.A.1.b.2.I12.D05,0.00554622055881254,0,0,0,0.00554622055881254,Test mechanical equipment to ensure proper functioning.,4.A.1.b.2.I12.D05,5.64174221958115,Test mechanical equipment to ensure proper functioning.,4.A.1.b.2.I12.D05,3.72866666666667,Test mechanical equipment to ensure proper functioning.,4.A.1.b.2.I12.D05,Test,0.264836138175376,0.163861824623561,0.755535872453499,0.046058458813109,Not Community,Others
4.A.1.b.2.I12.D06,0.00985994766011117,0.00698444796253675,0.00205415576252316,0.00451914267755095,0.00328664922003706,Measure equipment outputs.,4.A.1.b.2.I12.D06,5.61963016393883,Measure equipment outputs.,4.A.1.b.2.I12.D06,3.82444444444444,Measure equipment outputs.,4.A.1.b.2.I12.D06,Measure,0.386182462356067,0.384410983170948,0.844995571302037,0.0354295837023915,Not Community,Others
4.A.1.b.2.I12.D07,0.0111951489057512,0,0.00297852585565858,0.00482726604192943,0.00338935700816322,Test mechanical systems to ensure proper functioning.,4.A.1.b.2.I12.D07,5.67947023832958,Test mechanical systems to ensure proper functioning.,4.A.1.b.2.I12.D07,3.77357142857143,Test mechanical systems to ensure proper functioning.,4.A.1.b.2.I12.D07,Test,0.4162976085031,0.163861824623561,0.805137289636847,0.0690876882196634,Not Community,Others
4.A.1.b.3.I01.D02,0.342633181188863,0.0537691628861956,0.174397824238216,0.153240019884228,0.0149953370664191,"Calculate dimensions of workpieces, products, or equipment.",4.A.1.b.3.I01.D02,5.74367860811577,"Calculate dimensions of workpieces, products, or equipment.",4.A.1.b.3.I01.D02,3.7425,"Calculate dimensions of workpieces, products, or equipment.",4.A.1.b.3.I01.D02,Calculate,0.943312666076174,0.755535872453499,0.774136403897254,0.112488928255093,Not Community,Others
4.A.1.b.3.I01.D03,0.0270121482771796,0.00643012669566876,0.00380018816066785,0.0166386616764376,0.00657329844007411,Measure physical or chemical properties of materials or objects.,4.A.1.b.3.I01.D03,5.99961645427713,Measure physical or chemical properties of materials or objects.,4.A.1.b.3.I01.D03,3.86090909090909,Measure physical or chemical properties of materials or objects.,4.A.1.b.3.I01.D03,Measure,0.622674933569531,0.366696191319752,0.868910540301151,0.218777679362268,Not Community,Others
4.A.1.b.3.I01.D04,0.00267040249128011,0,0,0,0.00267040249128011,Measure product or material dimensions.,4.A.1.b.3.I01.D04,5.67849898786685,Measure product or material dimensions.,4.A.1.b.3.I01.D04,3.469,Measure product or material dimensions.,4.A.1.b.3.I01.D04,Measure,0.135518157661648,0.163861824623561,0.408325952170062,0.0673162090345439,Not Community,Others
4.A.1.b.3.I01.D05,0.00184874018627084,0,0,0,0.00184874018627084,Measure radiation levels.,4.A.1.b.3.I01.D05,6.1309156845082,Measure radiation levels.,4.A.1.b.3.I01.D05,4.29875,Measure radiation levels.,4.A.1.b.3.I01.D05,Measure,0.0637732506643047,0.163861824623561,0.974313551815766,0.282550930026572,Not Community,Others
4.A.1.b.3.I01.D06,0.0120168112107605,0.00254987782759278,0.00297852585565858,0.00308123364378474,0.00595705171131717,Measure distances or dimensions.,4.A.1.b.3.I01.D06,5.66992441197046,Measure distances or dimensions.,4.A.1.b.3.I01.D06,3.45647058823529,Measure distances or dimensions.,4.A.1.b.3.I01.D06,Measure,0.437555358724535,0.240921169176262,0.386182462356067,0.0575730735163862,Not Community,Others
4.A.1.b.3.I01.D09,0.0398506217929493,0.0468955791770325,0.0133520124564005,0.0235200834808902,0.00297852585565858,Measure ingredients.,4.A.1.b.3.I01.D09,5.64065213481034,Measure ingredients.,4.A.1.b.3.I01.D09,2.87125,Measure ingredients.,4.A.1.b.3.I01.D09,Measure,0.689991142604074,0.736049601417183,0.016829052258636,0.0434012400354296,Not Community,Others
4.A.1.b.3.I01.D10,0.00174603239814469,0,0,0,0.00174603239814469,Measure ingredients or substances to be used in production processes.,4.A.1.b.3.I01.D10,5.68526609490834,Measure ingredients or substances to be used in production processes.,4.A.1.b.3.I01.D10,3.72057142857143,Measure ingredients or substances to be used in production processes.,4.A.1.b.3.I01.D10,Measure,0.0531443755535872,0.163861824623561,0.745792736935341,0.0735163861824624,Not Community,Others
4.A.1.b.3.I01.D11,0.00554622055881253,0,0,0.00267040249128011,0.00287581806753242,Weigh finished products.,4.A.1.b.3.I01.D11,5.65923678004285,Weigh finished products.,4.A.1.b.3.I01.D11,3.74240740740741,Weigh finished products.,4.A.1.b.3.I01.D11,Weigh,0.263950398582817,0.163861824623561,0.773250664304694,0.0522586359610275,Not Community,Others
4.A.1.b.3.I01.D12,0.0914099314322806,0.0252770497691806,0.0299906741328381,0.0414939464029678,0.0199253108964747,Measure dimensions of completed products or workpieces to verify conformance to specifications.,4.A.1.b.3.I01.D12,5.63436247826562,Measure dimensions of completed products or workpieces to verify conformance to specifications.,4.A.1.b.3.I01.D12,3.684,Measure dimensions of completed products or workpieces to verify conformance to specifications.,4.A.1.b.3.I01.D12,Measure,0.823737821080602,0.62533215234721,0.697962798937112,0.0407440212577502,Not Community,Others
4.A.1.b.3.I01.D16,0.00164332461001853,0.00210642081409839,0,0,0.00164332461001853,Measure materials or objects for installation or assembly.,4.A.1.b.3.I01.D16,5.40962489332092,Measure materials or objects for installation or assembly.,4.A.1.b.3.I01.D16,3.6082,Measure materials or objects for installation or assembly.,4.A.1.b.3.I01.D16,Measure,0.0380868024800709,0.203720106288751,0.605845881310895,0.00442869796279894,Not Community,Others
4.A.1.b.3.I02.D02,0.0444724722586264,0.032926683251959,0.0140709669732837,0.0207469732014839,0.00965453208385885,Estimate construction project costs.,4.A.1.b.3.I02.D02,5.61208376059785,Estimate construction project costs.,4.A.1.b.3.I02.D02,3.60566666666667,Estimate construction project costs.,4.A.1.b.3.I02.D02,Estimate,0.715677590788308,0.674933569530558,0.604074402125775,0.0345438441098317,Not Community,Others
4.A.1.b.3.I02.D04,0.0425210242842294,0.0437913800825717,0.0145845059139144,0.0180765707102038,0.00985994766011117,Estimate operational costs.,4.A.1.b.3.I02.D04,6.39787566341499,Estimate operational costs.,4.A.1.b.3.I02.D04,3.70943181818182,Estimate operational costs.,4.A.1.b.3.I02.D04,Estimate,0.705934455270151,0.723649247121346,0.733392382639504,0.547387068201949,Not Community,Others
4.A.1.b.3.I02.D06,0.0095518242957327,0.00166296380060399,0.00246498691502779,0.00359477258441553,0.00349206479628937,Estimate costs for projects or productions.,4.A.1.b.3.I02.D06,6.24839775393952,Estimate costs for projects or productions.,4.A.1.b.3.I02.D06,3.415,Estimate costs for projects or productions.,4.A.1.b.3.I02.D06,Estimate,0.370239149689991,0.174490699734278,0.337466784765279,0.365810451727192,Not Community,Others
4.A.1.b.3.I02.D07,0.00431372710129864,0.00232814932084558,0,0.00154061682189237,0.00277311027940627,Estimate costs for labor or materials.,4.A.1.b.3.I02.D07,5.71019652810837,Estimate costs for labor or materials.,4.A.1.b.3.I02.D07,3.66340909090909,Estimate costs for labor or materials.,4.A.1.b.3.I02.D07,Estimate,0.216120460584588,0.225863596102746,0.674047829937998,0.0912311780336581,Not Community,Others
4.A.1.b.3.I03.D01,0.0819608149246741,0.0835916470436938,0.0370775115135431,0.0202334342608531,0.0246498691502779,Calculate financial data.,4.A.1.b.3.I03.D01,6.49069885595231,Calculate financial data.,4.A.1.b.3.I03.D01,3.58239130434783,Calculate financial data.,4.A.1.b.3.I03.D01,Calculate,0.806908768821966,0.817537643932684,0.577502214348981,0.698848538529672,Not Community,Others
4.A.1.b.3.I03.D03,0.00328664922003706,0,0.00154061682189237,0,0.00174603239814469,Calculate tax information.,4.A.1.b.3.I03.D03,6.6150152593337,Calculate tax information.,4.A.1.b.3.I03.D03,3.90111111111111,Calculate tax information.,4.A.1.b.3.I03.D03,Calculate,0.169176262178919,0.163861824623561,0.883082373782108,0.918511957484499,Not Community,Others
4.A.1.b.3.I03.D04,0.0510457706987006,0.0434587873224509,0.0216713432946193,0.0274229794296842,0.001951447974397,Compute debt repayment schedules.,4.A.1.b.3.I03.D04,6.65715349513604,Compute debt repayment schedules.,4.A.1.b.3.I03.D04,3.545,Compute debt repayment schedules.,4.A.1.b.3.I03.D04,Compute,0.740478299379982,0.722763507528787,0.526129317980514,0.966341895482728,Not Community,Others
4.A.1.b.3.I04.D02,0.0204388498371054,0,0.00380018816066785,0.0138655513970313,0.00277311027940627,Measure work site dimensions.,4.A.1.b.3.I04.D02,5.5794341407402,Measure work site dimensions.,4.A.1.b.3.I04.D02,3.5682,Measure work site dimensions.,4.A.1.b.3.I04.D02,Measure,0.574844995571302,0.163861824623561,0.557130203720106,0.0221434898139947,Not Community,Others
4.A.1.b.3.I04.D04,0.00996265544823733,0.00920173303000874,0.00174603239814469,0.00688142180445259,0.00133520124564005,Survey land or bodies of water to measure or determine features.,4.A.1.b.3.I04.D04,6.02710414389007,Survey land or bodies of water to measure or determine features.,4.A.1.b.3.I04.D04,3.96346153846154,Survey land or bodies of water to measure or determine features.,4.A.1.b.3.I04.D04,Survey,0.388839681133747,0.435783879539415,0.901682905225864,0.230292294065545,Not Community,Others
4.A.2.a.1.I01.D03,0.0132493046682744,0.0259422352894222,0.00308123364378474,0.00934640871948038,0.000821662305009264,Evaluate characteristics of individuals to determine needs or eligibility.,4.A.2.a.1.I01.D03,6.40138852781041,Evaluate characteristics of individuals to determine needs or eligibility.,4.A.2.a.1.I01.D03,3.2665,Evaluate characteristics of individuals to determine needs or eligibility.,4.A.2.a.1.I01.D03,Evaluate,0.45969884853853,0.630646589902569,0.186891054030115,0.551815766164748,Community,Nonprofit
4.A.2.a.1.I02.D01,0.0902801457628929,0.110088203599984,0.0336881545053798,0.0361531414204076,0.0204388498371054,Evaluate program effectiveness.,4.A.2.a.1.I02.D01,6.47644579613642,Evaluate program effectiveness.,4.A.2.a.1.I02.D01,3.23461538461538,Evaluate program effectiveness.,4.A.2.a.1.I02.D01,Evaluate,0.822852081488043,0.854738706820195,0.161204605845881,0.682019486271036,Community,Nonprofit
4.A.2.a.1.I02.D03,0.0231092523283856,0.055321262433426,0.00698412959257875,0.0153034604307975,0.000821662305009264,Measure effectiveness of business strategies or practices.,4.A.2.a.1.I02.D03,6.63792381435293,Measure effectiveness of business strategies or practices.,4.A.2.a.1.I02.D03,3.275,Measure effectiveness of business strategies or practices.,4.A.2.a.1.I02.D03,Measure,0.595217006200177,0.762621789193977,0.193976970770593,0.946855624446413,Not Community,Others
4.A.2.a.1.I02.D04,0.244855366892761,0.0599775610751172,0.100859047939887,0.129206397462707,0.0147899214901668,Evaluate effectiveness of personnel policies or practices.,4.A.2.a.1.I02.D04,6.65800968870763,Evaluate effectiveness of personnel policies or practices.,4.A.2.a.1.I02.D04,3.22666666666667,Evaluate effectiveness of personnel policies or practices.,4.A.2.a.1.I02.D04,Evaluate,0.91585473870682,0.780336581045173,0.155004428697963,0.970770593445527,Not Community,Others
4.A.2.a.1.I02.D05,0.447600540653797,0.191795158336327,0.146974844808532,0.279878722643781,0.0207469732014839,Evaluate effectiveness of educational programs.,4.A.2.a.1.I02.D05,6.58671787153129,Evaluate effectiveness of educational programs.,4.A.2.a.1.I02.D05,3.09869047619048,Evaluate effectiveness of educational programs.,4.A.2.a.1.I02.D05,Evaluate,0.95925597874225,0.902568644818423,0.0726306465899026,0.880425155004429,Not Community,Others
4.A.2.a.1.I02.D06,0.0228011289640071,0.0139688959250735,0.00790849968571417,0.00698412959257875,0.00790849968571417,"Evaluate training programs, instructors, or materials.",4.A.2.a.1.I02.D06,6.54103614327783,"Evaluate training programs, instructors, or materials.",4.A.2.a.1.I02.D06,3.02272727272727,"Evaluate training programs, instructors, or materials.",4.A.2.a.1.I02.D06,Evaluate,0.591674047829938,0.510186005314438,0.0407440212577502,0.794508414526129,Community,Nonprofit
4.A.2.a.1.I02.D07,0.00770308410946185,0.00498889140181197,0,0,0.00770308410946185,Evaluate civic projects or public policies.,4.A.2.a.1.I02.D07,6.58630233980898,Evaluate civic projects or public policies.,4.A.2.a.1.I02.D07,3.082,Evaluate civic projects or public policies.,4.A.2.a.1.I02.D07,Evaluate,0.328609388839681,0.325066430469442,0.0646589902568645,0.878653675819309,Not Community,Others
4.A.2.a.1.I03.D01,0.0160224149476807,0.00753876922940475,0.00369748037254169,0.0044164348894248,0.00790849968571417,Assess educational needs of students.,4.A.2.a.1.I03.D01,6.33854728751861,Assess educational needs of students.,4.A.2.a.1.I03.D01,3.07760869565217,Assess educational needs of students.,4.A.2.a.1.I03.D01,Assess,0.510186005314438,0.391496899911426,0.0628875110717449,0.455270150575731,Not Community,Others
4.A.2.a.1.I03.D02,0.198328738871611,0.248668520316983,0.115340846065675,0.0624463351807041,0.0205415576252316,Administer tests to assess educational needs or progress.,4.A.2.a.1.I03.D02,6.52150986589034,Administer tests to assess educational needs or progress.,4.A.2.a.1.I03.D02,3.10463302752293,Administer tests to assess educational needs or progress.,4.A.2.a.1.I03.D02,Administer,0.904340124003543,0.925597874224978,0.0779450841452613,0.756421612046059,Not Community,Others
4.A.2.a.1.I03.D03,0.147899214901668,0.217072208105507,0.0880205744241174,0.0445751800467526,0.0153034604307975,Prepare tests.,4.A.2.a.1.I03.D03,6.55404718854332,Prepare tests.,4.A.2.a.1.I03.D03,3.12077777777778,Prepare tests.,4.A.2.a.1.I03.D03,Prepare,0.884853852967228,0.908768821966342,0.101860053144376,0.822852081488043,Not Community,Others
4.A.2.a.1.I03.D04,0.854426089421509,0.627602538347945,0.388543562481256,0.418945067766599,0.0469374591736542,Evaluate student work.,4.A.2.a.1.I03.D04,6.53748160793028,Evaluate student work.,4.A.2.a.1.I03.D04,3.10927135678392,Evaluate student work.,4.A.2.a.1.I03.D04,Evaluate,0.982285208148804,0.971656333038087,0.0850310008857396,0.785651018600531,Not Community,Others
4.A.2.a.1.I04.D01,0.00667600622820027,0.00665185520241595,0.00174603239814469,0,0.00492997383005559,Evaluate performance of educational staff.,4.A.2.a.1.I04.D01,6.49359848795411,Evaluate performance of educational staff.,4.A.2.a.1.I04.D01,3.0303125,Evaluate performance of educational staff.,4.A.2.a.1.I04.D01,Evaluate,0.304694419840567,0.377325066430469,0.04162976085031,0.703277236492471,Not Community,Others
4.A.2.a.1.I04.D02,0.00174603239814469,0,0,0,0.00174603239814469,Evaluate current or prospective maintenance employees.,4.A.2.a.1.I04.D02,5.77528842260789,Evaluate current or prospective maintenance employees.,4.A.2.a.1.I04.D02,3.33,Evaluate current or prospective maintenance employees.,4.A.2.a.1.I04.D02,Evaluate,0.0531443755535872,0.163861824623561,0.247121346324181,0.128432240921169,Not Community,Others
4.A.2.a.1.I04.D03,0.00246498691502779,0.00232814932084558,0,0,0.00246498691502779,Evaluate skills of athletes or performers.,4.A.2.a.1.I04.D03,5.81238730805013,Evaluate skills of athletes or performers.,4.A.2.a.1.I04.D03,3.14384615384615,Evaluate skills of athletes or performers.,4.A.2.a.1.I04.D03,Evaluate,0.122232063773251,0.225863596102746,0.112488928255093,0.143489813994686,Not Community,Others
4.A.2.a.1.I04.D04,0.0196171875320962,0.00920173303000874,0.00564892834693869,0.0051353894063079,0.00883286977884959,Evaluate employee performance.,4.A.2.a.1.I04.D04,6.32959178431578,Evaluate employee performance.,4.A.2.a.1.I04.D04,3.50982142857143,Evaluate employee performance.,4.A.2.a.1.I04.D04,Evaluate,0.565101860053144,0.431355181576616,0.463241806908769,0.442869796279894,Community,Nonprofit
4.A.2.a.1.I05.D03,0.00749766853320954,0.00288247058771358,0.00164332461001853,0.00184874018627084,0.00400560373692016,Evaluate quality of materials or products.,4.A.2.a.1.I05.D03,6.06150034851228,Evaluate quality of materials or products.,4.A.2.a.1.I05.D03,3.69309523809524,Evaluate quality of materials or products.,4.A.2.a.1.I05.D03,Evaluate,0.324180690876882,0.260407440212578,0.711248892825509,0.240921169176262,Not Community,Others
4.A.2.a.1.I05.D04,0.00184874018627084,0,0,0,0.00184874018627084,Evaluate quality of food ingredients or prepared foods.,4.A.2.a.1.I05.D04,5.8339583420268,Evaluate quality of food ingredients or prepared foods.,4.A.2.a.1.I05.D04,3.68625,Evaluate quality of food ingredients or prepared foods.,4.A.2.a.1.I05.D04,Evaluate,0.0637732506643047,0.163861824623561,0.700620017714792,0.155004428697963,Not Community,Others
4.A.2.a.1.I06.D02,0.00677871401632643,0.0250553212624334,0.00246498691502779,0.00205415576252316,0.00225957133877548,"Evaluate patient functioning, capabilities, or health.",4.A.2.a.1.I06.D02,6.15754316266794,"Evaluate patient functioning, capabilities, or health.",4.A.2.a.1.I06.D02,3.97741379310345,"Evaluate patient functioning, capabilities, or health.",4.A.2.a.1.I06.D02,Evaluate,0.306465899025686,0.620903454384411,0.906997342781222,0.296722763507529,Not Community,Others
4.A.2.a.1.I06.D03,0.0104761943888681,0.00576494117542716,0.00184874018627084,0.00585434392319101,0.00277311027940627,Evaluate patient outcomes to determine effectiveness of treatments.,4.A.2.a.1.I06.D03,6.05854090234458,Evaluate patient outcomes to determine effectiveness of treatments.,4.A.2.a.1.I06.D03,3.56714285714286,Evaluate patient outcomes to determine effectiveness of treatments.,4.A.2.a.1.I06.D03,Evaluate,0.400354295837024,0.352524357838795,0.556244464127547,0.238263950398583,Not Community,Others
4.A.2.a.1.I06.D04,0.0114005644820035,0,0.00256769470315395,0.00688142180445259,0.001951447974397,Evaluate treatment options to guide medical decisions.,4.A.2.a.1.I06.D04,6.30720181067708,Evaluate treatment options to guide medical decisions.,4.A.2.a.1.I06.D04,3.78555555555556,Evaluate treatment options to guide medical decisions.,4.A.2.a.1.I06.D04,Evaluate,0.422497785651019,0.163861824623561,0.816651904340124,0.423383525243578,Not Community,Others
4.A.2.a.1.I06.D05,0.00215686355064932,0.0341461900390686,0,0,0.00215686355064932,Assess skin or hair conditions.,4.A.2.a.1.I06.D05,5.85702173647081,Assess skin or hair conditions.,4.A.2.a.1.I06.D05,3.11222222222222,Assess skin or hair conditions.,4.A.2.a.1.I06.D05,Assess,0.0965456155890168,0.680248007085917,0.087688219663419,0.16474756421612,Not Community,Others
4.A.2.a.1.I07.D01,0.0233146679046379,0.0164079094992927,0.0112978566938774,0.0100653632363635,0.001951447974397,"Assess the cost effectiveness of products, projects, or services.",4.A.2.a.1.I07.D01,6.46210440918539,"Assess the cost effectiveness of products, projects, or services.",4.A.2.a.1.I07.D01,3.1175,"Assess the cost effectiveness of products, projects, or services.",4.A.2.a.1.I07.D01,Assess,0.596988485385297,0.535872453498671,0.0938883968113375,0.652790079716563,Not Community,Others
4.A.2.a.1.I07.D02,0.00647059065194796,0.00254987782759278,0,0.00256769470315395,0.00390289594879401,Evaluate new technologies or methods.,4.A.2.a.1.I07.D02,6.33502951020056,Evaluate new technologies or methods.,4.A.2.a.1.I07.D02,3.53888888888889,Evaluate new technologies or methods.,4.A.2.a.1.I07.D02,Evaluate,0.297608503100089,0.240921169176262,0.517271922054916,0.449955713020372,Not Community,Others
4.A.2.a.1.I07.D03,0.00390289594879401,0,0,0.00164332461001853,0.00225957133877548,"Evaluate potential of products, technologies, or resources.",4.A.2.a.1.I07.D03,6.44953978081392,"Evaluate potential of products, technologies, or resources.",4.A.2.a.1.I07.D03,3.6525,"Evaluate potential of products, technologies, or resources.",4.A.2.a.1.I07.D03,Evaluate,0.197519929140833,0.163861824623561,0.662533215234721,0.639503985828167,Not Community,Others
4.A.2.a.1.I07.D04,0.00154061682189237,0,0,0,0.00154061682189237,Evaluate the characteristics of green technologies.,4.A.2.a.1.I07.D04,6.31983952092437,Evaluate the characteristics of green technologies.,4.A.2.a.1.I07.D04,3.433,Evaluate the characteristics of green technologies.,4.A.2.a.1.I07.D04,Evaluate,0.0150575730735164,0.163861824623561,0.361381753764393,0.436669619131975,Not Community,Others
4.A.2.a.1.I07.D06,0.504911486428193,0.6252743890271,0.245574321409644,0.247731184960293,0.0116059800582559,Assess database performance.,4.A.2.a.1.I07.D06,6.58579219487933,Assess database performance.,4.A.2.a.1.I07.D06,3.564,Assess database performance.,4.A.2.a.1.I07.D06,Assess,0.966341895482728,0.970770593445527,0.552701505757307,0.877767936226749,Not Community,Others
4.A.2.a.1.I07.D07,0.0108870255413728,0.00277160633433998,0,0.00267040249128011,0.00821662305009264,Evaluate characteristics of equipment or systems.,4.A.2.a.1.I07.D07,6.38158821811618,Evaluate characteristics of equipment or systems.,4.A.2.a.1.I07.D07,3.80944444444444,Evaluate characteristics of equipment or systems.,4.A.2.a.1.I07.D07,Evaluate,0.410097431355182,0.255093002657219,0.836138175376439,0.518157661647476,Not Community,Others
4.A.2.a.1.I07.D08,0.3325678179525,0.809974235147516,0.0966480286267147,0.217740510827455,0.01817927849833,Evaluate utility of software or hardware technologies.,4.A.2.a.1.I07.D08,6.53141550124621,Evaluate utility of software or hardware technologies.,4.A.2.a.1.I07.D08,3.53821428571429,Evaluate utility of software or hardware technologies.,4.A.2.a.1.I07.D08,Evaluate,0.939769707705934,0.977856510186005,0.516386182462356,0.775022143489814,Not Community,Others
4.A.2.a.1.I08.D01,0.128179319581445,0.234256167378415,0.027320271641558,0.089047652305379,0.0118113956345082,Evaluate scholarly materials.,4.A.2.a.1.I08.D01,6.58658017624005,Evaluate scholarly materials.,4.A.2.a.1.I08.D01,3.11857142857143,Evaluate scholarly materials.,4.A.2.a.1.I08.D01,Evaluate,0.870682019486271,0.91762621789194,0.0983170947741364,0.879539415411869,Not Community,Others
4.A.2.a.1.I09.D02,0.0517647252155837,0.185143303133911,0.0104761943888681,0.0311204598022259,0.0101680710244896,Assess financial status of clients.,4.A.2.a.1.I09.D02,6.65792390111229,Assess financial status of clients.,4.A.2.a.1.I09.D02,3.52833333333333,Assess financial status of clients.,4.A.2.a.1.I09.D02,Assess,0.742249778565102,0.898139946855624,0.49955713020372,0.968113374667848,Not Community,Others
4.A.2.a.1.I09.D03,0.022082174447124,0.0416849592684733,0.00492997383005559,0.00605975949944333,0.0110924411176251,Appraise property values.,4.A.2.a.1.I09.D03,6.44790328620826,Appraise property values.,4.A.2.a.1.I09.D03,3.40267857142857,Appraise property values.,4.A.2.a.1.I09.D03,Appraise,0.58547387068202,0.712134632418069,0.320637732506643,0.637732506643047,Not Community,Others
4.A.2.a.1.I10.D01,0.00554622055881253,0,0,0.00154061682189237,0.00400560373692016,Evaluate project designs to determine adequacy or feasibility.,4.A.2.a.1.I10.D01,6.47343543369342,Evaluate project designs to determine adequacy or feasibility.,4.A.2.a.1.I10.D01,3.60555555555556,Evaluate project designs to determine adequacy or feasibility.,4.A.2.a.1.I10.D01,Evaluate,0.263950398582817,0.163861824623561,0.603188662533215,0.677590788308237,Not Community,Others
4.A.2.a.1.I10.D02,0.00328664922003706,0.0120842036177223,0,0,0.00328664922003706,Analyze data to determine project feasibility.,4.A.2.a.1.I10.D02,6.47268207148769,Analyze data to determine project feasibility.,4.A.2.a.1.I10.D02,3.4225,Analyze data to determine project feasibility.,4.A.2.a.1.I10.D02,Analyze,0.169176262178919,0.482728077945084,0.344552701505757,0.675819309123118,Not Community,Others
4.A.2.a.2.I01.D01,0.00616246728756948,0.00920173303000874,0,0.0031839414319109,0.00297852585565858,Verify accuracy of records.,4.A.2.a.2.I01.D01,6.54858389774975,Verify accuracy of records.,4.A.2.a.2.I01.D01,3.5354347826087,Verify accuracy of records.,4.A.2.a.2.I01.D01,Verify,0.286093888396811,0.435783879539415,0.512843224092117,0.814880425155005,Not Community,Others
4.A.2.a.2.I01.D02,0.00267040249128011,0,0,0,0.00267040249128011,Verify information or specifications.,4.A.2.a.2.I01.D02,5.6716290721044,Verify information or specifications.,4.A.2.a.2.I01.D02,3.82357142857143,Verify information or specifications.,4.A.2.a.2.I01.D02,Verify,0.135518157661648,0.163861824623561,0.843224092116918,0.0611160318866253,Not Community,Others
4.A.2.a.2.I01.D04,0.00246498691502779,0.00243901357421918,0,0,0.00246498691502779,Review accuracy of sales or other transactions.,4.A.2.a.2.I01.D04,6.49613751453992,Review accuracy of sales or other transactions.,4.A.2.a.2.I01.D04,3.82615384615385,Review accuracy of sales or other transactions.,4.A.2.a.2.I01.D04,Review,0.122232063773251,0.234720992028344,0.846767050487157,0.70770593445527,Not Community,Others
4.A.2.a.2.I01.D05,0.0497105694530605,0.0363634751065406,0.0184874018627084,0.0278338105821888,0.00338935700816321,Verify accuracy of financial information.,4.A.2.a.2.I01.D05,6.60626277886396,Verify accuracy of financial information.,4.A.2.a.2.I01.D05,3.52,Verify accuracy of financial information.,4.A.2.a.2.I01.D05,Verify,0.737821080602303,0.692648361381754,0.481842338352524,0.907883082373782,Not Community,Others
4.A.2.a.2.I01.D06,0.472866656532832,0.131041547487594,0.146050474715397,0.294155105193317,0.0326610766241183,Evaluate data quality.,4.A.2.a.2.I01.D06,6.66926094627323,Evaluate data quality.,4.A.2.a.2.I01.D06,3.47928571428572,Evaluate data quality.,4.A.2.a.2.I01.D06,Evaluate,0.961913197519929,0.870682019486271,0.424269264836138,0.984942426926484,Not Community,Others
4.A.2.a.2.I01.D07,0.0228011289640071,0.00975605429687673,0.00451914267755095,0.0154061682189237,0.00287581806753243,Verify accuracy of data.,4.A.2.a.2.I01.D07,6.38187567611577,Verify accuracy of data.,4.A.2.a.2.I01.D07,3.51076923076923,Verify accuracy of data.,4.A.2.a.2.I01.D07,Verify,0.593445527015058,0.448184233835252,0.466784765279008,0.520814880425155,Not Community,Others
4.A.2.a.2.I01.D08,0.0119141034226343,0.0391350814408805,0.00431372710129864,0,0.0076003763213357,Check data for recording errors.,4.A.2.a.2.I01.D08,6.54120341074443,Check data for recording errors.,4.A.2.a.2.I01.D08,3.4759375,Check data for recording errors.,4.A.2.a.2.I01.D08,Check,0.434898139946856,0.70682019486271,0.41718334809566,0.795394154118689,Not Community,Others
4.A.2.a.2.I01.D09,0.0228011289640071,0.0283812488636414,0.0031839414319109,0.00688142180445259,0.0127357657276436,Verify accuracy of financial or transactional data.,4.A.2.a.2.I01.D09,6.40165048631409,Verify accuracy of financial or transactional data.,4.A.2.a.2.I01.D09,3.70605263157895,Verify accuracy of financial or transactional data.,4.A.2.a.2.I01.D09,Verify,0.593445527015058,0.644818423383525,0.728963684676705,0.553587245349867,Not Community,Others
4.A.2.a.2.I02.D01,0.00585434392319101,0.0131928461514583,0,0.00287581806753243,0.00297852585565858,Sort mail.,4.A.2.a.2.I02.D01,6.09911613700207,Sort mail.,4.A.2.a.2.I02.D01,3.3508064516129,Sort mail.,4.A.2.a.2.I02.D01,Sort,0.278122232063773,0.497785651018601,0.270150575730735,0.262178919397697,Not Community,Others
4.A.2.a.2.I02.D04,0.00451914267755095,0.00410197737482317,0.00164332461001853,0,0.00287581806753242,Sort forestry or agricultural materials.,4.A.2.a.2.I02.D04,5.46381450679061,Sort forestry or agricultural materials.,4.A.2.a.2.I02.D04,3.14833333333333,Sort forestry or agricultural materials.,4.A.2.a.2.I02.D04,Sort,0.224977856510186,0.298494242692648,0.116031886625332,0.00974313551815766,Not Community,Others
4.A.2.a.2.I02.D06,0.00595705171131717,0.00687358370916315,0.001951447974397,0.001951447974397,0.00205415576252316,Sort materials or products.,4.A.2.a.2.I02.D06,5.99268641776432,Sort materials or products.,4.A.2.a.2.I02.D06,3.12833333333333,Sort materials or products.,4.A.2.a.2.I02.D06,Sort,0.282550930026572,0.382639503985828,0.105403011514615,0.215234720992028,Not Community,Others
4.A.2.a.2.I03.D01,0.0173576161933207,0.0494454570046253,0.00554622055881253,0.00667600622820027,0.0051353894063079,Compile operational data.,4.A.2.a.2.I03.D01,6.49692513034888,Compile operational data.,4.A.2.a.2.I03.D01,3.46421052631579,Compile operational data.,4.A.2.a.2.I03.D01,Compile,0.533215234720992,0.744021257750221,0.401240035429584,0.70859167404783,Not Community,Others
4.A.2.a.2.I03.D02,0.679514726242662,0.184145524853548,0.265602340094245,0.398506217929493,0.0154061682189237,Compile technical information or documentation.,4.A.2.a.2.I03.D02,6.37796289176972,Compile technical information or documentation.,4.A.2.a.2.I03.D02,3.52045454545455,Compile technical information or documentation.,4.A.2.a.2.I03.D02,Compile,0.973427812223206,0.896368467670505,0.483613817537644,0.511071744906997,Not Community,Others
4.A.2.a.2.I03.D03,0.408263457801478,0.358424131156846,0.201204556939144,0.175938441060109,0.0311204598022259,Compile data or documentation.,4.A.2.a.2.I03.D03,6.44982864595744,Compile data or documentation.,4.A.2.a.2.I03.D03,3.44811688311688,Compile data or documentation.,4.A.2.a.2.I03.D03,Compile,0.951284322409212,0.946855624446413,0.377325066430469,0.640389725420726,Not Community,Others
4.A.2.a.2.I03.D04,0.0836041395346926,0.0496671855113725,0.0405695763098324,0.0393370828523185,0.00369748037254169,Compile specialized bibliographies or lists of materials.,4.A.2.a.2.I03.D04,6.58274325315876,Compile specialized bibliographies or lists of materials.,4.A.2.a.2.I03.D04,3.0884126984127,Compile specialized bibliographies or lists of materials.,4.A.2.a.2.I03.D04,Compile,0.811337466784765,0.744906997342781,0.0673162090345439,0.87511071744907,Not Community,Others
4.A.2.a.2.I03.D05,0.00698412959257875,0.00609753393554796,0,0.00431372710129864,0.00267040249128011,Compile environmental or climatological data.,4.A.2.a.2.I03.D05,6.44114707274448,Compile environmental or climatological data.,4.A.2.a.2.I03.D05,3.25666666666667,Compile environmental or climatological data.,4.A.2.a.2.I03.D05,Compile,0.314437555358725,0.359610274579274,0.180690876882197,0.62533215234721,Not Community,Others
4.A.2.a.2.I03.D06,0.0985994766011117,0.123059321244695,0.0352287713272722,0.0547432510712422,0.00862745420259728,Compile geographic or related data.,4.A.2.a.2.I03.D06,6.38273842951591,Compile geographic or related data.,4.A.2.a.2.I03.D06,3.28363636363636,Compile geographic or related data.,4.A.2.a.2.I03.D06,Compile,0.838795394154119,0.865367581930912,0.199291408325952,0.522586359610275,Not Community,Others
4.A.2.a.2.I04.D01,0.00944911650760654,0.0194012443403799,0,0.00184874018627084,0.0076003763213357,Reconcile records of sales or other financial transactions.,4.A.2.a.2.I04.D01,6.30377687441189,Reconcile records of sales or other financial transactions.,4.A.2.a.2.I04.D01,3.57117647058824,Reconcile records of sales or other financial transactions.,4.A.2.a.2.I04.D01,Reconcile,0.369353410097431,0.565101860053144,0.565987599645704,0.41541186891054,Not Community,Others
4.A.2.a.2.I04.D03,0.00328664922003706,0.00243901357421918,0.00184874018627084,0,0.00143790903376621,Prepare cash for deposit or disbursement.,4.A.2.a.2.I04.D03,6.24893859520703,Prepare cash for deposit or disbursement.,4.A.2.a.2.I04.D03,3.8675,Prepare cash for deposit or disbursement.,4.A.2.a.2.I04.D03,Prepare,0.169176262178919,0.234720992028344,0.870682019486271,0.367581930912312,Not Community,Others
4.A.2.a.2.I05.D01,0.0336881545053798,0.0578711402610188,0.00421101931317248,0.0272175638534319,0.00225957133877548,Examine personal documentation to ensure that it is valid.,4.A.2.a.2.I05.D01,5.82043632881272,Examine personal documentation to ensure that it is valid.,4.A.2.a.2.I05.D01,4.184,Examine personal documentation to ensure that it is valid.,4.A.2.a.2.I05.D01,Examine,0.661647475642161,0.772364924712135,0.953055801594331,0.147918511957485,Not Community,Others
4.A.2.a.2.I05.D03,0.0148926292782929,0.00365852036132877,0.00369748037254169,0.00770308410946185,0.00349206479628937,Verify application data to determine program eligibility.,4.A.2.a.2.I05.D03,6.54688830339881,Verify application data to determine program eligibility.,4.A.2.a.2.I05.D03,3.504,Verify application data to determine program eligibility.,4.A.2.a.2.I05.D03,Verify,0.494242692648361,0.283436669619132,0.454384410983171,0.812223206377325,Not Community,Others
4.A.2.a.2.I05.D04,0.00154061682189237,0,0,0,0.00154061682189237,Verify accuracy of patient information.,4.A.2.a.2.I05.D04,6.08333818931974,Verify accuracy of patient information.,4.A.2.a.2.I05.D04,4.32142857142857,Verify accuracy of patient information.,4.A.2.a.2.I05.D04,Verify,0.0150575730735164,0.163861824623561,0.978742249778565,0.25155004428698,Not Community,Others
4.A.2.a.3.I01.D01,0.00256769470315395,0.0202881583673687,0,0,0.00256769470315395,Examine marketing materials to ensure compliance with policies or regulations.,4.A.2.a.3.I01.D01,6.63794833759217,Examine marketing materials to ensure compliance with policies or regulations.,4.A.2.a.3.I01.D01,3.54083333333333,Examine marketing materials to ensure compliance with policies or regulations.,4.A.2.a.3.I01.D01,Examine,0.127546501328609,0.573959255978742,0.522586359610275,0.947741364038973,Not Community,Others
4.A.2.a.3.I01.D02,0.0169467850408161,0.00997778280362393,0.00410831152504632,0.00472455825380327,0.00811391526196649,Examine documents to verify adherence to requirements.,4.A.2.a.3.I01.D02,6.52880385961115,Examine documents to verify adherence to requirements.,4.A.2.a.3.I01.D02,3.616,Examine documents to verify adherence to requirements.,4.A.2.a.3.I01.D02,Examine,0.528786536758193,0.451727192205492,0.616474756421612,0.771479185119575,Not Community,Others
4.A.2.a.3.I01.D05,0.00205415576252316,0,0,0,0.00205415576252316,Review license or permit applications.,4.A.2.a.3.I01.D05,6.35944164561633,Review license or permit applications.,4.A.2.a.3.I01.D05,3.56681818181818,Review license or permit applications.,4.A.2.a.3.I01.D05,Review,0.0814880425155005,0.163861824623561,0.555358724534987,0.481842338352524,Not Community,Others
4.A.2.a.3.I01.D06,0.00369748037254169,0.00232814932084558,0,0,0.00369748037254169,Verify shipping documentation.,4.A.2.a.3.I01.D06,6.09026396761033,Verify shipping documentation.,4.A.2.a.3.I01.D06,3.425625,Verify shipping documentation.,4.A.2.a.3.I01.D06,Verify,0.192205491585474,0.225863596102746,0.348095659875996,0.256864481842338,Not Community,Others
4.A.2.a.3.I01.D07,0.00965453208385885,0.00554321266867996,0.0031839414319109,0.00544351277068638,0.00102707788126158,"Review environmental permits, plans, or reports.",4.A.2.a.3.I01.D07,6.39265528373935,"Review environmental permits, plans, or reports.",4.A.2.a.3.I01.D07,3.0995,"Review environmental permits, plans, or reports.",4.A.2.a.3.I01.D07,Review,0.37555358724535,0.348095659875996,0.0744021257750221,0.539415411868911,Not Community,Others
4.A.2.a.3.I01.D08,0.0919234703729114,0.0923499230602082,0.0299906741328381,0.051970140791836,0.00996265544823733,"Proofread documents, records, or other files to ensure accuracy.",4.A.2.a.3.I01.D08,6.51192241999402,"Proofread documents, records, or other files to ensure accuracy.",4.A.2.a.3.I01.D08,3.71481481481481,"Proofread documents, records, or other files to ensure accuracy.",4.A.2.a.3.I01.D08,Proofread,0.824623560673162,0.827280779450842,0.738706820194863,0.738706820194863,Not Community,Others
4.A.2.a.3.I02.D01,0.00225957133877548,0,0,0,0.00225957133877548,Assess compliance with environmental laws.,4.A.2.a.3.I02.D01,6.21780166106434,Assess compliance with environmental laws.,4.A.2.a.3.I02.D01,3.24291666666667,Assess compliance with environmental laws.,4.A.2.a.3.I02.D01,Assess,0.102745792736935,0.163861824623561,0.1674047829938,0.343666961913198,Not Community,Others
4.A.2.a.3.I03.D02,0.0102707788126158,0.0311528551979814,0,0,0.0102707788126158,Examine financial records.,4.A.2.a.3.I03.D02,6.5903970096465,Examine financial records.,4.A.2.a.3.I03.D02,3.51171428571428,Examine financial records.,4.A.2.a.3.I03.D02,Examine,0.394154118689105,0.66873339238264,0.469441984056687,0.892825509300266,Community,Nonprofit
4.A.2.a.3.I03.D03,0.00862745420259728,0.0207316153808631,0,0,0.00862745420259728,Examine financial records or processes.,4.A.2.a.3.I03.D03,6.67802837721076,Examine financial records or processes.,4.A.2.a.3.I03.D03,3.409375,Examine financial records or processes.,4.A.2.a.3.I03.D03,Examine,0.351638618246236,0.581045172719221,0.327723649247121,0.992028343666962,Not Community,Others
4.A.2.a.3.I03.D04,0.0280392261584411,0.0282703846102678,0.00369748037254169,0.0165359538883114,0.00780579189758801,Review customer insurance information.,4.A.2.a.3.I03.D04,6.569943636705,Review customer insurance information.,4.A.2.a.3.I03.D04,3.32,Review customer insurance information.,4.A.2.a.3.I03.D04,Review,0.629760850310009,0.643932683790966,0.235606731620903,0.844995571302037,Not Community,Others
4.A.2.a.4.I01.D03,0.00297852585565858,0.00277160633433998,0,0,0.00297852585565858,Analyze geological samples.,4.A.2.a.4.I01.D03,6.08837258846357,Analyze geological samples.,4.A.2.a.4.I01.D03,3.73166666666667,Analyze geological samples.,4.A.2.a.4.I01.D03,Analyze,0.148804251550044,0.255093002657219,0.760850310008857,0.254207263064659,Not Community,Others
4.A.2.a.4.I01.D04,0.013660135820779,0.00243901357421918,0.00164332461001853,0.00554622055881253,0.00647059065194796,Analyze environmental data.,4.A.2.a.4.I01.D04,6.18404634657098,Analyze environmental data.,4.A.2.a.4.I01.D04,3.314375,Analyze environmental data.,4.A.2.a.4.I01.D04,Analyze,0.474756421612046,0.234720992028344,0.229406554472985,0.317094774136404,Not Community,Others
4.A.2.a.4.I01.D05,0.0859664186615943,0.114411909481554,0.0291690118278289,0.0529972186730976,0.00380018816066785,Analyze geological or geographical data.,4.A.2.a.4.I01.D05,6.35203875282719,Analyze geological or geographical data.,4.A.2.a.4.I01.D05,3.4094,Analyze geological or geographical data.,4.A.2.a.4.I01.D05,Analyze,0.819309123117803,0.857395925597874,0.328609388839681,0.471213463241807,Not Community,Others
4.A.2.a.4.I01.D07,0.0131465968801482,0,0.00605975949944332,0.00472455825380327,0.00236227912690163,"Analyze physical, survey, or geographic data.",4.A.2.a.4.I01.D07,6.3884110552885,"Analyze physical, survey, or geographic data.",4.A.2.a.4.I01.D07,3.785,"Analyze physical, survey, or geographic data.",4.A.2.a.4.I01.D07,Analyze,0.45881310894597,0.163861824623561,0.813994685562445,0.528786536758193,Not Community,Others
4.A.2.a.4.I02.D01,0.0124276423632651,0.0454543438831757,0.00205415576252316,0.00575163613506485,0.00462185046567711,Estimate demand for products or services.,4.A.2.a.4.I02.D01,6.62550751567724,Estimate demand for products or services.,4.A.2.a.4.I02.D01,3.5925,Estimate demand for products or services.,4.A.2.a.4.I02.D01,Estimate,0.448184233835252,0.729849424269265,0.588131089459699,0.932683790965456,Not Community,Others
4.A.2.a.4.I02.D02,0.0222875900233763,0.026274828049543,0.00554622055881253,0.0150980448545452,0.00164332461001853,Analyze industry trends.,4.A.2.a.4.I02.D02,6.67489321008553,Analyze industry trends.,4.A.2.a.4.I02.D02,3.29625,Analyze industry trends.,4.A.2.a.4.I02.D02,Analyze,0.588131089459699,0.632418069087688,0.211691762621789,0.989371124889283,Not Community,Others
4.A.2.a.4.I02.D03,0.09356679498293,0.058092868767766,0.0277311027940627,0.0610084261469379,0.00482726604192943,"Forecast economic, political, or social trends.",4.A.2.a.4.I02.D03,6.66148466185368,"Forecast economic, political, or social trends.",4.A.2.a.4.I02.D03,3.235,"Forecast economic, political, or social trends.",4.A.2.a.4.I02.D03,Forecast,0.83170947741364,0.773250664304694,0.162976085031001,0.976085031000886,Not Community,Others
4.A.2.a.4.I02.D04,0.0922315937372899,0.241573208101073,0.0251634080909087,0.0478618292667897,0.0192063563795916,Analyze market conditions or trends.,4.A.2.a.4.I02.D04,6.586768489078,Analyze market conditions or trends.,4.A.2.a.4.I02.D04,3.59383333333333,Analyze market conditions or trends.,4.A.2.a.4.I02.D04,Analyze,0.825509300265722,0.923826395039858,0.589016829052259,0.881310894596989,Not Community,Others
4.A.2.a.4.I02.D05,0.0170494928289422,0.0228380361949614,0.0031839414319109,0.00431372710129864,0.0095518242957327,Analyze website or related online data to track trends or usage.,4.A.2.a.4.I02.D05,6.59127401275931,Analyze website or related online data to track trends or usage.,4.A.2.a.4.I02.D05,3.35833333333333,Analyze website or related online data to track trends or usage.,4.A.2.a.4.I02.D05,Analyze,0.530558015943313,0.604074402125775,0.276350752878654,0.893711248892826,Not Community,Others
4.A.2.a.4.I02.D06,0.0763118865777354,0.170509221688596,0.0266013171246749,0.0387208361235616,0.0109897333294989,Analyze market or customer related data.,4.A.2.a.4.I02.D06,6.67100229220151,Analyze market or customer related data.,4.A.2.a.4.I02.D06,3.39411764705882,Analyze market or customer related data.,4.A.2.a.4.I02.D06,Analyze,0.795394154118689,0.891939769707706,0.309123117803366,0.987599645704163,Not Community,Others
4.A.2.a.4.I02.D07,0.0607003027825594,0.119179072376619,0.0246498691502779,0.0310177520140997,0.00503268161818174,Analyze consumer trends.,4.A.2.a.4.I02.D07,6.54396453196028,Analyze consumer trends.,4.A.2.a.4.I02.D07,3.32214285714286,Analyze consumer trends.,4.A.2.a.4.I02.D07,Analyze,0.763507528786537,0.861824623560673,0.238263950398583,0.803365810451727,Not Community,Others
4.A.2.a.4.I02.D08,0.0822689382890526,0.0521061990855916,0.0263959015484226,0.0456022579280142,0.0102707788126158,Analyze market research data.,4.A.2.a.4.I02.D08,6.46739455215036,Analyze market research data.,4.A.2.a.4.I02.D08,3.56909090909091,Analyze market research data.,4.A.2.a.4.I02.D08,Analyze,0.807794508414526,0.7511071744907,0.558901682905226,0.664304694419841,Community,Nonprofit
4.A.2.a.4.I03.D01,0.153650851036732,0.0951215293945481,0.0307096286497213,0.107945885320592,0.0149953370664191,Assess risks to business operations.,4.A.2.a.4.I03.D01,6.64077687758431,Assess risks to business operations.,4.A.2.a.4.I03.D01,3.46192307692308,Assess risks to business operations.,4.A.2.a.4.I03.D01,Assess,0.888396811337467,0.83348095659876,0.396811337466785,0.953055801594331,Not Community,Others
4.A.2.a.4.I03.D03,0.146461305867901,0.0934585655939441,0.0430345632248602,0.0912045158560283,0.0122222267870128,Analyze risks to minimize losses or damages.,4.A.2.a.4.I03.D03,6.42877192574301,Analyze risks to minimize losses or damages.,4.A.2.a.4.I03.D03,3.73558823529412,Analyze risks to minimize losses or damages.,4.A.2.a.4.I03.D03,Analyze,0.883968113374668,0.829937998228521,0.766164747564216,0.601417183348096,Not Community,Others
4.A.2.a.4.I04.D01,0.549281250898693,0.416849592684733,0.225238179360665,0.309972104564745,0.0140709669732837,Apply mathematical principles or statistical approaches to solve problems in scientific or applied fields.,4.A.2.a.4.I04.D01,6.62948087340152,Apply mathematical principles or statistical approaches to solve problems in scientific or applied fields.,4.A.2.a.4.I04.D01,3.46882352941176,Apply mathematical principles or statistical approaches to solve problems in scientific or applied fields.,4.A.2.a.4.I04.D01,Apply,0.969884853852967,0.952170062001771,0.407440212577502,0.939769707705934,Not Community,Others
4.A.2.a.4.I04.D02,1.44222276086751,0.822501895778733,0.457357780525782,0.938954599049337,0.0459103812923927,Analyze data to identify trends or relationships among variables.,4.A.2.a.4.I04.D02,6.60720464314216,Analyze data to identify trends or relationships among variables.,4.A.2.a.4.I04.D02,3.55648648648649,Analyze data to identify trends or relationships among variables.,4.A.2.a.4.I04.D02,Analyze,0.990256864481842,0.978742249778565,0.539415411868911,0.909654561558902,Not Community,Others
4.A.2.a.4.I05.D01,0.00164332461001853,0.00587580542880076,0,0,0.00164332461001853,Evaluate technical data to determine effect on designs or plans.,4.A.2.a.4.I05.D01,6.50672291359466,Evaluate technical data to determine effect on designs or plans.,4.A.2.a.4.I05.D01,3.651,Evaluate technical data to determine effect on designs or plans.,4.A.2.a.4.I05.D01,Evaluate,0.0380868024800709,0.355181576616475,0.658990256864482,0.728077945084145,Not Community,Others
4.A.2.a.4.I05.D02,0.71751660784934,0.484033330229134,0.204491206159181,0.493202798581811,0.0198226031083485,Analyze design requirements for computer or electronics systems.,4.A.2.a.4.I05.D02,6.3877645821868,Analyze design requirements for computer or electronics systems.,4.A.2.a.4.I05.D02,3.52833333333333,Analyze design requirements for computer or electronics systems.,4.A.2.a.4.I05.D02,Analyze,0.975199291408326,0.961027457927369,0.50044286979628,0.527015057573074,Not Community,Others
4.A.2.a.4.I05.D03,0.0159197071595545,0.00798222624289914,0.00369748037254169,0.00328664922003706,0.00893557756697575,Evaluate designs or specifications to ensure quality.,4.A.2.a.4.I05.D03,6.36379489405829,Evaluate designs or specifications to ensure quality.,4.A.2.a.4.I05.D03,3.68528571428571,Evaluate designs or specifications to ensure quality.,4.A.2.a.4.I05.D03,Evaluate,0.508414526129318,0.404782993799823,0.699734278122232,0.489813994685563,Not Community,Others
4.A.2.a.4.I05.D05,0.545070231585521,0.943011339195835,0.133109293411501,0.364407232271609,0.0475537059024112,Analyze project data to determine specifications or requirements.,4.A.2.a.4.I05.D05,6.50577974707482,Analyze project data to determine specifications or requirements.,4.A.2.a.4.I05.D05,3.5955,Analyze project data to determine specifications or requirements.,4.A.2.a.4.I05.D05,Analyze,0.968999114260407,0.980513728963685,0.590788308237378,0.725420726306466,Not Community,Others
4.A.2.a.4.I05.D06,0.00975723987198501,0.00620839818892156,0,0.00154061682189237,0.00821662305009264,Analyze design or requirements information for mechanical equipment or systems.,4.A.2.a.4.I05.D06,6.46731337734538,Analyze design or requirements information for mechanical equipment or systems.,4.A.2.a.4.I05.D06,3.70375,Analyze design or requirements information for mechanical equipment or systems.,4.A.2.a.4.I05.D06,Analyze,0.379096545615589,0.361381753764393,0.724534986713906,0.663418954827281,Not Community,Others
4.A.2.a.4.I05.D08,0.0134547202445267,0.00199555656072479,0,0.00410831152504632,0.00934640871948038,Analyze costs and benefits of proposed designs or projects.,4.A.2.a.4.I05.D08,6.37032381248556,Analyze costs and benefits of proposed designs or projects.,4.A.2.a.4.I05.D08,3.63690476190476,Analyze costs and benefits of proposed designs or projects.,4.A.2.a.4.I05.D08,Analyze,0.470327723649247,0.201062887511072,0.640389725420726,0.49867139061116,Not Community,Others
4.A.2.a.4.I06.D01,0.0425210242842294,0.00354765610795518,0.0146872137020406,0.0212605121421147,0.00657329844007411,Analyze health-related data.,4.A.2.a.4.I06.D01,6.61395656029372,Analyze health-related data.,4.A.2.a.4.I06.D01,3.62045454545455,Analyze health-related data.,4.A.2.a.4.I06.D01,Analyze,0.704162976085031,0.280779450841453,0.620903454384411,0.91762621789194,Not Community,Others
4.A.2.a.4.I06.D02,0.057824484715027,0.0951215293945481,0.0147899214901668,0.0275256872178104,0.0155088760070499,Analyze patient data to determine patient needs or treatment goals.,4.A.2.a.4.I06.D02,6.14824504267175,Analyze patient data to determine patient needs or treatment goals.,4.A.2.a.4.I06.D02,3.88155737704918,Analyze patient data to determine patient needs or treatment goals.,4.A.2.a.4.I06.D02,Analyze,0.755535872453499,0.83348095659876,0.87688219663419,0.29140832595217,Not Community,Others
4.A.2.a.4.I06.D03,0.465060864635244,0.253435683212048,0.168132649162521,0.262418398662334,0.0345098168103891,Analyze test data or images to inform diagnosis or treatment.,4.A.2.a.4.I06.D03,6.29673463182705,Analyze test data or images to inform diagnosis or treatment.,4.A.2.a.4.I06.D03,4.40636363636364,Analyze test data or images to inform diagnosis or treatment.,4.A.2.a.4.I06.D03,Analyze,0.96014171833481,0.927369353410097,0.985828166519043,0.411868910540301,Not Community,Others
4.A.2.a.4.I06.D05,0.00225957133877548,0,0,0.00164332461001853,0.000616246728756948,Calculate numerical data for medical activities.,4.A.2.a.4.I06.D05,6.09038571253292,Calculate numerical data for medical activities.,4.A.2.a.4.I06.D05,4.35833333333333,Calculate numerical data for medical activities.,4.A.2.a.4.I06.D05,Calculate,0.102745792736935,0.163861824623561,0.981399468556245,0.257750221434898,Not Community,Others
4.A.2.a.4.I06.D06,0.0443697644705003,0.0286029773703886,0.0140709669732837,0.0247525769384041,0.00554622055881253,Analyze quantitative data to determine effectiveness of treatments or therapies.,4.A.2.a.4.I06.D06,6.24650939571375,Analyze quantitative data to determine effectiveness of treatments or therapies.,4.A.2.a.4.I06.D06,3.50285714285714,Analyze quantitative data to determine effectiveness of treatments or therapies.,4.A.2.a.4.I06.D06,Analyze,0.714791851195748,0.647475642161205,0.450841452612932,0.363153232949513,Not Community,Others
4.A.2.a.4.I07.D01,0.0395424984285708,0.0195121085937535,0.0131465968801482,0.0200280186846008,0.0063678828638218,Calculate data to inform organizational operations.,4.A.2.a.4.I07.D01,6.50467598007788,Calculate data to inform organizational operations.,4.A.2.a.4.I07.D01,3.4635,Calculate data to inform organizational operations.,4.A.2.a.4.I07.D01,Calculate,0.687333923826395,0.566873339238264,0.398582816651904,0.720992028343667,Not Community,Others
4.A.2.a.4.I07.D02,0.245266198045265,0.0314854479581022,0.102707788126158,0.129309105250833,0.0132493046682744,Analyze operational or research data.,4.A.2.a.4.I07.D02,6.62801053011607,Analyze operational or research data.,4.A.2.a.4.I07.D02,3.35277777777778,Analyze operational or research data.,4.A.2.a.4.I07.D02,Analyze,0.91674047829938,0.670504871567759,0.271036315323295,0.938883968113375,Not Community,Others
4.A.2.a.4.I07.D03,0.112465027998143,0.0817069547363427,0.0278338105821888,0.0756956398489785,0.00893557756697575,"Analyze operational data to evaluate operations, processes or products.",4.A.2.a.4.I07.D03,6.39175544758521,"Analyze operational data to evaluate operations, processes or products.",4.A.2.a.4.I07.D03,3.71310344827586,"Analyze operational data to evaluate operations, processes or products.",4.A.2.a.4.I07.D03,Analyze,0.854738706820195,0.813108945969885,0.736935341009743,0.537643932683791,Not Community,Others
4.A.2.a.4.I07.D04,0.0154061682189237,0.00975605429687673,0.00267040249128011,0.00883286977884959,0.00390289594879401,Evaluate energy production data.,4.A.2.a.4.I07.D04,6.25740067693032,Evaluate energy production data.,4.A.2.a.4.I07.D04,3.7825,Evaluate energy production data.,4.A.2.a.4.I07.D04,Evaluate,0.50044286979628,0.448184233835252,0.811337466784765,0.37643932683791,Not Community,Others
4.A.2.a.4.I07.D05,0.356909563738399,0.163192180965938,0.115340846065675,0.224005685903151,0.017563031769573,Interpret research or operational data.,4.A.2.a.4.I07.D05,6.4679243504445,Interpret research or operational data.,4.A.2.a.4.I07.D05,3.57,Interpret research or operational data.,4.A.2.a.4.I07.D05,Interpret,0.944198405668733,0.889282550930027,0.562444641275465,0.66696191319752,Not Community,Others
4.A.2.a.4.I07.D07,0.0137628436089052,0.00842568325639354,0.00246498691502779,0,0.0112978566938774,Analyze logistics processes.,4.A.2.a.4.I07.D07,6.58696632134127,Analyze logistics processes.,4.A.2.a.4.I07.D07,3.20782608695652,Analyze logistics processes.,4.A.2.a.4.I07.D07,Analyze,0.478299379982285,0.4162976085031,0.143489813994686,0.883082373782108,Not Community,Others
4.A.2.a.4.I07.D08,0.124789962573282,0.109312153826369,0.044164348894248,0.0705602504426706,0.0100653632363635,Analyze forecasting data to improve business decisions.,4.A.2.a.4.I07.D08,6.46831772297511,Analyze forecasting data to improve business decisions.,4.A.2.a.4.I07.D08,3.5171875,Analyze forecasting data to improve business decisions.,4.A.2.a.4.I07.D08,Analyze,0.862710363153233,0.852081488042516,0.475642161204606,0.66784765279008,Not Community,Others
4.A.2.a.4.I07.D09,0.0942857494998131,0.445009113041627,0.0317367065309828,0.0598786404775501,0.00267040249128011,Analyze data to assess operational or project effectiveness.,4.A.2.a.4.I07.D09,6.51017636527282,Analyze data to assess operational or project effectiveness.,4.A.2.a.4.I07.D09,3.74285714285714,Analyze data to assess operational or project effectiveness.,4.A.2.a.4.I07.D09,Analyze,0.83348095659876,0.953941541186891,0.775907883082374,0.732506643046944,Not Community,Others
4.A.2.a.4.I07.D10,0.00215686355064932,0.00243901357421918,0,0,0.00215686355064932,"Analyze jobs using observation, survey, or interview techniques.",4.A.2.a.4.I07.D10,6.60189804287875,"Analyze jobs using observation, survey, or interview techniques.",4.A.2.a.4.I07.D10,3.29428571428571,"Analyze jobs using observation, survey, or interview techniques.",4.A.2.a.4.I07.D10,Analyze,0.0965456155890168,0.234720992028344,0.20992028343667,0.902568644818423,Not Community,Others
4.A.2.a.4.I07.D11,0.0150980448545452,0.0135254389115791,0.00380018816066785,0.00554622055881253,0.00575163613506485,Analyze data to inform personnel decisions.,4.A.2.a.4.I07.D11,6.43171555166134,Analyze data to inform personnel decisions.,4.A.2.a.4.I07.D11,3.07428571428571,Analyze data to inform personnel decisions.,4.A.2.a.4.I07.D11,Analyze,0.496899911426041,0.50132860938884,0.0602302922940655,0.608503100088574,Not Community,Others
4.A.2.a.4.I07.D12,0.132390338894618,0.0660750950106651,0.0551540822237469,0.0623436273925779,0.0148926292782929,Analyze data to inform operational decisions or activities.,4.A.2.a.4.I07.D12,6.37302288409585,Analyze data to inform operational decisions or activities.,4.A.2.a.4.I07.D12,3.5293023255814,Analyze data to inform operational decisions or activities.,4.A.2.a.4.I07.D12,Analyze,0.87511071744907,0.79185119574845,0.5022143489814,0.503985828166519,Not Community,Others
4.A.2.a.4.I07.D13,0.0378991738185523,0.00332592760120798,0.0132493046682744,0.022082174447124,0.00256769470315395,Evaluate logistics methods to reduce environmental impact.,4.A.2.a.4.I07.D13,6.54146344879796,Evaluate logistics methods to reduce environmental impact.,4.A.2.a.4.I07.D13,3.2305,Evaluate logistics methods to reduce environmental impact.,4.A.2.a.4.I07.D13,Evaluate,0.678476527900797,0.271036315323295,0.158547387068202,0.798051372896369,Not Community,Others
4.A.2.a.4.I07.D14,0.885546549223735,0.523168411670015,0.386900237871237,0.469374591736542,0.029271719615955,Analyze data to identify or resolve operational problems.,4.A.2.a.4.I07.D14,6.53386747671403,Analyze data to identify or resolve operational problems.,4.A.2.a.4.I07.D14,3.59775,Analyze data to identify or resolve operational problems.,4.A.2.a.4.I07.D14,Analyze,0.984056687333924,0.965456155890168,0.593445527015058,0.777679362267493,Not Community,Others
4.A.2.a.4.I07.D15,0.0163305383120591,0.0361417465997934,0.00400560373692016,0.00667600622820027,0.00564892834693869,Analyze shipping information to make routing decisions.,4.A.2.a.4.I07.D15,6.30259018702926,Analyze shipping information to make routing decisions.,4.A.2.a.4.I07.D15,3.6325,Analyze shipping information to make routing decisions.,4.A.2.a.4.I07.D15,Analyze,0.516386182462356,0.690876882196634,0.635075287865368,0.414526129317981,Not Community,Others
4.A.2.a.4.I07.D17,0.00985994766011117,0.00975605429687673,0.00215686355064932,0.00492997383005559,0.00277311027940627,Analyze energy usage data.,4.A.2.a.4.I07.D17,6.03573973138499,Analyze energy usage data.,4.A.2.a.4.I07.D17,3.075,Analyze energy usage data.,4.A.2.a.4.I07.D17,Analyze,0.383525243578388,0.448184233835252,0.0611160318866253,0.232949512843224,Not Community,Others
4.A.2.a.4.I08.D01,0.0752848086964738,0.0566516334739092,0.0174603239814469,0.0439589333179956,0.0138655513970313,Identify implications for cases from legal precedents or other legal information.,4.A.2.a.4.I08.D01,6.66449140933875,Identify implications for cases from legal precedents or other legal information.,4.A.2.a.4.I08.D01,3.97911764705882,Identify implications for cases from legal precedents or other legal information.,4.A.2.a.4.I08.D01,Identify,0.79273693534101,0.768821966341896,0.907883082373782,0.978742249778565,Not Community,Others
4.A.2.a.4.I09.D01,0.0137628436089052,0.00177382805397759,0.00225957133877548,0.0070868373807049,0.0044164348894248,Appraise environmental impact of regulations or policies.,4.A.2.a.4.I09.D01,6.6583534032437,Appraise environmental impact of regulations or policies.,4.A.2.a.4.I09.D01,3.16833333333333,Appraise environmental impact of regulations or policies.,4.A.2.a.4.I09.D01,Appraise,0.478299379982285,0.185119574844996,0.12400354295837,0.971656333038087,Not Community,Others
4.A.2.a.4.I09.D02,0.00256769470315395,0,0,0,0.00256769470315395,Analyze environmental regulations to ensure organizational compliance.,4.A.2.a.4.I09.D02,6.6004705674884,Analyze environmental regulations to ensure organizational compliance.,4.A.2.a.4.I09.D02,3.53916666666667,Analyze environmental regulations to ensure organizational compliance.,4.A.2.a.4.I09.D02,Analyze,0.127546501328609,0.163861824623561,0.518157661647476,0.901682905225864,Not Community,Others
4.A.2.a.4.I09.D03,0.00914099314322806,0,0.00328664922003706,0.00482726604192943,0.00102707788126158,Analyze impact of legal or regulatory changes.,4.A.2.a.4.I09.D03,6.57540397460039,Analyze impact of legal or regulatory changes.,4.A.2.a.4.I09.D03,3.70125,Analyze impact of legal or regulatory changes.,4.A.2.a.4.I09.D03,Analyze,0.361381753764393,0.163861824623561,0.718334809565988,0.854738706820195,Community,Nonprofit
4.A.2.a.4.I09.D04,0.0705602504426706,0.0962301719282841,0.016227830523933,0.0468347513855281,0.00749766853320954,Evaluate applicable laws and regulations to determine impact on organizational activities.,4.A.2.a.4.I09.D04,6.68927183204837,Evaluate applicable laws and regulations to determine impact on organizational activities.,4.A.2.a.4.I09.D04,3.55928571428571,Evaluate applicable laws and regulations to determine impact on organizational activities.,4.A.2.a.4.I09.D04,Evaluate,0.782108060230292,0.83436669619132,0.545615589016829,0.99911426040744,Not Community,Others
4.A.2.a.4.I10.D01,0.0385154205473093,0.0126385248845903,0.0106816099651204,0.0132493046682744,0.0145845059139144,Analyze laboratory specimens to detect abnormalities or other problems.,4.A.2.a.4.I10.D01,6.20256756043387,Analyze laboratory specimens to detect abnormalities or other problems.,4.A.2.a.4.I10.D01,4.47085714285714,Analyze laboratory specimens to detect abnormalities or other problems.,4.A.2.a.4.I10.D01,Analyze,0.685562444641275,0.489813994685563,0.995571302037201,0.330380868024801,Not Community,Others
4.A.2.a.4.I10.D04,0.0180765707102038,0.00277160633433998,0.00780579189758801,0.00965453208385885,0.000616246728756948,Analyze laboratory findings.,4.A.2.a.4.I10.D04,6.027813956991,Analyze laboratory findings.,4.A.2.a.4.I10.D04,4.42166666666667,Analyze laboratory findings.,4.A.2.a.4.I10.D04,Analyze,0.54118689105403,0.255093002657219,0.989371124889283,0.231178033658105,Not Community,Others
4.A.2.a.4.I10.D05,0.068916925832652,0.0685141085848843,0.0218767588708717,0.0420074853435986,0.00503268161818174,Analyze biological samples.,4.A.2.a.4.I10.D05,6.42391876830773,Analyze biological samples.,4.A.2.a.4.I10.D05,3.767,Analyze biological samples.,4.A.2.a.4.I10.D05,Analyze,0.779450841452613,0.796279893711249,0.799822852081488,0.593445527015058,Not Community,Others
4.A.2.a.4.I10.D06,0.480467032854167,0.227604312175999,0.171727421746936,0.288608884634504,0.020130726472727,Analyze chemical compounds or substances.,4.A.2.a.4.I10.D06,6.19063052433094,Analyze chemical compounds or substances.,4.A.2.a.4.I10.D06,4.04138888888889,Analyze chemical compounds or substances.,4.A.2.a.4.I10.D06,Analyze,0.962798937112489,0.91585473870682,0.921169176262179,0.324180690876882,Not Community,Others
4.A.2.a.4.I11.D01,0.0133520124564005,0.00986691855025033,0.00297852585565858,0.00421101931317248,0.00616246728756948,Analyze budgetary or accounting data.,4.A.2.a.4.I11.D01,6.6630201894138,Analyze budgetary or accounting data.,4.A.2.a.4.I11.D01,3.51272727272727,Analyze budgetary or accounting data.,4.A.2.a.4.I11.D01,Analyze,0.465013286093888,0.449069973427812,0.470327723649247,0.977856510186005,Not Community,Others
4.A.2.a.4.I11.D02,0.0243417457858995,0.00787136198952555,0.00688142180445259,0.0128384735157698,0.00462185046567711,Analyze financial information.,4.A.2.a.4.I11.D02,6.62021856482665,Analyze financial information.,4.A.2.a.4.I11.D02,3.7,Analyze financial information.,4.A.2.a.4.I11.D02,Analyze,0.607617360496014,0.400354295837024,0.717449069973428,0.925597874224978,Not Community,Others
4.A.2.a.4.I11.D03,0.128076611793319,0.185254167387284,0.0485807837836728,0.0686088024682736,0.0108870255413728,Apply mathematical models of financial or business conditions.,4.A.2.a.4.I11.D03,6.63193030564816,Apply mathematical models of financial or business conditions.,4.A.2.a.4.I11.D03,3.32636363636364,Apply mathematical models of financial or business conditions.,4.A.2.a.4.I11.D03,Apply,0.869796279893711,0.899025686448184,0.240921169176262,0.941541186891054,Not Community,Others
4.A.2.a.4.I11.D04,0.380532355007415,0.307204846098243,0.0928478404660469,0.257899255984783,0.0297852585565858,Analyze business or financial data.,4.A.2.a.4.I11.D04,6.6397977157566,Analyze business or financial data.,4.A.2.a.4.I11.D04,3.44852941176471,Analyze business or financial data.,4.A.2.a.4.I11.D04,Analyze,0.947741364038973,0.937112488928255,0.378210806023029,0.950398582816652,Not Community,Others
4.A.2.a.4.I11.D05,0.022082174447124,0.0146340814453151,0.00729225295695722,0.0107843177532466,0.00400560373692016,Analyze financial records to improve budgeting or planning.,4.A.2.a.4.I11.D05,6.54138912917574,Analyze financial records to improve budgeting or planning.,4.A.2.a.4.I11.D05,3.557,Analyze financial records to improve budgeting or planning.,4.A.2.a.4.I11.D05,Analyze,0.58458813108946,0.520814880425155,0.54118689105403,0.797165633303809,Not Community,Others
4.A.2.a.4.I11.D06,0.0134547202445267,0.0147449456986887,0.00359477258441553,0.00431372710129864,0.00554622055881253,Analyze financial records or reports to determine state of operations.,4.A.2.a.4.I11.D06,6.5023761533806,Analyze financial records or reports to determine state of operations.,4.A.2.a.4.I11.D06,3.39,Analyze financial records or reports to determine state of operations.,4.A.2.a.4.I11.D06,Analyze,0.468556244464128,0.522586359610275,0.306465899025686,0.717449069973428,Not Community,Others
4.A.2.a.4.I11.D07,0.115648969430054,0.0623057103959628,0.0414939464029678,0.0640896597907226,0.0100653632363635,Analyze financial records to improve efficiency.,4.A.2.a.4.I11.D07,6.45909363732644,Analyze financial records to improve efficiency.,4.A.2.a.4.I11.D07,3.65576923076923,Analyze financial records to improve efficiency.,4.A.2.a.4.I11.D07,Analyze,0.857395925597874,0.782993799822852,0.6651904340124,0.649247121346324,Not Community,Others
4.A.2.a.4.I12.D02,0.0852474641447112,0.148114642507129,0.0287581806753242,0.0510457706987006,0.00544351277068638,"Analyze security of systems, network, or data.",4.A.2.a.4.I12.D02,6.45058840484006,"Analyze security of systems, network, or data.",4.A.2.a.4.I12.D02,3.625625,"Analyze security of systems, network, or data.",4.A.2.a.4.I12.D02,Analyze,0.817537643932684,0.879539415411869,0.62710363153233,0.642161204605846,Not Community,Others
4.A.2.a.4.I12.D04,0.0777497956115016,0.00288247058771358,0.0321475376834875,0.0423156087079771,0.00328664922003706,Analyze test or validation data.,4.A.2.a.4.I12.D04,6.25025739758895,Analyze test or validation data.,4.A.2.a.4.I12.D04,3.64346153846154,Analyze test or validation data.,4.A.2.a.4.I12.D04,Analyze,0.798937112488928,0.260407440212578,0.650132860938884,0.369353410097431,Not Community,Others
4.A.2.a.4.I12.D05,0.0158169993714283,0.0130819818980847,0.00215686355064932,0.0076003763213357,0.00605975949944333,Analyze test or performance data to assess equipment operation.,4.A.2.a.4.I12.D05,5.73444113924373,Analyze test or performance data to assess equipment operation.,4.A.2.a.4.I12.D05,3.7625,Analyze test or performance data to assess equipment operation.,4.A.2.a.4.I12.D05,Analyze,0.505757307351639,0.495128432240921,0.79273693534101,0.107174490699734,Not Community,Others
4.A.2.b.1.I01.D01,0.025985070395918,0.00166296380060399,0.0114005644820035,0.0114005644820035,0.0031839414319109,"Estimate costs of products, services, or materials.",4.A.2.b.1.I01.D01,5.6864486943757,"Estimate costs of products, services, or materials.",4.A.2.b.1.I01.D01,3.590625,"Estimate costs of products, services, or materials.",4.A.2.b.1.I01.D01,Estimate,0.614703277236492,0.174490699734278,0.58458813108946,0.0752878653675819,Not Community,Others
4.A.2.b.1.I01.D02,0.020130726472727,0.0140797601784471,0.0031839414319109,0.00554622055881253,0.0114005644820035,Determine the value of goods or services.,4.A.2.b.1.I01.D02,6.52775264825131,Determine the value of goods or services.,4.A.2.b.1.I01.D02,3.45730769230769,Determine the value of goods or services.,4.A.2.b.1.I01.D02,Determine,0.572187776793623,0.511071744906997,0.388839681133747,0.767936226749336,Not Community,Others
4.A.2.b.1.I01.D03,0.0383100049710569,0.0420175520285941,0.0112978566938774,0.0218767588708717,0.0051353894063079,Estimate costs or terms of sales.,4.A.2.b.1.I01.D03,6.44726601747645,Estimate costs or terms of sales.,4.A.2.b.1.I01.D03,3.39558823529412,Estimate costs or terms of sales.,4.A.2.b.1.I01.D03,Estimate,0.684676705048716,0.715677590788308,0.311780336581045,0.635961027457927,Not Community,Others
4.A.2.b.1.I01.D04,0.0272175638534319,0.0732812714799491,0.0109897333294989,0.00985994766011117,0.0063678828638218,Determine prices for menu items.,4.A.2.b.1.I01.D04,5.82979280127518,Determine prices for menu items.,4.A.2.b.1.I01.D04,3.31,Determine prices for menu items.,4.A.2.b.1.I01.D04,Determine,0.62356067316209,0.801594331266608,0.225863596102746,0.150575730735164,Not Community,Others
4.A.2.b.1.I01.D05,0.00174603239814469,0.00343679185458158,0,0,0.00174603239814469,Calculate shipping costs.,4.A.2.b.1.I01.D05,6.22875586117877,Calculate shipping costs.,4.A.2.b.1.I01.D05,3.53041666666667,Calculate shipping costs.,4.A.2.b.1.I01.D05,Calculate,0.0531443755535872,0.278122232063773,0.503985828166519,0.352524357838795,Not Community,Others
4.A.2.b.1.I01.D06,0.0430345632248602,0.0419066877752205,0.0171522006170684,0.0231092523283856,0.00277311027940627,Estimate costs of goods or services.,4.A.2.b.1.I01.D06,6.59624858281477,Estimate costs of goods or services.,4.A.2.b.1.I01.D06,3.52545454545455,Estimate costs of goods or services.,4.A.2.b.1.I01.D06,Estimate,0.71036315323295,0.714791851195748,0.492471213463242,0.899025686448184,Not Community,Others
4.A.2.b.1.I01.D07,0.10907567098998,0.0590906470481284,0.053921588766233,0.0386181283354354,0.0165359538883114,Calculate costs of goods or services.,4.A.2.b.1.I01.D07,6.32120852646391,Calculate costs of goods or services.,4.A.2.b.1.I01.D07,3.44056818181818,Calculate costs of goods or services.,4.A.2.b.1.I01.D07,Calculate,0.851195748449956,0.776793622674934,0.371124889282551,0.437555358724535,Not Community,Others
4.A.2.b.1.I02.D01,0.0290663040397027,0.00532148416193276,0.0044164348894248,0.0138655513970313,0.0107843177532466,Determine causes of operational problems or failures.,4.A.2.b.1.I02.D01,6.21393934356544,Determine causes of operational problems or failures.,4.A.2.b.1.I02.D01,3.76625,Determine causes of operational problems or failures.,4.A.2.b.1.I02.D01,Determine,0.636846767050487,0.339238263950399,0.797165633303809,0.341009743135518,Not Community,Others
4.A.2.b.1.I02.D02,0.0243417457858995,0.0162970452459191,0.00328664922003706,0.0119141034226343,0.00914099314322806,Troubleshoot equipment or systems operation problems.,4.A.2.b.1.I02.D02,5.6490109194392,Troubleshoot equipment or systems operation problems.,4.A.2.b.1.I02.D02,3.85157894736842,Troubleshoot equipment or systems operation problems.,4.A.2.b.1.I02.D02,Troubleshoot,0.607617360496014,0.534100974313552,0.860053144375554,0.0487156775907883,Not Community,Others
4.A.2.b.1.I02.D03,0.00164332461001853,0,0,0,0.00164332461001853,Diagnose equipment malfunctions.,4.A.2.b.1.I02.D03,5.83943290877902,Diagnose equipment malfunctions.,4.A.2.b.1.I02.D03,4.10777777777778,Diagnose equipment malfunctions.,4.A.2.b.1.I02.D03,Diagnose,0.0380868024800709,0.163861824623561,0.936226749335695,0.158547387068202,Not Community,Others
4.A.2.b.1.I03.D02,0.0148926292782929,0.00388024886807597,0.00267040249128011,0.00164332461001853,0.0105789021769943,Authorize financial actions.,4.A.2.b.1.I03.D02,6.52120772065913,Authorize financial actions.,4.A.2.b.1.I03.D02,3.653,Authorize financial actions.,4.A.2.b.1.I03.D02,Authorize,0.494242692648361,0.29229406554473,0.663418954827281,0.754650132860939,Not Community,Others
4.A.2.b.1.I03.D04,0.0185901096508346,0.00199555656072479,0.00451914267755095,0.0031839414319109,0.0108870255413728,Approve expenditures.,4.A.2.b.1.I03.D04,6.51114520923278,Approve expenditures.,4.A.2.b.1.I03.D04,3.55541666666667,Approve expenditures.,4.A.2.b.1.I03.D04,Approve,0.549158547387068,0.201062887511072,0.536758193091231,0.736935341009743,Not Community,Others
4.A.2.b.1.I04.D01,0.00205415576252316,0,0,0,0.00205415576252316,Determine metal or plastic production methods.,4.A.2.b.1.I04.D01,5.65758952377304,Determine metal or plastic production methods.,4.A.2.b.1.I04.D01,3.610625,Determine metal or plastic production methods.,4.A.2.b.1.I04.D01,Determine,0.0814880425155005,0.163861824623561,0.611160318866253,0.0513728963684677,Not Community,Others
4.A.2.b.1.I04.D02,0.00729225295695722,0.00776049773615195,0,0.00205415576252316,0.00523809719443406,Determine appropriate locations for operations or installations.,4.A.2.b.1.I04.D02,5.53472422803975,Determine appropriate locations for operations or installations.,4.A.2.b.1.I04.D02,3.68958333333333,Determine appropriate locations for operations or installations.,4.A.2.b.1.I04.D02,Determine,0.318866253321523,0.398582816651904,0.705934455270151,0.016829052258636,Not Community,Others
4.A.2.b.1.I04.D04,0.00256769470315395,0,0,0,0.00256769470315395,Determine operational procedures.,4.A.2.b.1.I04.D04,5.92543839428955,Determine operational procedures.,4.A.2.b.1.I04.D04,4.1275,Determine operational procedures.,4.A.2.b.1.I04.D04,Determine,0.127546501328609,0.163861824623561,0.940655447298494,0.191319751992914,Not Community,Others
4.A.2.b.1.I04.D05,0.00267040249128011,0,0,0.00174603239814469,0.000924370093135422,Determine methods to minimize environmental impact of activities.,4.A.2.b.1.I04.D05,6.16167135304459,Determine methods to minimize environmental impact of activities.,4.A.2.b.1.I04.D05,3.51166666666667,Determine methods to minimize environmental impact of activities.,4.A.2.b.1.I04.D05,Determine,0.135518157661648,0.163861824623561,0.467670504871568,0.301151461470328,Not Community,Others
4.A.2.b.1.I04.D06,0.0119141034226343,0.0140797601784471,0.00267040249128011,0.0051353894063079,0.00410831152504632,Determine food production methods.,4.A.2.b.1.I04.D06,5.86257766333923,Determine food production methods.,4.A.2.b.1.I04.D06,3.678,Determine food production methods.,4.A.2.b.1.I04.D06,Determine,0.434898139946856,0.512843224092117,0.692648361381754,0.16829052258636,Not Community,Others
4.A.2.b.1.I04.D08,0.00338935700816322,0.00188469230735119,0,0.00236227912690164,0.00102707788126158,Determine construction project layouts.,4.A.2.b.1.I04.D08,5.58081746259,Determine construction project layouts.,4.A.2.b.1.I04.D08,3.73055555555556,Determine construction project layouts.,4.A.2.b.1.I04.D08,Determine,0.178033658104517,0.190434012400354,0.759078830823738,0.0230292294065545,Not Community,Others
4.A.2.b.1.I04.D10,0.106713391863078,0.0217293936612255,0.0155088760070499,0.0847339252040804,0.00647059065194796,Determine appropriate methods for data analysis.,4.A.2.b.1.I04.D10,6.66542605566729,Determine appropriate methods for data analysis.,4.A.2.b.1.I04.D10,3.54,Determine appropriate methods for data analysis.,4.A.2.b.1.I04.D10,Determine,0.848538529672277,0.592559787422498,0.520814880425155,0.982285208148804,Not Community,Others
4.A.2.b.1.I04.D11,0.0268067327009273,0.0100886470569975,0.0101680710244896,0.00934640871948038,0.00729225295695722,Determine protocols for medical procedures.,4.A.2.b.1.I04.D11,6.25475369207332,Determine protocols for medical procedures.,4.A.2.b.1.I04.D11,4.5002,Determine protocols for medical procedures.,4.A.2.b.1.I04.D11,Determine,0.620017714791851,0.456155890168291,1,0.372896368467671,Not Community,Others
4.A.2.b.1.I04.D12,0.0145845059139144,0.00687358370916315,0.00246498691502779,0.00698412959257875,0.0051353894063079,Choose optimal transportation routes or speeds.,4.A.2.b.1.I04.D12,5.92056142164755,Choose optimal transportation routes or speeds.,4.A.2.b.1.I04.D12,4.27342105263158,Choose optimal transportation routes or speeds.,4.A.2.b.1.I04.D12,Choose,0.489813994685563,0.382639503985828,0.968113374667848,0.189548272807795,Not Community,Others
4.A.2.b.1.I04.D13,0.059775932689424,0.0645229954634347,0.0247525769384041,0.0274229794296842,0.00760037632133569,Determine technical requirements of productions or projects.,4.A.2.b.1.I04.D13,6.17786916581647,Determine technical requirements of productions or projects.,4.A.2.b.1.I04.D13,3.48363636363636,Determine technical requirements of productions or projects.,4.A.2.b.1.I04.D13,Determine,0.759078830823738,0.786536758193091,0.432240921169176,0.310894596988485,Not Community,Others
4.A.2.b.1.I05.D01,0.157861870349905,0.134145746582055,0.0463212124448973,0.109178378778106,0.00236227912690163,Make decisions in legal cases.,4.A.2.b.1.I05.D01,6.68108288053131,Make decisions in legal cases.,4.A.2.b.1.I05.D01,3.85666666666667,Make decisions in legal cases.,4.A.2.b.1.I05.D01,Make,0.891054030115146,0.871567759078831,0.862710363153233,0.995571302037201,Not Community,Others
4.A.2.b.1.I06.D02,0.0264986093365488,0.0159644524857983,0.00421101931317248,0.0145845059139144,0.00770308410946185,Diagnose medical conditions.,4.A.2.b.1.I06.D02,6.28910907392493,Diagnose medical conditions.,4.A.2.b.1.I06.D02,4.419453125,Diagnose medical conditions.,4.A.2.b.1.I06.D02,Diagnose,0.618246235606732,0.529672276350753,0.988485385296723,0.407440212577502,Not Community,Others
4.A.2.b.1.I06.D03,0.0573109457743962,0.0620839818892156,0.00965453208385885,0.0419047775554725,0.00575163613506485,Diagnose neural or psychological disorders.,4.A.2.b.1.I06.D03,6.63977381875279,Diagnose neural or psychological disorders.,4.A.2.b.1.I06.D03,3.93625,Diagnose neural or psychological disorders.,4.A.2.b.1.I06.D03,Diagnose,0.754650132860939,0.782108060230292,0.893711248892826,0.949512843224092,Not Community,Others
4.A.2.b.1.I07.D01,2.75873118906861,4.20120088159254,1.11294159213505,1.58478117078662,0.0610084261469379,Edit written materials.,4.A.2.b.1.I07.D01,6.55291539344769,Edit written materials.,4.A.2.b.1.I07.D01,3.57013888888889,Edit written materials.,4.A.2.b.1.I07.D01,Edit,0.992914083259522,0.99822852081488,0.563330380868025,0.821966341895483,Not Community,Others
4.A.2.b.1.I07.D02,1.07452887937587,0.395231063276881,0.509019797953239,0.544145861492385,0.0213632199302409,Edit documents.,4.A.2.b.1.I07.D02,6.52495444911601,Edit documents.,4.A.2.b.1.I07.D02,3.161,Edit documents.,4.A.2.b.1.I07.D02,Edit,0.987599645704163,0.951284322409212,0.119574844995571,0.763507528786537,Community,Nonprofit
4.A.2.b.1.I08.D01,0.0154061682189237,0,0.00184874018627084,0.00380018816066785,0.00975723987198501,Estimate technical or resource requirements for development or production projects.,4.A.2.b.1.I08.D01,6.39584672663342,Estimate technical or resource requirements for development or production projects.,4.A.2.b.1.I08.D01,3.60397058823529,Estimate technical or resource requirements for development or production projects.,4.A.2.b.1.I08.D01,Estimate,0.5022143489814,0.163861824623561,0.601417183348096,0.54207263064659,Not Community,Others
4.A.2.b.1.I08.D02,0.0352287713272722,0.0324832262384646,0.0118113956345082,0.0167413694645638,0.00667600622820027,Identify information technology project resource requirements.,4.A.2.b.1.I08.D02,6.46383445169126,Identify information technology project resource requirements.,4.A.2.b.1.I08.D02,3.66466666666667,Identify information technology project resource requirements.,4.A.2.b.1.I08.D02,Identify,0.66696191319752,0.673162090345438,0.678476527900797,0.653675819309123,Not Community,Others
4.A.2.b.1.I08.D03,0.00225957133877548,0,0,0,0.00225957133877548,Estimate labor requirements.,4.A.2.b.1.I08.D03,6.56361070203143,Estimate labor requirements.,4.A.2.b.1.I08.D03,3.41875,Estimate labor requirements.,4.A.2.b.1.I08.D03,Estimate,0.102745792736935,0.163861824623561,0.342781222320638,0.836138175376439,Not Community,Others
4.A.2.b.1.I08.D04,0.00267040249128011,0,0,0,0.00267040249128011,"Calculate specific material, equipment, or labor requirements for production.",4.A.2.b.1.I08.D04,5.75985139624595,"Calculate specific material, equipment, or labor requirements for production.",4.A.2.b.1.I08.D04,3.89576923076923,"Calculate specific material, equipment, or labor requirements for production.",4.A.2.b.1.I08.D04,Calculate,0.135518157661648,0.163861824623561,0.880425155004429,0.118689105403012,Not Community,Others
4.A.2.b.1.I08.D05,0.0196171875320962,0.0364743393599142,0.0063678828638218,0.00975723987198501,0.00349206479628937,Determine resource needs.,4.A.2.b.1.I08.D05,6.22306936548676,Determine resource needs.,4.A.2.b.1.I08.D05,3.50166666666667,Determine resource needs.,4.A.2.b.1.I08.D05,Determine,0.567759078830824,0.693534100974314,0.449069973427812,0.348981399468556,Not Community,Others
4.A.2.b.1.I08.D07,0.00492997383005559,0.0201772941139951,0.00174603239814469,0,0.0031839414319109,"Estimate supplies, ingredients, or staff requirements for food preparation activities.",4.A.2.b.1.I08.D07,5.90806694051808,"Estimate supplies, ingredients, or staff requirements for food preparation activities.",4.A.2.b.1.I08.D07,3.325,"Estimate supplies, ingredients, or staff requirements for food preparation activities.",4.A.2.b.1.I08.D07,Estimate,0.238263950398583,0.573073516386183,0.240035429583702,0.183348095659876,Not Community,Others
4.A.2.b.1.I08.D08,0.0114005644820035,0.00221728506747198,0.00236227912690164,0.00369748037254169,0.00534080498256022,Estimate cost or material requirements.,4.A.2.b.1.I08.D08,6.37266183356925,Estimate cost or material requirements.,4.A.2.b.1.I08.D08,3.2805,Estimate cost or material requirements.,4.A.2.b.1.I08.D08,Estimate,0.425155004428698,0.214348981399469,0.196634189548273,0.5022143489814,Not Community,Others
4.A.2.b.1.I08.D09,0.00184874018627084,0,0,0,0.00184874018627084,Estimate material requirements for production.,4.A.2.b.1.I08.D09,5.67469360021467,Estimate material requirements for production.,4.A.2.b.1.I08.D09,3.9025,Estimate material requirements for production.,4.A.2.b.1.I08.D09,Estimate,0.0637732506643047,0.163861824623561,0.884853852967228,0.0628875110717449,Not Community,Others
4.A.2.b.1.I08.D12,0.0126330579395174,0.0119733393643487,0.00236227912690163,0.00544351277068638,0.00482726604192943,Estimate materials requirements for projects.,4.A.2.b.1.I08.D12,5.47708889785409,Estimate materials requirements for projects.,4.A.2.b.1.I08.D12,3.505,Estimate materials requirements for projects.,4.A.2.b.1.I08.D12,Estimate,0.451727192205492,0.481842338352524,0.45704162976085,0.0132860938883968,Not Community,Others
4.A.2.b.1.I08.D13,0.00287581806753243,0,0,0.00174603239814469,0.00112978566938774,Calculate requirements for equipment installation or repair projects.,4.A.2.b.1.I08.D13,5.78851976013456,Calculate requirements for equipment installation or repair projects.,4.A.2.b.1.I08.D13,3.63333333333333,Calculate requirements for equipment installation or repair projects.,4.A.2.b.1.I08.D13,Calculate,0.145261293179805,0.163861824623561,0.637732506643047,0.132860938883968,Not Community,Others
4.A.2.b.1.I08.D14,0.00174603239814469,0.00532148416193276,0,0,0.00174603239814469,Estimate construction project labor requirements.,4.A.2.b.1.I08.D14,5.62478729208653,Estimate construction project labor requirements.,4.A.2.b.1.I08.D14,3.60777777777778,Estimate construction project labor requirements.,4.A.2.b.1.I08.D14,Estimate,0.0531443755535872,0.339238263950399,0.604960141718335,0.0363153232949513,Not Community,Others
4.A.2.b.1.I09.D01,0.0479645370549158,0.0794896696688707,0.0070868373807049,0.0130438890920221,0.0278338105821888,Implement organizational process or policy changes.,4.A.2.b.1.I09.D01,6.47472883360165,Implement organizational process or policy changes.,4.A.2.b.1.I09.D01,3.52873786407767,Implement organizational process or policy changes.,4.A.2.b.1.I09.D01,Implement,0.728963684676705,0.810451727192205,0.50132860938884,0.679362267493357,Not Community,Others
4.A.2.b.1.I09.D02,0.0127357657276436,0.00764963348277835,0.00369748037254169,0.00564892834693869,0.00338935700816322,Implement transportation changes to reduce environmental impact.,4.A.2.b.1.I09.D02,6.5899183173675,Implement transportation changes to reduce environmental impact.,4.A.2.b.1.I09.D02,3.43958333333333,Implement transportation changes to reduce environmental impact.,4.A.2.b.1.I09.D02,Implement,0.455270150575731,0.394154118689105,0.369353410097431,0.891054030115146,Not Community,Others
4.A.2.b.1.I09.D04,0.0359477258441553,0.0794896696688707,0.00821662305009264,0.0127357657276436,0.0149953370664191,Implement advertising or marketing initiatives.,4.A.2.b.1.I09.D04,6.61775452927602,Implement advertising or marketing initiatives.,4.A.2.b.1.I09.D04,3.32676470588235,Implement advertising or marketing initiatives.,4.A.2.b.1.I09.D04,Implement,0.669619131975199,0.809565987599646,0.241806908768822,0.921169176262179,Not Community,Others
4.A.2.b.1.I09.D05,0.00544351277068638,0.0368069321200349,0,0,0.00544351277068638,Implement financial decisions.,4.A.2.b.1.I09.D05,6.64048916146432,Implement financial decisions.,4.A.2.b.1.I09.D05,3.626,Implement financial decisions.,4.A.2.b.1.I09.D05,Implement,0.254207263064659,0.697077059344553,0.629760850310009,0.952170062001771,Not Community,Others
4.A.2.b.1.I10.D01,0.0112978566938774,0.00376938461470237,0.00154061682189237,0.00431372710129864,0.00544351277068638,"Select tools, equipment, or technologies for use in operations or projects.",4.A.2.b.1.I10.D01,6.38829869336414,"Select tools, equipment, or technologies for use in operations or projects.",4.A.2.b.1.I10.D01,3.80133333333333,"Select tools, equipment, or technologies for use in operations or projects.",4.A.2.b.1.I10.D01,Select,0.421612046058459,0.289636846767051,0.829052258635961,0.527900797165633,Not Community,Others
4.A.2.b.1.I10.D03,0.0212605121421147,0.0106429683238655,0.0095518242957327,0.00205415576252316,0.00965453208385885,Select materials or props.,4.A.2.b.1.I10.D03,6.06835250221598,Select materials or props.,4.A.2.b.1.I10.D03,3.26037037037037,Select materials or props.,4.A.2.b.1.I10.D03,Select,0.581045172719221,0.466784765279008,0.185119574844996,0.244464127546501,Not Community,Others
4.A.2.b.1.I10.D04,0.0287581806753242,0.0651881809836763,0.0114005644820035,0.0159197071595545,0.00143790903376621,"Select equipment, materials, or supplies for cleaning or maintenance activities.",4.A.2.b.1.I10.D04,5.60348319915012,"Select equipment, materials, or supplies for cleaning or maintenance activities.",4.A.2.b.1.I10.D04,3.105,"Select equipment, materials, or supplies for cleaning or maintenance activities.",4.A.2.b.1.I10.D04,Select,0.634189548272808,0.789193976970771,0.0788308237378211,0.0283436669619132,Not Community,Others
4.A.2.b.1.I10.D06,0.00205415576252316,0,0,0,0.00205415576252316,Select production equipment according to product specifications.,4.A.2.b.1.I10.D06,5.59024010377633,Select production equipment according to product specifications.,4.A.2.b.1.I10.D06,3.6635,Select production equipment according to product specifications.,4.A.2.b.1.I10.D06,Select,0.0814880425155005,0.163861824623561,0.674933569530558,0.0248007085916741,Not Community,Others
4.A.2.b.1.I10.D07,0.00503268161818174,0.00266074208096638,0,0,0.00503268161818174,Select construction materials.,4.A.2.b.1.I10.D07,5.44345692067583,Select construction materials.,4.A.2.b.1.I10.D07,3.55807692307692,Select construction materials.,4.A.2.b.1.I10.D07,Select,0.243578387953942,0.246235606731621,0.54384410983171,0.00885739592559787,Not Community,Others
4.A.2.b.1.I10.D09,0.00205415576252316,0,0,0,0.00205415576252316,Select construction equipment.,4.A.2.b.1.I10.D09,5.60772652279102,Select construction equipment.,4.A.2.b.1.I10.D09,3.8025,Select construction equipment.,4.A.2.b.1.I10.D09,Select,0.0814880425155005,0.163861824623561,0.830823737821081,0.0310008857395926,Not Community,Others
4.A.2.b.1.I10.D10,0.0154061682189237,0.0280486561035206,0.00297852585565858,0.0031839414319109,0.00924370093135422,Select educational materials or equipment.,4.A.2.b.1.I10.D10,6.56747043347719,Select educational materials or equipment.,4.A.2.b.1.I10.D10,3.12201298701299,Select educational materials or equipment.,4.A.2.b.1.I10.D10,Select,0.503100088573959,0.642161204605846,0.102745792736935,0.838795394154119,Not Community,Others
4.A.2.b.1.I11.D01,0.0210550965658624,0.0337027330255742,0.00749766853320954,0.00698412959257875,0.00657329844007411,Edit audio or video recordings.,4.A.2.b.1.I11.D01,6.37913561664195,Edit audio or video recordings.,4.A.2.b.1.I11.D01,3.39891304347826,Edit audio or video recordings.,4.A.2.b.1.I11.D01,Edit,0.578387953941541,0.677590788308237,0.315323294951284,0.514614703277236,Not Community,Others
4.A.2.b.1.I11.D02,0.00338935700816322,0.00332592760120798,0.00225957133877548,0,0.00112978566938774,Mix sound inputs.,4.A.2.b.1.I11.D02,6.21543445748172,Mix sound inputs.,4.A.2.b.1.I11.D02,3.71055555555556,Mix sound inputs.,4.A.2.b.1.I11.D02,Mix,0.178033658104517,0.271036315323295,0.734278122232064,0.342781222320638,Not Community,Others
4.A.2.b.2.I01.D01,0.012324934575139,0.00920173303000874,0.00267040249128011,0.00328664922003706,0.0063678828638218,Develop treatment plans for patients or clients.,4.A.2.b.2.I01.D01,6.500958500895,Develop treatment plans for patients or clients.,4.A.2.b.2.I01.D01,3.2875,Develop treatment plans for patients or clients.,4.A.2.b.2.I01.D01,Develop,0.446412754650133,0.431355181576616,0.201062887511072,0.714791851195748,Community,Nonprofit
4.A.2.b.2.I01.D02,0.0957236585335793,0.0647447239701819,0.0328664922003706,0.0476564136905373,0.0152007526426714,Develop medical treatment plans.,4.A.2.b.2.I01.D02,6.21956385915689,Develop medical treatment plans.,4.A.2.b.2.I01.D02,4.21245454545455,Develop medical treatment plans.,4.A.2.b.2.I01.D02,Develop,0.836138175376439,0.787422497785651,0.96014171833481,0.345438441098317,Not Community,Others
4.A.2.b.2.I01.D03,0.0516620174274575,0.0560973122070412,0.0198226031083485,0.0299906741328381,0.00184874018627084,Develop exercise or conditioning programs.,4.A.2.b.2.I01.D03,5.95759466110105,Develop exercise or conditioning programs.,4.A.2.b.2.I01.D03,3.908,Develop exercise or conditioning programs.,4.A.2.b.2.I01.D03,Develop,0.741364038972542,0.766164747564216,0.886625332152347,0.201062887511072,Not Community,Others
4.A.2.b.2.I01.D04,0.00277311027940627,0,0.00154061682189237,0,0.0012324934575139,Develop patient therapy programs.,4.A.2.b.2.I01.D04,5.93006152949083,Develop patient therapy programs.,4.A.2.b.2.I01.D04,3.07375,Develop patient therapy programs.,4.A.2.b.2.I01.D04,Develop,0.140832595217006,0.163861824623561,0.0593445527015058,0.193091231178034,Not Community,Others
4.A.2.b.2.I01.D05,0.0194117719558439,0.0243901357421918,0,0.0115032722701297,0.00790849968571417,Modify treatment plans to accommodate client needs.,4.A.2.b.2.I01.D05,6.53338630519536,Modify treatment plans to accommodate client needs.,4.A.2.b.2.I01.D05,3.31875,Modify treatment plans to accommodate client needs.,4.A.2.b.2.I01.D05,Modify,0.563330380868025,0.615589016829052,0.233835252435784,0.776793622674934,Community,Nonprofit
4.A.2.b.2.I01.D06,0.0319421221072352,0.0138580316716999,0.00801120747384033,0.0115032722701297,0.0124276423632651,Develop treatment plans that use non-medical therapies.,4.A.2.b.2.I01.D06,6.22599043340082,Develop treatment plans that use non-medical therapies.,4.A.2.b.2.I01.D06,2.95071428571429,Develop treatment plans that use non-medical therapies.,4.A.2.b.2.I01.D06,Develop,0.653675819309123,0.507528786536758,0.0283436669619132,0.350752878653676,Not Community,Others
4.A.2.b.2.I01.D07,0.00328664922003706,0.00376938461470237,0,0,0.00328664922003706,Establish treatment goals.,4.A.2.b.2.I01.D07,6.11191924014357,Establish treatment goals.,4.A.2.b.2.I01.D07,2.795,Establish treatment goals.,4.A.2.b.2.I01.D07,Establish,0.169176262178919,0.289636846767051,0.0070859167404783,0.269264836138175,Not Community,Others
4.A.2.b.2.I02.D01,0.139169052910944,0.0594232398082492,0.0788795812808894,0.0443697644705003,0.0159197071595545,Develop software or computer applications.,4.A.2.b.2.I02.D01,6.35317879964843,Develop software or computer applications.,4.A.2.b.2.I02.D01,3.72175,Develop software or computer applications.,4.A.2.b.2.I02.D01,Develop,0.878653675819309,0.777679362267493,0.747564216120461,0.474756421612046,Not Community,Others
4.A.2.b.2.I02.D02,0.0423156087079771,0.0164079094992927,0.0164332461001853,0.0205415576252316,0.00534080498256022,Develop computer or information systems.,4.A.2.b.2.I02.D02,6.5222810956288,Develop computer or information systems.,4.A.2.b.2.I02.D02,3.439,Develop computer or information systems.,4.A.2.b.2.I02.D02,Develop,0.702391496899911,0.535872453498671,0.368467670504872,0.759078830823738,Not Community,Others
4.A.2.b.2.I02.D03,0.222875900233763,0.149112420787491,0.092950548254173,0.120065404319479,0.00985994766011117,Design computer modeling or simulation programs.,4.A.2.b.2.I02.D03,6.60438652844865,Design computer modeling or simulation programs.,4.A.2.b.2.I02.D03,3.47428571428571,Design computer modeling or simulation programs.,4.A.2.b.2.I02.D03,Design,0.910540301151461,0.882196634189548,0.41541186891054,0.905225863596103,Not Community,Others
4.A.2.b.2.I02.D04,0.402717237242666,0.46574072842249,0.188571498999626,0.192166271584042,0.0219794666589978,Develop computer or online applications.,4.A.2.b.2.I02.D04,6.55816438299123,Develop computer or online applications.,4.A.2.b.2.I02.D04,3.38416666666667,Develop computer or online applications.,4.A.2.b.2.I02.D04,Develop,0.950398582816652,0.955713020372011,0.299379982285208,0.827280779450842,Not Community,Others
4.A.2.b.2.I02.D05,0.12591974824267,0.0929042443270762,0.0478618292667896,0.0686088024682736,0.00944911650760654,Design integrated computer systems.,4.A.2.b.2.I02.D05,6.49767858405534,Design integrated computer systems.,4.A.2.b.2.I02.D05,3.77625,Design integrated computer systems.,4.A.2.b.2.I02.D05,Design,0.866253321523472,0.828166519043401,0.806908768821966,0.70947741364039,Not Community,Others
4.A.2.b.2.I02.D06,0.23150335443636,0.469510113037193,0.108459424261223,0.10157800245677,0.021465927718367,Develop software or applications for scientific or technical use.,4.A.2.b.2.I02.D06,6.57574435056507,Develop software or applications for scientific or technical use.,4.A.2.b.2.I02.D06,3.32765625,Develop software or applications for scientific or technical use.,4.A.2.b.2.I02.D06,Develop,0.911426040744021,0.956598759964571,0.245349867139061,0.856510186005315,Not Community,Others
4.A.2.b.2.I02.D07,15.0355985193645,12.59185103392,8.63721144246926,6.21392388942069,0.18446318747458,Modify software programs to improve performance.,4.A.2.b.2.I02.D07,6.57001512319449,Modify software programs to improve performance.,4.A.2.b.2.I02.D07,3.62704545454545,Modify software programs to improve performance.,4.A.2.b.2.I02.D07,Modify,1,1,0.631532329495128,0.845881310894597,Not Community,Others
4.A.2.b.2.I02.D08,3.54660263178436,2.85852390898488,1.84165334889014,1.63675131157845,0.0681979713157689,Design websites or web applications.,4.A.2.b.2.I02.D08,6.58235544486433,Design websites or web applications.,4.A.2.b.2.I02.D08,3.4025,Design websites or web applications.,4.A.2.b.2.I02.D08,Design,0.996457041629761,0.994685562444641,0.318866253321523,0.872453498671391,Not Community,Others
4.A.2.b.2.I02.D09,0.294976767498326,0.122061542964333,0.120476235471983,0.159402487171797,0.0150980448545452,Design video game features or details.,4.A.2.b.2.I02.D09,6.50054706840421,Design video game features or details.,4.A.2.b.2.I02.D09,2.93,Design video game features or details.,4.A.2.b.2.I02.D09,Design,0.928255093002657,0.863596102745793,0.0248007085916741,0.713020372010629,Not Community,Others
4.A.2.b.2.I02.D10,1.02255873858403,3.67049370069312,0.534902160561031,0.462698585508342,0.0249579925146564,Design software applications.,4.A.2.b.2.I02.D10,6.58224000888559,Design software applications.,4.A.2.b.2.I02.D10,3.47785714285714,Design software applications.,4.A.2.b.2.I02.D10,Design,0.985828166519043,0.997342781222321,0.421612046058459,0.870682019486271,Not Community,Others
4.A.2.b.2.I02.D11,0.0826797694415572,0.0292681628906302,0.0336881545053798,0.041596654191094,0.00739496074508338,Design healthcare-related software applications.,4.A.2.b.2.I02.D11,6.56158263458183,Design healthcare-related software applications.,4.A.2.b.2.I02.D11,3.6,Design healthcare-related software applications.,4.A.2.b.2.I02.D11,Design,0.808680248007086,0.656333038086802,0.596102745792737,0.83170947741364,Not Community,Others
4.A.2.b.2.I02.D12,0.0342016934460106,0.15277094114882,0.0118113956345082,0.0154061682189237,0.00698412959257875,Apply information technology to solve business or other applied problems.,4.A.2.b.2.I02.D12,6.56310128608998,Apply information technology to solve business or other applied problems.,4.A.2.b.2.I02.D12,3.65636363636364,Apply information technology to solve business or other applied problems.,4.A.2.b.2.I02.D12,Apply,0.664304694419841,0.883968113374668,0.66607617360496,0.83348095659876,Not Community,Others
4.A.2.b.2.I03.D01,0.0144817981257883,0.00742790497603115,0.00380018816066785,0.00657329844007411,0.00410831152504632,Develop business or market strategies.,4.A.2.b.2.I03.D01,6.57400087660802,Develop business or market strategies.,4.A.2.b.2.I03.D01,3.10772727272727,Develop business or market strategies.,4.A.2.b.2.I03.D01,Develop,0.487156775907883,0.388839681133747,0.0823737821080602,0.852081488042516,Community,Nonprofit
4.A.2.b.2.I03.D02,0.0535107576137283,0.0105321040704919,0.0107843177532466,0.0307096286497213,0.0120168112107605,Develop marketing plans or strategies for environmental initiatives.,4.A.2.b.2.I03.D02,6.61857443256882,Develop marketing plans or strategies for environmental initiatives.,4.A.2.b.2.I03.D02,3.01833333333333,Develop marketing plans or strategies for environmental initiatives.,4.A.2.b.2.I03.D02,Develop,0.746678476527901,0.463241806908769,0.0380868024800709,0.922054915854739,Not Community,Others
4.A.2.b.2.I03.D03,0.0425210242842294,0.187360588201383,0.00749766853320954,0.0184874018627084,0.0165359538883114,Develop marketing plans or strategies.,4.A.2.b.2.I03.D03,6.42111499777969,Develop marketing plans or strategies.,4.A.2.b.2.I03.D03,3.30772727272727,Develop marketing plans or strategies.,4.A.2.b.2.I03.D03,Develop,0.705934455270151,0.901682905225864,0.224092116917626,0.58547387068202,Not Community,Others
4.A.2.b.2.I03.D04,0.00544351277068638,0,0,0.00164332461001853,0.00380018816066785,Develop promotional strategies for religious organizations.,4.A.2.b.2.I03.D04,6.58963460517217,Develop promotional strategies for religious organizations.,4.A.2.b.2.I03.D04,2.875,Develop promotional strategies for religious organizations.,4.A.2.b.2.I03.D04,Develop,0.25155004428698,0.163861824623561,0.0186005314437555,0.890168290522586,Community,Nonprofit
4.A.2.b.2.I03.D05,0.0432399788011125,0.0573168189941508,0.0131465968801482,0.0267040249128011,0.00338935700816322,Develop promotional strategies or plans.,4.A.2.b.2.I03.D05,6.33881438256481,Develop promotional strategies or plans.,4.A.2.b.2.I03.D05,3.39617647058824,Develop promotional strategies or plans.,4.A.2.b.2.I03.D05,Develop,0.711248892825509,0.769707705934455,0.312666076173605,0.456155890168291,Not Community,Others
4.A.2.b.2.I04.D01,0.0125303501513913,0.00509975565518557,0.00297852585565858,0.0044164348894248,0.0051353894063079,Create new recipes or food presentations.,4.A.2.b.2.I04.D01,5.78442613980153,Create new recipes or food presentations.,4.A.2.b.2.I04.D01,3.183,Create new recipes or food presentations.,4.A.2.b.2.I04.D01,Create,0.449069973427812,0.330380868024801,0.131089459698849,0.131089459698849,Not Community,Others
4.A.2.b.2.I04.D02,0.00421101931317248,0,0,0,0.00421101931317248,Plan menu options.,4.A.2.b.2.I04.D02,5.8169679627287,Plan menu options.,4.A.2.b.2.I04.D02,3.169,Plan menu options.,4.A.2.b.2.I04.D02,Plan,0.211691762621789,0.163861824623561,0.12488928255093,0.147032772364925,Not Community,Others
4.A.2.b.2.I05.D01,0.00688142180445259,0.00454543438831757,0.00205415576252316,0.00164332461001853,0.0031839414319109,Develop healthcare quality and safety procedures.,4.A.2.b.2.I05.D01,6.36136308722184,Develop healthcare quality and safety procedures.,4.A.2.b.2.I05.D01,4.414,Develop healthcare quality and safety procedures.,4.A.2.b.2.I05.D01,Develop,0.310008857395926,0.310894596988485,0.986713906111603,0.485385296722764,Not Community,Others
4.A.2.b.2.I05.D02,0.0482726604192943,0.029600755650751,0.0154061682189237,0.0272175638534319,0.00564892834693869,"Develop safety standards, policies, or procedures.",4.A.2.b.2.I05.D02,6.27959380188013,"Develop safety standards, policies, or procedures.",4.A.2.b.2.I05.D02,3.73625,"Develop safety standards, policies, or procedures.",4.A.2.b.2.I05.D02,Develop,0.732506643046944,0.657218777679362,0.767936226749336,0.398582816651904,Not Community,Others
4.A.2.b.2.I06.D01,0.0958263663217054,0.102438570117206,0.0412885308267155,0.0487861993599251,0.00575163613506485,Develop database parameters or specifications.,4.A.2.b.2.I06.D01,6.5784914549307,Develop database parameters or specifications.,4.A.2.b.2.I06.D01,3.64857142857143,Develop database parameters or specifications.,4.A.2.b.2.I06.D01,Develop,0.837023914968999,0.843224092116918,0.655447298494243,0.861824623560673,Not Community,Others
4.A.2.b.2.I06.D02,0.245882444774022,0.10997733934661,0.101783418033023,0.138860929546566,0.00523809719443406,Develop technical or scientific databases.,4.A.2.b.2.I06.D02,6.46573651278336,Develop technical or scientific databases.,4.A.2.b.2.I06.D02,3.38138888888889,Develop technical or scientific databases.,4.A.2.b.2.I06.D02,Develop,0.91762621789194,0.853852967227635,0.294951284322409,0.659875996457042,Not Community,Others
4.A.2.b.2.I06.D03,0.116059800582559,0.00975605429687673,0.0571055301981439,0.0565919912575131,0.00236227912690163,Develop library or archival databases.,4.A.2.b.2.I06.D03,6.38900182554404,Develop library or archival databases.,4.A.2.b.2.I06.D03,3.208125,Develop library or archival databases.,4.A.2.b.2.I06.D03,Develop,0.858281665190434,0.448184233835252,0.144375553587245,0.529672276350753,Community,Nonprofit
4.A.2.b.2.I06.D04,0.783352300038207,0.605318823419852,0.335135512655654,0.427777937545448,0.0204388498371054,Create databases to store electronic data.,4.A.2.b.2.I06.D04,6.57120836445145,Create databases to store electronic data.,4.A.2.b.2.I06.D04,3.52428571428571,Create databases to store electronic data.,4.A.2.b.2.I06.D04,Create,0.978742249778565,0.969884853852967,0.488928255093003,0.846767050487157,Not Community,Others
4.A.2.b.2.I07.D01,0.0114005644820035,0.00321506334783438,0.00605975949944332,0.00215686355064932,0.0031839414319109,Determine design criteria or specifications.,4.A.2.b.2.I07.D01,6.40961154989755,Determine design criteria or specifications.,4.A.2.b.2.I07.D01,3.56323529411765,Determine design criteria or specifications.,4.A.2.b.2.I07.D01,Determine,0.425155004428698,0.268379096545616,0.551815766164748,0.572187776793623,Not Community,Others
4.A.2.b.2.I07.D03,0.19596645974471,0.272171742032186,0.074771269755843,0.113389398091278,0.00780579189758801,Develop specifications or procedures for website development or maintenance.,4.A.2.b.2.I07.D03,6.54407658519637,Develop specifications or procedures for website development or maintenance.,4.A.2.b.2.I07.D03,3.46,Develop specifications or procedures for website development or maintenance.,4.A.2.b.2.I07.D03,Develop,0.903454384410983,0.933569530558016,0.390611160318866,0.804251550044287,Not Community,Others
4.A.2.b.2.I07.D04,0.0102707788126158,0.0149666742054359,0.00154061682189237,0,0.00873016199072344,Develop technical specifications for systems or equipment.,4.A.2.b.2.I07.D04,6.49266543192255,Develop technical specifications for systems or equipment.,4.A.2.b.2.I07.D04,3.29416666666667,Develop technical specifications for systems or equipment.,4.A.2.b.2.I07.D04,Develop,0.396811337466785,0.524357838795394,0.20903454384411,0.702391496899911,Not Community,Others
4.A.2.b.2.I07.D05,0.0446778878348787,0.0138580316716999,0.0178711551339515,0.0261904859721703,0.000616246728756948,Develop specifications for computer network operation.,4.A.2.b.2.I07.D05,6.46045115073761,Develop specifications for computer network operation.,4.A.2.b.2.I07.D05,3.7,Develop specifications for computer network operation.,4.A.2.b.2.I07.D05,Develop,0.716563330380868,0.507528786536758,0.717449069973428,0.651904340124004,Not Community,Others
4.A.2.b.2.I07.D06,0.0242390379977733,0.0188469230735119,0.00595705171131717,0.0120168112107605,0.00626517507569564,Determine operational criteria or specifications.,4.A.2.b.2.I07.D06,6.39122886904943,Determine operational criteria or specifications.,4.A.2.b.2.I07.D06,3.74055555555556,Determine operational criteria or specifications.,4.A.2.b.2.I07.D06,Determine,0.604074402125775,0.558901682905226,0.771479185119575,0.534986713906112,Not Community,Others
4.A.2.b.2.I07.D07,0.130644306496473,0.0637469456898196,0.0335854467172537,0.0817553993484218,0.0153034604307975,Develop performance metrics or standards related to information technology.,4.A.2.b.2.I07.D07,6.55150889041984,Develop performance metrics or standards related to information technology.,4.A.2.b.2.I07.D07,3.54555555555556,Develop performance metrics or standards related to information technology.,4.A.2.b.2.I07.D07,Develop,0.872453498671391,0.784765279007972,0.527015057573074,0.821080602302923,Not Community,Others
4.A.2.b.2.I08.D01,0.00790849968571417,0,0,0.00431372710129864,0.00359477258441553,Plan natural resources conservation or restoration programs.,4.A.2.b.2.I08.D01,6.19545974548062,Plan natural resources conservation or restoration programs.,4.A.2.b.2.I08.D01,3.13272727272727,Plan natural resources conservation or restoration programs.,4.A.2.b.2.I08.D01,Plan,0.3348095659876,0.163861824623561,0.107174490699734,0.326837909654562,Not Community,Others
4.A.2.b.2.I08.D03,0.0160224149476807,0.00620839818892156,0.00349206479628937,0.00965453208385885,0.00287581806753243,Develop environmental sustainability plans or projects.,4.A.2.b.2.I08.D03,6.46547033973505,Develop environmental sustainability plans or projects.,4.A.2.b.2.I08.D03,3.23,Develop environmental sustainability plans or projects.,4.A.2.b.2.I08.D03,Develop,0.509300265721878,0.361381753764393,0.156775907883082,0.658990256864482,Not Community,Others
4.A.2.b.2.I09.D01,0.0492997383005559,0.0766071990811571,0.00975723987198501,0.0320448298953613,0.00749766853320954,Develop financial plans for clients.,4.A.2.b.2.I09.D01,6.65144482381065,Develop financial plans for clients.,4.A.2.b.2.I09.D01,3.4775,Develop financial plans for clients.,4.A.2.b.2.I09.D01,Develop,0.736049601417183,0.805137289636847,0.419840566873339,0.96014171833481,Not Community,Others
4.A.2.b.2.I09.D02,0.0307096286497213,0.0162970452459191,0.0140709669732837,0.013660135820779,0.00297852585565858,Develop financial or business plans.,4.A.2.b.2.I09.D02,6.47613543464771,Develop financial or business plans.,4.A.2.b.2.I09.D02,3.20125,Develop financial or business plans.,4.A.2.b.2.I09.D02,Develop,0.648361381753764,0.534100974313552,0.139061116031887,0.680248007085917,Community,Nonprofit
4.A.2.b.2.I10.D01,0.00154061682189237,0,0,0,0.00154061682189237,Develop health assessment methods or programs.,4.A.2.b.2.I10.D01,6.43027911968937,Develop health assessment methods or programs.,4.A.2.b.2.I10.D01,3.54583333333333,Develop health assessment methods or programs.,4.A.2.b.2.I10.D01,Develop,0.0150575730735164,0.163861824623561,0.527900797165633,0.604074402125775,Community,Nonprofit
4.A.2.b.2.I11.D02,0.00462185046567711,0,0,0,0.00462185046567711,Incorporate green features into the design of structures or facilities.,4.A.2.b.2.I11.D02,6.50269820730082,Incorporate green features into the design of structures or facilities.,4.A.2.b.2.I11.D02,3.67625,Incorporate green features into the design of structures or facilities.,4.A.2.b.2.I11.D02,Incorporate,0.231178033658105,0.163861824623561,0.690876882196634,0.718334809565988,Not Community,Others
4.A.2.b.2.I11.D03,0.00842203862634496,0.00365852036132877,0,0.00174603239814469,0.00667600622820027,Design civil structures or systems.,4.A.2.b.2.I11.D03,6.63038164761109,Design civil structures or systems.,4.A.2.b.2.I11.D03,3.79166666666667,Design civil structures or systems.,4.A.2.b.2.I11.D03,Design,0.344552701505757,0.283436669619132,0.820194862710363,0.940655447298494,Not Community,Others
4.A.2.b.2.I11.D04,0.0083193308382188,0,0,0.00369748037254169,0.00462185046567711,Design structures or facilities.,4.A.2.b.2.I11.D04,6.48852773537097,Design structures or facilities.,4.A.2.b.2.I11.D04,3.795,Design structures or facilities.,4.A.2.b.2.I11.D04,Design,0.342781222320638,0.163861824623561,0.823737821080602,0.693534100974314,Not Community,Others
4.A.2.b.2.I12.D01,0.425415658418547,0.491682963711913,0.139579884063449,0.275873118906861,0.00996265544823733,Develop promotional materials.,4.A.2.b.2.I12.D01,6.58155349788556,Develop promotional materials.,4.A.2.b.2.I12.D01,3.498,Develop promotional materials.,4.A.2.b.2.I12.D01,Develop,0.955713020372011,0.961913197519929,0.441984056687334,0.868910540301151,Community,Nonprofit
4.A.2.b.2.I12.D02,0.109486502142484,0.150997113094842,0.0621382118163256,0.0385154205473093,0.00883286977884959,Create marketing materials.,4.A.2.b.2.I12.D02,6.53968679572879,Create marketing materials.,4.A.2.b.2.I12.D02,3.1185,Create marketing materials.,4.A.2.b.2.I12.D02,Create,0.852967227635075,0.883082373782108,0.0956598759964571,0.79096545615589,Community,Nonprofit
4.A.2.b.2.I12.D03,0.126125163818922,0.230930239777207,0.0421101931317248,0.0629598741213349,0.0210550965658624,Develop content for sales presentations or other materials.,4.A.2.b.2.I12.D03,6.46585093401929,Develop content for sales presentations or other materials.,4.A.2.b.2.I12.D03,3.43846153846154,Develop content for sales presentations or other materials.,4.A.2.b.2.I12.D03,Develop,0.867139061116032,0.91674047829938,0.367581930912312,0.660761736049602,Not Community,Others
4.A.2.b.2.I13.D01,0.0828851850178095,0.102216841610458,0.0310177520140997,0.0504295239699436,0.00143790903376621,Design templates or patterns.,4.A.2.b.2.I13.D01,5.76655941969572,Design templates or patterns.,4.A.2.b.2.I13.D01,3.55692307692308,Design templates or patterns.,4.A.2.b.2.I13.D01,Design,0.809565987599646,0.842338352524358,0.54030115146147,0.12488928255093,Not Community,Others
4.A.2.b.2.I13.D03,0.0051353894063079,0.00277160633433998,0,0.00236227912690164,0.00277311027940627,"Design micro- or nano-scale materials, devices, or systems.",4.A.2.b.2.I13.D03,6.35620790499102,"Design micro- or nano-scale materials, devices, or systems.",4.A.2.b.2.I13.D03,3.605,"Design micro- or nano-scale materials, devices, or systems.",4.A.2.b.2.I13.D03,Design,0.246235606731621,0.255093002657219,0.602302922940655,0.477413640389726,Not Community,Others
4.A.2.b.2.I13.D04,0.00164332461001853,0,0,0,0.00164332461001853,Design medical devices or appliances.,4.A.2.b.2.I13.D04,6.02314724639067,Design medical devices or appliances.,4.A.2.b.2.I13.D04,3.981,Design medical devices or appliances.,4.A.2.b.2.I13.D04,Design,0.0380868024800709,0.163861824623561,0.908768821966342,0.227635075287865,Not Community,Others
4.A.2.b.2.I14.D01,0.00688142180445259,0,0.001951447974397,0.00297852585565858,0.001951447974397,Design industrial processing systems.,4.A.2.b.2.I14.D01,6.42533400303167,Design industrial processing systems.,4.A.2.b.2.I14.D01,3.79884615384615,Design industrial processing systems.,4.A.2.b.2.I14.D01,Design,0.310008857395926,0.163861824623561,0.827280779450842,0.594331266607617,Not Community,Others
4.A.2.b.2.I14.D02,0.00236227912690163,0,0,0,0.00236227912690163,Develop equipment or component configurations.,4.A.2.b.2.I14.D02,5.82991684280552,Develop equipment or component configurations.,4.A.2.b.2.I14.D02,3.75333333333333,Develop equipment or component configurations.,4.A.2.b.2.I14.D02,Develop,0.110717449069973,0.163861824623561,0.785651018600531,0.151461470327724,Not Community,Others
4.A.2.b.2.I14.D03,0.00657329844007411,0,0,0.00154061682189237,0.00503268161818174,Design industrial equipment.,4.A.2.b.2.I14.D03,6.25787024853268,Design industrial equipment.,4.A.2.b.2.I14.D03,3.7866,Design industrial equipment.,4.A.2.b.2.I14.D03,Design,0.302922940655447,0.163861824623561,0.818423383525244,0.377325066430469,Not Community,Others
4.A.2.b.2.I14.D04,0.0121195189988866,0,0.00205415576252316,0.00534080498256022,0.00472455825380327,Design energy production or management equipment or systems.,4.A.2.b.2.I14.D04,6.47626699124148,Design energy production or management equipment or systems.,4.A.2.b.2.I14.D04,3.625,Design energy production or management equipment or systems.,4.A.2.b.2.I14.D04,Design,0.440212577502214,0.163861824623561,0.62621789193977,0.681133746678477,Not Community,Others
4.A.2.b.2.I14.D06,0.00349206479628937,0.00199555656072479,0.00164332461001853,0,0.00184874018627084,Design control systems for mechanical or other equipment.,4.A.2.b.2.I14.D06,6.52098369317635,Design control systems for mechanical or other equipment.,4.A.2.b.2.I14.D06,3.75,Design control systems for mechanical or other equipment.,4.A.2.b.2.I14.D06,Design,0.180690876882197,0.201062887511072,0.782108060230292,0.753764393268379,Not Community,Others
4.A.2.b.2.I15.D02,0.0101680710244896,0.0145232171919415,0.00236227912690163,0.00688142180445259,0.000924370093135422,Design psychological or educational treatment procedures or programs.,4.A.2.b.2.I15.D02,6.67003939940673,Design psychological or educational treatment procedures or programs.,4.A.2.b.2.I15.D02,3.66,Design psychological or educational treatment procedures or programs.,4.A.2.b.2.I15.D02,Design,0.393268379096546,0.519043401240035,0.671390611160319,0.985828166519043,Not Community,Others
4.A.2.b.2.I15.D03,0.312847922632277,0.159311932097862,0.114827307125045,0.185182141991463,0.0128384735157698,Develop instructional objectives.,4.A.2.b.2.I15.D03,6.51106433571027,Develop instructional objectives.,4.A.2.b.2.I15.D03,3.10941666666667,Develop instructional objectives.,4.A.2.b.2.I15.D03,Develop,0.937112488928255,0.887511071744907,0.0859167404782994,0.736049601417183,Not Community,Others
4.A.2.b.2.I15.D04,0.00534080498256022,0.00598666968217436,0.00205415576252316,0.00267040249128011,0.000616246728756948,Plan experiential learning activities.,4.A.2.b.2.I15.D04,6.4064291718262,Plan experiential learning activities.,4.A.2.b.2.I15.D04,3.11933333333333,Plan experiential learning activities.,4.A.2.b.2.I15.D04,Plan,0.25066430469442,0.356953055801594,0.100974313551816,0.561558901682905,Not Community,Others
4.A.2.b.2.I15.D06,0.0564892834693869,0.0835916470436938,0.024033622421521,0.0264986093365488,0.00595705171131717,Plan educational activities.,4.A.2.b.2.I15.D06,6.40113762421878,Plan educational activities.,4.A.2.b.2.I15.D06,3.07026315789474,Plan educational activities.,4.A.2.b.2.I15.D06,Plan,0.7511071744907,0.817537643932684,0.0558015943312666,0.550930026572188,Not Community,Others
4.A.2.b.2.I15.D07,0.0194117719558439,0,0.00985994766011117,0.00718954516883106,0.00236227912690163,Develop strategies or programs for students with special needs.,4.A.2.b.2.I15.D07,6.39684749848149,Develop strategies or programs for students with special needs.,4.A.2.b.2.I15.D07,3.13011111111111,Develop strategies or programs for students with special needs.,4.A.2.b.2.I15.D07,Develop,0.563330380868025,0.163861824623561,0.106288751107174,0.54384410983171,Not Community,Others
4.A.2.b.2.I15.D08,0.0242390379977733,0.0327049547452118,0.00595705171131717,0.011708687846382,0.00657329844007411,Develop educational programs.,4.A.2.b.2.I15.D08,6.55840544842338,Develop educational programs.,4.A.2.b.2.I15.D08,3.46090909090909,Develop educational programs.,4.A.2.b.2.I15.D08,Develop,0.604074402125775,0.674047829937998,0.393268379096546,0.828166519043401,Community,Nonprofit
4.A.2.b.2.I15.D09,0.0305042130734689,0.0106429683238655,0.0145845059139144,0.0105789021769943,0.00534080498256022,Develop educational or training programs.,4.A.2.b.2.I15.D09,5.70276087170583,Develop educational or training programs.,4.A.2.b.2.I15.D09,3.00272727272727,Develop educational or training programs.,4.A.2.b.2.I15.D09,Develop,0.645704162976085,0.466784765279008,0.0354295837023915,0.0859167404782994,Not Community,Others
4.A.2.b.2.I15.D10,0.103940281583672,0.0477824932040213,0.0412885308267155,0.0603921794181809,0.00225957133877548,"Develop educational goals, standards, policies, or procedures.",4.A.2.b.2.I15.D10,6.49400642996079,"Develop educational goals, standards, policies, or procedures.",4.A.2.b.2.I15.D10,3.38769230769231,"Develop educational goals, standards, policies, or procedures.",4.A.2.b.2.I15.D10,Develop,0.844109831709477,0.737821080602303,0.303808680248007,0.705048715677591,Not Community,Others
4.A.2.b.2.I16.D02,0.00328664922003706,0,0,0.00205415576252316,0.0012324934575139,Apply knowledge or research findings to address environmental problems.,4.A.2.b.2.I16.D02,6.47262384864916,Apply knowledge or research findings to address environmental problems.,4.A.2.b.2.I16.D02,3.29607142857143,Apply knowledge or research findings to address environmental problems.,4.A.2.b.2.I16.D02,Apply,0.169176262178919,0.163861824623561,0.210806023029229,0.674933569530558,Not Community,Others
4.A.2.b.2.I16.D04,0.00873016199072343,0.00210642081409839,0.00225957133877548,0.00431372710129864,0.00215686355064932,Design environmental control systems.,4.A.2.b.2.I16.D04,6.58939924474505,Design environmental control systems.,4.A.2.b.2.I16.D04,3.67,Design environmental control systems.,4.A.2.b.2.I16.D04,Design,0.354295837023915,0.203720106288751,0.684676705048716,0.887511071744907,Not Community,Others
4.A.2.b.2.I16.D06,0.0168440772526899,0.00643012669566876,0.00472455825380327,0.010373486600742,0.00174603239814469,Design alternative energy systems.,4.A.2.b.2.I16.D06,6.34629349321659,Design alternative energy systems.,4.A.2.b.2.I16.D06,3.37846153846154,Design alternative energy systems.,4.A.2.b.2.I16.D06,Design,0.526129317980514,0.366696191319752,0.29140832595217,0.461470327723649,Not Community,Others
4.A.2.b.2.I16.D08,0.0293744274040812,0.00665185520241595,0.00944911650760654,0.0187955252270869,0.00112978566938774,Design energy-efficient equipment or systems.,4.A.2.b.2.I16.D08,6.39930415162457,Design energy-efficient equipment or systems.,4.A.2.b.2.I16.D08,3.61166666666667,Design energy-efficient equipment or systems.,4.A.2.b.2.I16.D08,Design,0.639503985828167,0.377325066430469,0.612931798051373,0.549158547387068,Not Community,Others
4.A.2.b.2.I17.D01,0.0178711551339515,0.0194012443403799,0.00749766853320954,0.00657329844007411,0.00380018816066785,Plan programs to address community mental wellness needs.,4.A.2.b.2.I17.D01,6.43069139233975,Plan programs to address community mental wellness needs.,4.A.2.b.2.I17.D01,3.163,Plan programs to address community mental wellness needs.,4.A.2.b.2.I17.D01,Plan,0.538529672276351,0.565101860053144,0.120460584588131,0.604960141718335,Community,Nonprofit
4.A.2.b.2.I17.D02,0.0308123364378474,0.0145232171919415,0.0138655513970313,0.014276382549536,0.00267040249128011,Plan programs to address community health issues.,4.A.2.b.2.I17.D02,6.40496259639083,Plan programs to address community health issues.,4.A.2.b.2.I17.D02,3.33636363636364,Plan programs to address community health issues.,4.A.2.b.2.I17.D02,Plan,0.649247121346324,0.519043401240035,0.252435783879539,0.558901682905226,Community,Nonprofit
4.A.2.b.2.I17.D03,0.0138655513970313,0.0171839592729079,0.001951447974397,0.00297852585565858,0.00893557756697575,Design public or employee health programs.,4.A.2.b.2.I17.D03,6.31195413464195,Design public or employee health programs.,4.A.2.b.2.I17.D03,4.045,Design public or employee health programs.,4.A.2.b.2.I17.D03,Design,0.481842338352524,0.54295837023915,0.922940655447299,0.431355181576616,Not Community,Others
4.A.2.b.2.I18.D01,0.00554622055881253,0.00188469230735119,0.00246498691502779,0.00267040249128011,0.000410831152504632,Prepare drawings or diagrams of products or services.,4.A.2.b.2.I18.D01,6.37269283691468,Prepare drawings or diagrams of products or services.,4.A.2.b.2.I18.D01,3.19,Prepare drawings or diagrams of products or services.,4.A.2.b.2.I18.D01,Prepare,0.263950398582817,0.190434012400354,0.134632418069088,0.503100088573959,Not Community,Others
4.A.2.b.2.I18.D02,0.0168440772526899,0.0705096651456091,0.00821662305009264,0.00749766853320954,0.00112978566938774,Prepare production storyboards.,4.A.2.b.2.I18.D02,6.4225521652044,Prepare production storyboards.,4.A.2.b.2.I18.D02,3.5625,Prepare production storyboards.,4.A.2.b.2.I18.D02,Prepare,0.526129317980514,0.798051372896369,0.550044286979628,0.589902568644818,Not Community,Others
4.A.2.b.2.I18.D04,0.05720823798627,0.0754985565474211,0.0281419339465673,0.0252661158790349,0.00380018816066785,"Create images of data, locations, or products.",4.A.2.b.2.I18.D04,6.54000352673396,"Create images of data, locations, or products.",4.A.2.b.2.I18.D04,3.32125,"Create images of data, locations, or products.",4.A.2.b.2.I18.D04,Create,0.753764393268379,0.803365810451727,0.237378210806023,0.79185119574845,Not Community,Others
4.A.2.b.2.I18.D05,0.00369748037254169,0.00487802714843837,0,0.00174603239814469,0.001951447974397,Create electrical schematics.,4.A.2.b.2.I18.D05,6.51020570574644,Create electrical schematics.,4.A.2.b.2.I18.D05,3.78423076923077,Create electrical schematics.,4.A.2.b.2.I18.D05,Create,0.192205491585474,0.320637732506643,0.813108945969885,0.733392382639504,Not Community,Others
4.A.2.b.2.I18.D08,0.00215686355064932,0,0,0,0.00215686355064932,Create schematic drawings for electronics.,4.A.2.b.2.I18.D08,6.27636215307443,Create schematic drawings for electronics.,4.A.2.b.2.I18.D08,3.68136363636364,Create schematic drawings for electronics.,4.A.2.b.2.I18.D08,Create,0.0965456155890168,0.163861824623561,0.694419840566873,0.397697077059345,Not Community,Others
4.A.2.b.2.I18.D09,0.0290663040397027,0.0675163303045219,0.00965453208385885,0.0157142915833022,0.00369748037254169,"Design layout of art or product exhibits, displays, or promotional materials.",4.A.2.b.2.I18.D09,6.35809343980055,"Design layout of art or product exhibits, displays, or promotional materials.",4.A.2.b.2.I18.D09,3.36818181818182,"Design layout of art or product exhibits, displays, or promotional materials.",4.A.2.b.2.I18.D09,Design,0.635075287865368,0.79362267493357,0.283436669619132,0.480956598759965,Not Community,Others
4.A.2.b.2.I18.D11,0.00975723987198501,0.00343679185458158,0,0.00267040249128011,0.00708683738070491,Prepare maps.,4.A.2.b.2.I18.D11,6.18340445058366,Prepare maps.,4.A.2.b.2.I18.D11,3.4665,Prepare maps.,4.A.2.b.2.I18.D11,Prepare,0.380868024800709,0.278122232063773,0.404782993799823,0.315323294951284,Not Community,Others
4.A.2.b.2.I18.D12,0.150056078452317,0.0574276832475244,0.0708683738070491,0.071484620535806,0.00770308410946185,Design layouts for print publications.,4.A.2.b.2.I18.D12,6.49610903102888,Design layouts for print publications.,4.A.2.b.2.I18.D12,3.50115384615385,Design layouts for print publications.,4.A.2.b.2.I18.D12,Design,0.886625332152347,0.770593445527015,0.447298494242693,0.70682019486271,Not Community,Others
4.A.2.b.2.I18.D13,0.286554728871981,0.319510778222713,0.126330579395174,0.151493987486083,0.00873016199072344,Develop diagrams or flow charts of system operation.,4.A.2.b.2.I18.D13,6.55054070494392,Develop diagrams or flow charts of system operation.,4.A.2.b.2.I18.D13,3.64166666666667,Develop diagrams or flow charts of system operation.,4.A.2.b.2.I18.D13,Develop,0.924712134632418,0.937998228520815,0.648361381753764,0.819309123117803,Not Community,Others
4.A.2.b.2.I18.D14,0.317469773097955,0.120509443417102,0.138963637334692,0.165256831094988,0.0132493046682744,Prepare graphics or other visual representations of information.,4.A.2.b.2.I18.D14,6.54122387894437,Prepare graphics or other visual representations of information.,4.A.2.b.2.I18.D14,3.38145833333333,Prepare graphics or other visual representations of information.,4.A.2.b.2.I18.D14,Prepare,0.937998228520815,0.862710363153233,0.295837023914969,0.796279893711249,Not Community,Others
4.A.2.b.2.I18.D15,0.297441754413354,0.198225285031995,0.142352994342855,0.139785299639701,0.0153034604307975,Draw detailed or technical illustrations.,4.A.2.b.2.I18.D15,6.16012306389938,Draw detailed or technical illustrations.,4.A.2.b.2.I18.D15,3.31138888888889,Draw detailed or technical illustrations.,4.A.2.b.2.I18.D15,Draw,0.929140832595217,0.904340124003543,0.228520814880425,0.299379982285208,Not Community,Others
4.A.2.b.2.I18.D16,0.0410831152504632,0.0225054434348406,0.0128384735157698,0.0184874018627084,0.00975723987198501,Create graphical representations of structures or landscapes.,4.A.2.b.2.I18.D16,6.39279277884057,Create graphical representations of structures or landscapes.,4.A.2.b.2.I18.D16,3.46074074074074,Create graphical representations of structures or landscapes.,4.A.2.b.2.I18.D16,Create,0.694419840566873,0.599645704162976,0.392382639503986,0.54030115146147,Not Community,Others
4.A.2.b.2.I18.D17,0.779449404089413,1.0309266921211,0.365947849093501,0.394397906404447,0.0191036485914654,Create computer-generated graphics or animation.,4.A.2.b.2.I18.D17,6.28599101049641,Create computer-generated graphics or animation.,4.A.2.b.2.I18.D17,3.33928571428571,Create computer-generated graphics or animation.,4.A.2.b.2.I18.D17,Create,0.977856510186005,0.982285208148804,0.254207263064659,0.404782993799823,Not Community,Others
4.A.2.b.2.I18.D18,0.0193090641677177,0.0144123529385679,0.00585434392319101,0.00564892834693869,0.00780579189758801,Create graphical representations of mechanical equipment.,4.A.2.b.2.I18.D18,6.33338982071716,Create graphical representations of mechanical equipment.,4.A.2.b.2.I18.D18,3.72217391304348,Create graphical representations of mechanical equipment.,4.A.2.b.2.I18.D18,Create,0.561558901682905,0.514614703277236,0.748449955713021,0.447298494242693,Not Community,Others
4.A.2.b.2.I18.D19,0.00647059065194796,0.00543234841530636,0,0,0.00647059065194796,Create maps.,4.A.2.b.2.I18.D19,6.31031955285178,Create maps.,4.A.2.b.2.I18.D19,3.72555555555556,Create maps.,4.A.2.b.2.I18.D19,Create,0.297608503100089,0.343666961913198,0.7511071744907,0.428697962798937,Not Community,Others
4.A.2.b.2.I18.D20,0.0179738629220777,0.0207316153808631,0.00924370093135422,0.00410831152504632,0.00462185046567711,Create images or other visual displays.,4.A.2.b.2.I18.D20,6.44198742281982,Create images or other visual displays.,4.A.2.b.2.I18.D20,3.25888888888889,Create images or other visual displays.,4.A.2.b.2.I18.D20,Create,0.539415411868911,0.581045172719221,0.183348095659876,0.62621789193977,Not Community,Others
4.A.2.b.2.I18.D21,0.00801120747384033,0.00443457013494397,0.00164332461001853,0.00174603239814469,0.00462185046567711,Create graphical representations of industrial production systems.,4.A.2.b.2.I18.D21,6.21300100125286,Create graphical representations of industrial production systems.,4.A.2.b.2.I18.D21,3.76416666666667,Create graphical representations of industrial production systems.,4.A.2.b.2.I18.D21,Create,0.337466784765279,0.307351638618246,0.794508414526129,0.339238263950399,Not Community,Others
4.A.2.b.2.I19.D02,0.0044164348894248,0.00254987782759278,0,0.00174603239814469,0.00267040249128011,Maintain contingency plans for disaster recovery.,4.A.2.b.2.I19.D02,6.41175217125886,Maintain contingency plans for disaster recovery.,4.A.2.b.2.I19.D02,3.48571428571429,Maintain contingency plans for disaster recovery.,4.A.2.b.2.I19.D02,Maintain,0.221434898139947,0.240921169176262,0.434012400354296,0.573959255978742,Not Community,Others
4.A.2.b.2.I19.D04,0.00359477258441553,0,0.00164332461001853,0,0.001951447974397,Develop emergency response plans or procedures.,4.A.2.b.2.I19.D04,6.31885065226401,Develop emergency response plans or procedures.,4.A.2.b.2.I19.D04,3.657,Develop emergency response plans or procedures.,4.A.2.b.2.I19.D04,Develop,0.185119574844996,0.163861824623561,0.66784765279008,0.435783879539415,Not Community,Others
4.A.2.b.2.I20.D01,0.00297852585565858,0.00332592760120798,0.00164332461001853,0,0.00133520124564005,"Develop operating strategies, plans, or procedures for green or sustainable operations.",4.A.2.b.2.I20.D01,6.39403016864053,"Develop operating strategies, plans, or procedures for green or sustainable operations.",4.A.2.b.2.I20.D01,3.668125,"Develop operating strategies, plans, or procedures for green or sustainable operations.",4.A.2.b.2.I20.D01,Develop,0.148804251550044,0.271036315323295,0.682019486271036,0.54118689105403,Not Community,Others
4.A.2.b.2.I20.D02,0.0112978566938774,0.00554321266867996,0.001951447974397,0.00482726604192943,0.00451914267755095,Develop sustainable business strategies or practices.,4.A.2.b.2.I20.D02,6.62325439150252,Develop sustainable business strategies or practices.,4.A.2.b.2.I20.D02,2.8,Develop sustainable business strategies or practices.,4.A.2.b.2.I20.D02,Develop,0.419840566873339,0.348095659875996,0.00797165633303809,0.928255093002657,Not Community,Others
4.A.2.b.2.I20.D03,0.0112978566938774,0,0,0.00256769470315395,0.00873016199072344,Develop sustainable organizational policies or practices.,4.A.2.b.2.I20.D03,6.56051520667118,Develop sustainable organizational policies or practices.,4.A.2.b.2.I20.D03,3.24214285714286,Develop sustainable organizational policies or practices.,4.A.2.b.2.I20.D03,Develop,0.421612046058459,0.163861824623561,0.16563330380868,0.830823737821081,Not Community,Others
4.A.2.b.2.I20.D05,0.00154061682189237,0,0,0,0.00154061682189237,Develop operational methods or processes that use green materials or emphasize sustainability.,4.A.2.b.2.I20.D05,6.36327657936039,Develop operational methods or processes that use green materials or emphasize sustainability.,4.A.2.b.2.I20.D05,3.7784375,Develop operational methods or processes that use green materials or emphasize sustainability.,4.A.2.b.2.I20.D05,Develop,0.0150575730735164,0.163861824623561,0.808680248007086,0.488928255093003,Not Community,Others
4.A.2.b.2.I21.D01,0.20931847220111,0.0493345927512517,0.073436068510203,0.107843177532466,0.0280392261584411,Create models of engineering designs or methods.,4.A.2.b.2.I21.D01,6.51184172190531,Create models of engineering designs or methods.,4.A.2.b.2.I21.D01,3.56106060606061,Create models of engineering designs or methods.,4.A.2.b.2.I21.D01,Create,0.907883082373782,0.742249778565102,0.548272807794508,0.737821080602303,Not Community,Others
4.A.2.b.2.I21.D02,0.410728444716506,0.325053990891393,0.173576161933207,0.21815134197996,0.0190009408033392,Develop models of information or communications systems.,4.A.2.b.2.I21.D02,6.50831240061026,Develop models of information or communications systems.,4.A.2.b.2.I21.D02,3.56,Develop models of information or communications systems.,4.A.2.b.2.I21.D02,Develop,0.953055801594331,0.941541186891054,0.547387068201949,0.730735163861825,Not Community,Others
4.A.2.b.2.I21.D03,0.00267040249128011,0,0,0,0.00267040249128011,Create physical models or prototypes.,4.A.2.b.2.I21.D03,6.30720460336354,Create physical models or prototypes.,4.A.2.b.2.I21.D03,3.62588235294118,Create physical models or prototypes.,4.A.2.b.2.I21.D03,Create,0.135518157661648,0.163861824623561,0.628875110717449,0.424269264836138,Not Community,Others
4.A.2.b.2.I22.D01,0.00267040249128011,0.0180708732998967,0,0,0.00267040249128011,Analyze information obtained from news sources.,4.A.2.b.2.I22.D01,6.56329644127176,Analyze information obtained from news sources.,4.A.2.b.2.I22.D01,3.84333333333333,Analyze information obtained from news sources.,4.A.2.b.2.I22.D01,Analyze,0.135518157661648,0.555358724534987,0.858281665190434,0.83525243578388,Not Community,Others
4.A.2.b.2.I22.D02,0.133417416775879,0.108092647039259,0.0566946990456392,0.0583380236556578,0.0183846940745823,Determine presentation subjects or content.,4.A.2.b.2.I22.D02,6.44476126216698,Determine presentation subjects or content.,4.A.2.b.2.I22.D02,3.525,Determine presentation subjects or content.,4.A.2.b.2.I22.D02,Determine,0.87599645704163,0.850310008857396,0.491585473870682,0.630646589902569,Not Community,Others
4.A.2.b.2.I23.D01,0.0169467850408161,0.00277160633433998,0.00431372710129864,0.00626517507569564,0.0063678828638218,Devise research or testing protocols.,4.A.2.b.2.I23.D01,6.36144952293603,Devise research or testing protocols.,4.A.2.b.2.I23.D01,3.65053571428571,Devise research or testing protocols.,4.A.2.b.2.I23.D01,Devise,0.528786536758193,0.255093002657219,0.657218777679362,0.486271036315323,Not Community,Others
4.A.2.b.2.I23.D03,0.0797012435858986,0.0890239954590002,0.0244444535740256,0.0464239202330234,0.00883286977884959,Develop methods of social or economic research.,4.A.2.b.2.I23.D03,6.64975478220452,Develop methods of social or economic research.,4.A.2.b.2.I23.D03,3.34285714285714,Develop methods of social or economic research.,4.A.2.b.2.I23.D03,Develop,0.803365810451727,0.821966341895483,0.258635961027458,0.95837023914969,Not Community,Others
4.A.2.b.2.I23.D04,0.0333800311410014,0.0361417465997933,0.0140709669732837,0.0163305383120591,0.00297852585565858,Design research studies to obtain scientific information.,4.A.2.b.2.I23.D04,6.63334697472573,Design research studies to obtain scientific information.,4.A.2.b.2.I23.D04,3.60307692307692,Design research studies to obtain scientific information.,4.A.2.b.2.I23.D04,Design,0.658990256864482,0.689991142604074,0.600531443755536,0.943312666076174,Not Community,Others
4.A.2.b.2.I23.D05,0.00729225295695722,0.0100886470569975,0,0,0.00729225295695722,Plan biological research.,4.A.2.b.2.I23.D05,6.43402829851268,Plan biological research.,4.A.2.b.2.I23.D05,3.59227272727273,Plan biological research.,4.A.2.b.2.I23.D05,Plan,0.316209034543844,0.456155890168291,0.587245349867139,0.612931798051373,Not Community,Others
4.A.2.b.2.I23.D06,0.00451914267755095,0.00831481900301994,0.00164332461001853,0,0.00287581806753242,Plan environmental research.,4.A.2.b.2.I23.D06,6.37689928443171,Plan environmental research.,4.A.2.b.2.I23.D06,3.25323529411765,Plan environmental research.,4.A.2.b.2.I23.D06,Plan,0.224977856510186,0.412754650132861,0.175376439326838,0.510186005314438,Not Community,Others
4.A.2.b.2.I23.D07,0.0106816099651204,0.00554321266867996,0.00410831152504632,0.00267040249128011,0.00390289594879401,Develop environmental research methods.,4.A.2.b.2.I23.D07,6.49951763534144,Develop environmental research methods.,4.A.2.b.2.I23.D07,3.43555555555556,Develop environmental research methods.,4.A.2.b.2.I23.D07,Develop,0.405668733392383,0.348095659875996,0.363153232949513,0.712134632418069,Not Community,Others
4.A.2.b.2.I23.D08,0.0315312909547305,0.0300442126642454,0.00729225295695722,0.0198226031083485,0.0044164348894248,Plan social sciences research.,4.A.2.b.2.I23.D08,6.65268477789141,Plan social sciences research.,4.A.2.b.2.I23.D08,3.43666666666667,Plan social sciences research.,4.A.2.b.2.I23.D08,Plan,0.652790079716563,0.662533215234721,0.364924712134632,0.963684676705049,Not Community,Others
4.A.2.b.2.I24.D01,0.0527918030968452,0.0299333484108718,0.0165359538883114,0.0237254990571425,0.0125303501513913,Design electromechanical equipment or systems.,4.A.2.b.2.I24.D01,6.32182543831014,Design electromechanical equipment or systems.,4.A.2.b.2.I24.D01,3.815,Design electromechanical equipment or systems.,4.A.2.b.2.I24.D01,Design,0.745792736935341,0.660761736049602,0.838795394154119,0.438441098317095,Not Community,Others
4.A.2.b.2.I24.D03,0.102502372549906,0.0241684072354446,0.0479645370549158,0.0495051538768082,0.00503268161818174,Design electronic or computer equipment or instrumentation.,4.A.2.b.2.I24.D03,6.3664838555224,Design electronic or computer equipment or instrumentation.,4.A.2.b.2.I24.D03,3.70375,Design electronic or computer equipment or instrumentation.,4.A.2.b.2.I24.D03,Design,0.843224092116918,0.614703277236492,0.724534986713906,0.496014171833481,Not Community,Others
4.A.2.b.2.I25.D01,0.19113919370278,0.0660750950106651,0.07672271773024,0.098804892177364,0.015611583795176,"Create musical compositions, arrangements or scores.",4.A.2.b.2.I25.D01,6.41831592472996,"Create musical compositions, arrangements or scores.",4.A.2.b.2.I25.D01,3.32865853658536,"Create musical compositions, arrangements or scores.",4.A.2.b.2.I25.D01,Create,0.901682905225864,0.79185119574845,0.246235606731621,0.58193091231178,Not Community,Others
4.A.2.b.2.I25.D02,0.00482726604192943,0.00288247058771358,0,0,0.00482726604192943,Design costumes or cosmetic effects for characters.,4.A.2.b.2.I25.D02,5.76501039341154,Design costumes or cosmetic effects for characters.,4.A.2.b.2.I25.D02,3.11857142857143,Design costumes or cosmetic effects for characters.,4.A.2.b.2.I25.D02,Design,0.235606731620903,0.260407440212578,0.0983170947741364,0.12400354295837,Not Community,Others
4.A.2.b.2.I25.D03,0.0778525033996278,0.0950106651411745,0.0446778878348788,0.0296825507684597,0.00349206479628937,Choreograph dances.,4.A.2.b.2.I25.D03,5.29331891398928,Choreograph dances.,4.A.2.b.2.I25.D03,3.16583333333333,Choreograph dances.,4.A.2.b.2.I25.D03,Choreograph,0.800708591674048,0.83170947741364,0.122232063773251,0.00177147918511957,Not Community,Others
4.A.2.b.2.I25.D04,0.0254715314552872,0.0164079094992927,0.00677871401632643,0.00975723987198501,0.00893557756697575,Design jewelry or decorative objects.,4.A.2.b.2.I25.D04,5.83393375086262,Design jewelry or decorative objects.,4.A.2.b.2.I25.D04,3.68653846153846,Design jewelry or decorative objects.,4.A.2.b.2.I25.D04,Design,0.611160318866253,0.536758193091231,0.701505757307352,0.154118689105403,Not Community,Others
4.A.2.b.2.I25.D05,0.173268038568829,0.128159076899881,0.0635761208500918,0.0923343015254161,0.0173576161933207,"Develop artistic or design concepts for decoration, exhibition, or commercial purposes.",4.A.2.b.2.I25.D05,6.06399234205104,"Develop artistic or design concepts for decoration, exhibition, or commercial purposes.",4.A.2.b.2.I25.D05,3.21909090909091,"Develop artistic or design concepts for decoration, exhibition, or commercial purposes.",4.A.2.b.2.I25.D05,Develop,0.896368467670505,0.868910540301151,0.152347209920283,0.241806908768822,Not Community,Others
4.A.2.b.2.I26.D01,0.13126055322523,0.0794896696688706,0.0458076735042665,0.0745658541795907,0.0108870255413728,Develop theories or models of physical phenomena.,4.A.2.b.2.I26.D01,6.62095441622483,Develop theories or models of physical phenomena.,4.A.2.b.2.I26.D01,3.2828125,Develop theories or models of physical phenomena.,4.A.2.b.2.I26.D01,Develop,0.87333923826395,0.808680248007086,0.198405668733392,0.926483613817538,Not Community,Others
4.A.2.b.2.I26.D02,0.00842203862634496,0.00166296380060399,0.00246498691502779,0.00544351277068638,0.00051353894063079,Develop mathematical models of environmental conditions.,4.A.2.b.2.I26.D02,6.58268061164798,Develop mathematical models of environmental conditions.,4.A.2.b.2.I26.D02,3.30230769230769,Develop mathematical models of environmental conditions.,4.A.2.b.2.I26.D02,Develop,0.344552701505757,0.174490699734278,0.216120460584588,0.87422497785651,Not Community,Others
4.A.2.b.2.I26.D03,0.128487442945824,0.0239466787286974,0.0532026342493499,0.0676844323751382,0.0076003763213357,Develop scientific or mathematical models.,4.A.2.b.2.I26.D03,6.61290915875361,Develop scientific or mathematical models.,4.A.2.b.2.I26.D03,3.45727272727273,Develop scientific or mathematical models.,4.A.2.b.2.I26.D03,Develop,0.871567759078831,0.612046058458813,0.387953941541187,0.91674047829938,Not Community,Others
4.A.2.b.2.I27.D01,0.00564892834693869,0.00443457013494397,0.00174603239814469,0,0.00390289594879401,Develop program goals or plans.,4.A.2.b.2.I27.D01,6.23814388919001,Develop program goals or plans.,4.A.2.b.2.I27.D01,3.44625,Develop program goals or plans.,4.A.2.b.2.I27.D01,Develop,0.270150575730735,0.307351638618246,0.37555358724535,0.360496014171833,Community,Nonprofit
4.A.2.b.2.I27.D02,0.00944911650760654,0.0239466787286974,0.00154061682189237,0.00462185046567711,0.00328664922003706,Develop organizational goals or objectives.,4.A.2.b.2.I27.D02,6.52472781295517,Develop organizational goals or objectives.,4.A.2.b.2.I27.D02,3.66384615384615,Develop organizational goals or objectives.,4.A.2.b.2.I27.D02,Develop,0.367581930912312,0.612046058458813,0.676705048715678,0.762621789193977,Community,Nonprofit
4.A.2.b.2.I27.D03,0.0774416722471232,0.0482259502175157,0.0247525769384041,0.0477591214786635,0.00492997383005559,Develop plans for programs or services.,4.A.2.b.2.I27.D03,6.18107635661156,Develop plans for programs or services.,4.A.2.b.2.I27.D03,3.21166666666667,Develop plans for programs or services.,4.A.2.b.2.I27.D03,Develop,0.796279893711249,0.739592559787423,0.147918511957485,0.313551815766165,Not Community,Others
4.A.2.b.3.I01.D01,0.181073830466417,0.152881805402193,0.03902895948794,0.126844118335805,0.0152007526426714,Review professional literature to maintain professional knowledge.,4.A.2.b.3.I01.D01,6.57134050731589,Review professional literature to maintain professional knowledge.,4.A.2.b.3.I01.D01,3.50566666666667,Review professional literature to maintain professional knowledge.,4.A.2.b.3.I01.D01,Review,0.899911426040744,0.884853852967228,0.45792736935341,0.848538529672277,Not Community,Others
4.A.2.b.3.I01.D02,0.001951447974397,0,0,0,0.001951447974397,Maintain professional social services knowledge.,4.A.2.b.3.I01.D02,6.5344470006632,Maintain professional social services knowledge.,4.A.2.b.3.I01.D02,3.194,Maintain professional social services knowledge.,4.A.2.b.3.I01.D02,Maintain,0.0673162090345439,0.163861824623561,0.136403897254207,0.779450841452613,Community,Nonprofit
4.A.2.b.3.I01.D03,0.137320312724673,0.0146340814453151,0.00472455825380327,0.121708728929497,0.0108870255413728,Stay informed about current developments in field of specialization.,4.A.2.b.3.I01.D03,6.58329998960064,Stay informed about current developments in field of specialization.,4.A.2.b.3.I01.D03,3.11842857142857,Stay informed about current developments in field of specialization.,4.A.2.b.3.I01.D03,Stay,0.87688219663419,0.520814880425155,0.0947741364038973,0.87688219663419,Not Community,Others
4.A.2.b.3.I01.D04,0.0203361420489793,0.00820395474964634,0.00924370093135422,0.00903828535510191,0.00205415576252316,Attend events to develop professional knowledge.,4.A.2.b.3.I01.D04,6.53108702711258,Attend events to develop professional knowledge.,4.A.2.b.3.I01.D04,3.348,Attend events to develop professional knowledge.,4.A.2.b.3.I01.D04,Attend,0.573959255978742,0.409211691762622,0.266607617360496,0.774136403897254,Not Community,Others
4.A.2.b.3.I01.D05,0.00688142180445259,0,0,0.0044164348894248,0.00246498691502779,Maintain current knowledge related to work activities.,4.A.2.b.3.I01.D05,6.55919762341488,Maintain current knowledge related to work activities.,4.A.2.b.3.I01.D05,3.70382352941176,Maintain current knowledge related to work activities.,4.A.2.b.3.I01.D05,Maintain,0.310008857395926,0.163861824623561,0.725420726306466,0.829937998228521,Not Community,Others
4.A.2.b.3.I01.D06,0.0488889071480512,0.0298224841574982,0.00451914267755095,0.0356396024797768,0.00873016199072343,Update knowledge of legal or regulatory environments.,4.A.2.b.3.I01.D06,6.63540902624446,Update knowledge of legal or regulatory environments.,4.A.2.b.3.I01.D06,3.68264705882353,Update knowledge of legal or regulatory environments.,4.A.2.b.3.I01.D06,Update,0.734278122232064,0.658104517271922,0.696191319751993,0.945084145261293,Not Community,Others
4.A.2.b.3.I01.D07,0.747712697558431,0.192460343856568,0.0789822890690155,0.629598741213349,0.0391316672760662,Update knowledge about emerging industry or technology trends.,4.A.2.b.3.I01.D07,6.51510293865424,Update knowledge about emerging industry or technology trends.,4.A.2.b.3.I01.D07,3.54014285714286,Update knowledge about emerging industry or technology trends.,4.A.2.b.3.I01.D07,Update,0.976970770593445,0.903454384410983,0.521700620017715,0.746678476527901,Not Community,Others
4.A.2.b.3.I01.D08,0.048067244843042,0.0404654524813637,0.00174603239814469,0.0291690118278289,0.0171522006170684,Maintain knowledge of current developments in area of expertise.,4.A.2.b.3.I01.D08,6.50802026642035,Maintain knowledge of current developments in area of expertise.,4.A.2.b.3.I01.D08,3.6525,Maintain knowledge of current developments in area of expertise.,4.A.2.b.3.I01.D08,Maintain,0.730735163861825,0.70947741364039,0.662533215234721,0.728963684676705,Not Community,Others
4.A.2.b.3.I01.D10,0.360709751899067,0.25288136194518,0.070868373807049,0.270326898348048,0.01951447974397,Research topics in area of expertise.,4.A.2.b.3.I01.D10,6.5869283565545,Research topics in area of expertise.,4.A.2.b.3.I01.D10,3.11446808510638,Research topics in area of expertise.,4.A.2.b.3.I01.D10,Research,0.945084145261293,0.926483613817538,0.0921169176262179,0.882196634189548,Not Community,Others
4.A.2.b.3.I01.D12,0.0778525033996278,0.0358091538396726,0.00985994766011117,0.0566946990456392,0.0112978566938774,Maintain medical or professional knowledge.,4.A.2.b.3.I01.D12,6.2717762763082,Maintain medical or professional knowledge.,4.A.2.b.3.I01.D12,4.12768115942029,Maintain medical or professional knowledge.,4.A.2.b.3.I01.D12,Maintain,0.800708591674048,0.687333923826395,0.941541186891054,0.394154118689105,Not Community,Others
4.A.2.b.3.I01.D13,0.0502241083936913,0.0817069547363427,0.0114005644820035,0.0304015052853428,0.00842203862634496,"Conduct research to inform art, designs, or other work.",4.A.2.b.3.I01.D13,6.2239386567117,"Conduct research to inform art, designs, or other work.",4.A.2.b.3.I01.D13,3.31571428571429,"Conduct research to inform art, designs, or other work.",4.A.2.b.3.I01.D13,Conduct,0.738706820194863,0.813108945969885,0.231178033658105,0.349867139061116,Not Community,Others
4.A.2.b.3.I01.D16,0.0190009408033392,0.00631926244229516,0.00225957133877548,0.00739496074508338,0.00934640871948038,Maintain professional knowledge or certifications.,4.A.2.b.3.I01.D16,5.83245440190555,Maintain professional knowledge or certifications.,4.A.2.b.3.I01.D16,3.71982142857143,Maintain professional knowledge or certifications.,4.A.2.b.3.I01.D16,Maintain,0.556244464127547,0.364924712134632,0.743135518157662,0.152347209920283,Not Community,Others
4.A.2.b.3.I01.D18,0.141017793097215,0.0162970452459191,0.00472455825380327,0.124276423632651,0.0120168112107605,Attend training sessions or professional meetings to develop or maintain professional knowledge.,4.A.2.b.3.I01.D18,6.51343878591669,Attend training sessions or professional meetings to develop or maintain professional knowledge.,4.A.2.b.3.I01.D18,3.07857142857143,Attend training sessions or professional meetings to develop or maintain professional knowledge.,4.A.2.b.3.I01.D18,Attend,0.881310894596989,0.534100974313552,0.0637732506643047,0.743135518157662,Not Community,Others
4.A.2.b.3.I01.D20,0.0430345632248602,0.0161861809925455,0.00174603239814469,0.033174615564749,0.00811391526196648,Update technical knowledge.,4.A.2.b.3.I01.D20,6.41812047283228,Update technical knowledge.,4.A.2.b.3.I01.D20,3.65066666666667,Update technical knowledge.,4.A.2.b.3.I01.D20,Update,0.70947741364039,0.531443755535872,0.658104517271922,0.581045172719221,Not Community,Others
4.A.2.b.3.I01.D21,0.0488889071480512,0.106318818985282,0.0141736747614098,0.0258823626077918,0.00883286977884959,Update professional knowledge.,4.A.2.b.3.I01.D21,6.54425899607269,Update professional knowledge.,4.A.2.b.3.I01.D21,3.4378,Update professional knowledge.,4.A.2.b.3.I01.D21,Update,0.735163861824624,0.848538529672277,0.366696191319752,0.806908768821966,Not Community,Others
4.A.2.b.3.I01.D22,0.127049533912057,0.103990669664436,0.0164332461001853,0.0957236585335793,0.0148926292782929,Study product information to acquire professional knowledge.,4.A.2.b.3.I01.D22,6.42873024577332,Study product information to acquire professional knowledge.,4.A.2.b.3.I01.D22,3.19208333333333,Study product information to acquire professional knowledge.,4.A.2.b.3.I01.D22,Study,0.868024800708592,0.845881310894597,0.135518157661648,0.600531443755536,Not Community,Others
4.A.2.b.3.I01.D23,0.029887966344712,0.00443457013494397,0.00626517507569564,0.0200280186846008,0.00359477258441553,Review laws or regulations to maintain professional knowledge.,4.A.2.b.3.I01.D23,6.38949725766898,Review laws or regulations to maintain professional knowledge.,4.A.2.b.3.I01.D23,3.43166666666667,Review laws or regulations to maintain professional knowledge.,4.A.2.b.3.I01.D23,Review,0.641275465013286,0.307351638618246,0.358724534986714,0.530558015943313,Not Community,Others
4.A.2.b.4.I01.D01,0.0481699526311681,0.0710639864124771,0.0083193308382188,0.0182819862864561,0.0215686355064932,Develop organizational policies or programs.,4.A.2.b.4.I01.D01,6.52195099306287,Develop organizational policies or programs.,4.A.2.b.4.I01.D01,3.56566666666667,Develop organizational policies or programs.,4.A.2.b.4.I01.D01,Develop,0.731620903454385,0.798937112488928,0.554472984942427,0.757307351638618,Community,Nonprofit
4.A.2.b.4.I01.D02,0.0850420485684589,0.0798222624289914,0.0179738629220777,0.0386181283354354,0.0284500573109458,"Develop operating strategies, plans, or procedures.",4.A.2.b.4.I01.D02,6.54946941267872,"Develop operating strategies, plans, or procedures.",4.A.2.b.4.I01.D02,3.58253333333333,"Develop operating strategies, plans, or procedures.",4.A.2.b.4.I01.D02,Develop,0.816651904340124,0.811337466784765,0.578387953941541,0.817537643932684,Community,Nonprofit
4.A.2.b.4.I01.D03,0.0406722840979586,0.0278269275967734,0.0120168112107605,0.0228011289640071,0.00585434392319101,Establish organizational guidelines or policies.,4.A.2.b.4.I01.D03,6.62549775911979,Establish organizational guidelines or policies.,4.A.2.b.4.I01.D03,3.39375,Establish organizational guidelines or policies.,4.A.2.b.4.I01.D03,Establish,0.692648361381754,0.639503985828167,0.307351638618246,0.931798051372896,Not Community,Others
4.A.2.b.4.I01.D04,0.0153034604307975,0.0282703846102678,0.00164332461001853,0.00842203862634496,0.00523809719443406,Develop organizational methods or procedures.,4.A.2.b.4.I01.D04,6.48915585308473,Develop organizational methods or procedures.,4.A.2.b.4.I01.D04,3.76625,Develop organizational methods or procedures.,4.A.2.b.4.I01.D04,Develop,0.49955713020372,0.643932683790966,0.795394154118689,0.697962798937112,Not Community,Others
4.A.2.b.4.I01.D05,0.0180765707102038,0.00731704072265755,0.00821662305009264,0.00451914267755095,0.00534080498256022,Establish business management methods.,4.A.2.b.4.I01.D05,6.6267029853837,Establish business management methods.,4.A.2.b.4.I01.D05,3.36111111111111,Establish business management methods.,4.A.2.b.4.I01.D05,Establish,0.54118689105403,0.387953941541187,0.279007971656333,0.933569530558016,Not Community,Others
4.A.2.b.4.I01.D06,0.0120168112107605,0.0231706289550822,0.00164332461001853,0.00523809719443406,0.0051353894063079,Determine pricing or monetary policies.,4.A.2.b.4.I01.D06,6.42572481453249,Determine pricing or monetary policies.,4.A.2.b.4.I01.D06,3.47708333333333,Determine pricing or monetary policies.,4.A.2.b.4.I01.D06,Determine,0.439326837909655,0.607617360496014,0.418954827280779,0.595217006200177,Not Community,Others
4.A.2.b.4.I02.D01,0.0128384735157698,0.00487802714843837,0.00523809719443406,0.00708683738070491,0.00051353894063079,Draft legislation or regulations.,4.A.2.b.4.I02.D01,6.64848663321493,Draft legislation or regulations.,4.A.2.b.4.I02.D01,4.0175,Draft legislation or regulations.,4.A.2.b.4.I02.D01,Draft,0.456155890168291,0.320637732506643,0.91762621789194,0.956598759964571,Not Community,Others
4.A.2.b.4.I03.D01,0.0992157233298687,0.168070208114376,0.0280392261584411,0.061727380663821,0.00944911650760654,Develop procedures for data management.,4.A.2.b.4.I03.D01,6.60449731741545,Develop procedures for data management.,4.A.2.b.4.I03.D01,3.50142857142857,Develop procedures for data management.,4.A.2.b.4.I03.D01,Develop,0.839681133746679,0.891054030115146,0.448184233835252,0.906111603188663,Not Community,Others
4.A.2.b.4.I03.D02,0.00308123364378474,0.00232814932084558,0,0,0.00308123364378474,Establish nursing policies or standards.,4.A.2.b.4.I03.D02,6.14305034372604,Establish nursing policies or standards.,4.A.2.b.4.I03.D02,4.29428571428571,Establish nursing policies or standards.,4.A.2.b.4.I03.D02,Establish,0.156775907883082,0.225863596102746,0.973427812223206,0.287865367581931,Not Community,Others
4.A.2.b.4.I03.D03,0.0115032722701297,0.00654099094904235,0.00328664922003706,0.00595705171131717,0.00225957133877548,Develop information communication procedures.,4.A.2.b.4.I03.D03,6.67444156279374,Develop information communication procedures.,4.A.2.b.4.I03.D03,3.4825,Develop information communication procedures.,4.A.2.b.4.I03.D03,Develop,0.426926483613818,0.37378210806023,0.429583702391497,0.988485385296723,Not Community,Others
4.A.2.b.4.I03.D04,0.287581806753243,0.186917131187888,0.118113956345082,0.157040208044896,0.0124276423632651,Develop business or financial information systems.,4.A.2.b.4.I03.D04,6.60940662860858,Develop business or financial information systems.,4.A.2.b.4.I03.D04,3.41108695652174,Develop business or financial information systems.,4.A.2.b.4.I03.D04,Develop,0.926483613817538,0.900797165633304,0.330380868024801,0.912311780336581,Not Community,Others
4.A.2.b.4.I03.D05,0.0293744274040812,0.0342570542924422,0.0106816099651204,0.0157142915833022,0.00297852585565858,"Develop policies or procedures for archives, museums or libraries.",4.A.2.b.4.I03.D05,6.34660128408792,"Develop policies or procedures for archives, museums or libraries.",4.A.2.b.4.I03.D05,3.24722222222222,"Develop policies or procedures for archives, museums or libraries.",4.A.2.b.4.I03.D05,Develop,0.639503985828167,0.681133746678477,0.171833480956599,0.464127546501329,Not Community,Others
4.A.2.b.4.I03.D06,0.0314285831666044,0.0180708732998967,0.00944911650760654,0.0183846940745823,0.00359477258441553,Develop financial analysis methods.,4.A.2.b.4.I03.D06,6.66462238673418,Develop financial analysis methods.,4.A.2.b.4.I03.D06,3.531,Develop financial analysis methods.,4.A.2.b.4.I03.D06,Develop,0.651904340124004,0.555358724534987,0.504871567759079,0.980513728963685,Not Community,Others
4.A.2.b.4.I03.D07,0.00873016199072343,0.00266074208096638,0,0.00626517507569564,0.00246498691502779,Establish standards for medical care.,4.A.2.b.4.I03.D07,6.51209541085478,Establish standards for medical care.,4.A.2.b.4.I03.D07,3.8225,Establish standards for medical care.,4.A.2.b.4.I03.D07,Establish,0.354295837023915,0.246235606731621,0.842338352524358,0.739592559787423,Not Community,Others
4.A.2.b.4.I03.D08,0.0924370093135422,0.236140859685766,0.0224930055996286,0.0629598741213349,0.00698412959257875,Develop guidelines for system implementation.,4.A.2.b.4.I03.D08,6.59211609312557,Develop guidelines for system implementation.,4.A.2.b.4.I03.D08,3.58111111111111,Develop guidelines for system implementation.,4.A.2.b.4.I03.D08,Develop,0.826395039858282,0.919397697077059,0.575730735163862,0.894596988485385,Not Community,Others
4.A.2.b.4.I03.D09,0.287170975600738,0.238801601766733,0.079906659162151,0.188674206787752,0.0185901096508346,Develop computer or information security policies or procedures.,4.A.2.b.4.I03.D09,6.55117981664732,Develop computer or information security policies or procedures.,4.A.2.b.4.I03.D09,3.616,Develop computer or information security policies or procedures.,4.A.2.b.4.I03.D09,Develop,0.925597874224978,0.921169176262179,0.615589016829052,0.820194862710363,Not Community,Others
4.A.2.b.4.I03.D10,0.857507323065294,0.71152677815176,0.321269961258622,0.514668726300178,0.0215686355064932,Develop data analysis or data management procedures.,4.A.2.b.4.I03.D10,6.42172030990399,Develop data analysis or data management procedures.,4.A.2.b.4.I03.D10,3.48375,Develop data analysis or data management procedures.,4.A.2.b.4.I03.D10,Develop,0.983170947741364,0.973427812223206,0.433126660761736,0.588131089459699,Not Community,Others
4.A.2.b.4.I03.D11,0.0031839414319109,0,0,0,0.0031839414319109,Develop technical processes to improve the efficiency of biofuel production.,4.A.2.b.4.I03.D11,6.29306623671251,Develop technical processes to improve the efficiency of biofuel production.,4.A.2.b.4.I03.D11,3.475,Develop technical processes to improve the efficiency of biofuel production.,4.A.2.b.4.I03.D11,Develop,0.160318866253322,0.163861824623561,0.4162976085031,0.409211691762622,Not Community,Others
4.A.2.b.4.I03.D12,0.0132493046682744,0.0269400135697846,0.00267040249128011,0.00534080498256022,0.00523809719443406,Develop new or advanced products or production methods.,4.A.2.b.4.I03.D12,6.34655760087964,Develop new or advanced products or production methods.,4.A.2.b.4.I03.D12,3.92590909090909,Develop new or advanced products or production methods.,4.A.2.b.4.I03.D12,Develop,0.463241806908769,0.635075287865368,0.891939769707706,0.463241806908769,Not Community,Others
4.A.2.b.4.I03.D13,0.0263959015484226,0.0158535882324247,0.00780579189758801,0.0114005644820035,0.00718954516883106,Develop procedures to evaluate organizational activities.,4.A.2.b.4.I03.D13,6.53569407517124,Develop procedures to evaluate organizational activities.,4.A.2.b.4.I03.D13,3.3575,Develop procedures to evaluate organizational activities.,4.A.2.b.4.I03.D13,Develop,0.617360496014172,0.528786536758193,0.275465013286094,0.782108060230292,Not Community,Others
4.A.2.b.4.I03.D14,0.0148926292782929,0.0129711176447111,0.00338935700816322,0.00667600622820027,0.00482726604192943,Develop technical methods or processes.,4.A.2.b.4.I03.D14,6.39810987929777,Develop technical methods or processes.,4.A.2.b.4.I03.D14,3.76722222222222,Develop technical methods or processes.,4.A.2.b.4.I03.D14,Develop,0.494242692648361,0.493356953055802,0.800708591674048,0.548272807794508,Not Community,Others
4.A.2.b.4.I03.D15,0.0926424248897945,0.182149968292824,0.0419047775554725,0.0373856348779215,0.0133520124564005,Develop testing routines or procedures.,4.A.2.b.4.I03.D15,6.51991435627798,Develop testing routines or procedures.,4.A.2.b.4.I03.D15,3.42625,Develop testing routines or procedures.,4.A.2.b.4.I03.D15,Develop,0.829052258635961,0.895482728077945,0.348981399468556,0.7511071744907,Not Community,Others
4.A.2.b.4.I03.D16,0.012324934575139,0.00565407692205356,0.00369748037254169,0.00605975949944332,0.00256769470315395,Develop procedures for data entry or processing.,4.A.2.b.4.I03.D16,6.58949690966483,Develop procedures for data entry or processing.,4.A.2.b.4.I03.D16,3.48125,Develop procedures for data entry or processing.,4.A.2.b.4.I03.D16,Develop,0.444641275465013,0.348981399468556,0.426040744021258,0.888396811337467,Not Community,Others
4.A.2.b.4.I03.D18,0.00215686355064932,0.00166296380060399,0,0,0.00215686355064932,Develop agricultural methods.,4.A.2.b.4.I03.D18,6.23427688007352,Develop agricultural methods.,4.A.2.b.4.I03.D18,3.42433333333333,Develop agricultural methods.,4.A.2.b.4.I03.D18,Develop,0.0965456155890168,0.174490699734278,0.346324180690877,0.356953055801594,Not Community,Others
4.A.2.b.5.I01.D04,0.00277311027940627,0.0198447013538743,0,0.00164332461001853,0.00112978566938774,Schedule activities or facility use.,4.A.2.b.5.I01.D04,6.36577471979085,Schedule activities or facility use.,4.A.2.b.5.I01.D04,3.1878125,Schedule activities or facility use.,4.A.2.b.5.I01.D04,Schedule,0.140832595217006,0.570416297608503,0.131975199291408,0.494242692648361,Not Community,Others
4.A.2.b.5.I02.D02,0.00154061682189237,0,0,0,0.00154061682189237,Arrange maintenance activities.,4.A.2.b.5.I02.D02,5.82448956209829,Arrange maintenance activities.,4.A.2.b.5.I02.D02,3.96705882352941,Arrange maintenance activities.,4.A.2.b.5.I02.D02,Arrange,0.0150575730735164,0.163861824623561,0.903454384410983,0.148804251550044,Not Community,Others
4.A.2.b.5.I02.D07,0.0251634080909087,0.0348113755593102,0.00523809719443406,0.00996265544823733,0.00996265544823733,Schedule operational activities.,4.A.2.b.5.I02.D07,6.22879565920975,Schedule operational activities.,4.A.2.b.5.I02.D07,3.50081395348837,Schedule operational activities.,4.A.2.b.5.I02.D07,Schedule,0.610274579273694,0.682905225863596,0.444641275465013,0.353410097431355,Not Community,Others
4.A.2.b.5.I03.D01,0.0134547202445267,0.0199555656072479,0.00410831152504632,0.00164332461001853,0.00770308410946185,Schedule appointments.,4.A.2.b.5.I03.D01,6.39151822743391,Schedule appointments.,4.A.2.b.5.I03.D01,3.37953125,Schedule appointments.,4.A.2.b.5.I03.D01,Schedule,0.468556244464128,0.572187776793623,0.29317980513729,0.536758193091231,Not Community,Others
4.A.2.b.5.I03.D02,0.00164332461001853,0,0,0,0.00164332461001853,Schedule patient procedures or appointments.,4.A.2.b.5.I03.D02,5.95848789306855,Schedule patient procedures or appointments.,4.A.2.b.5.I03.D02,4.09257142857143,Schedule patient procedures or appointments.,4.A.2.b.5.I03.D02,Schedule,0.0380868024800709,0.163861824623561,0.934455270150576,0.201948627103632,Not Community,Others
4.A.2.b.5.I03.D03,0.00154061682189237,0.00177382805397759,0,0,0.00154061682189237,Schedule appointments with prospective customers.,4.A.2.b.5.I03.D03,6.43095750545138,Schedule appointments with prospective customers.,4.A.2.b.5.I03.D03,3.235,Schedule appointments with prospective customers.,4.A.2.b.5.I03.D03,Schedule,0.0150575730735164,0.185119574844996,0.16474756421612,0.605845881310895,Not Community,Others
4.A.2.b.6.I01.D01,0.263240060967343,0.278380140221108,0.102194249185527,0.156218545739886,0.00482726604192943,Plan special events.,4.A.2.b.6.I01.D01,5.8404061949161,Plan special events.,4.A.2.b.6.I01.D01,3.2575,Plan special events.,4.A.2.b.6.I01.D01,Plan,0.920283436669619,0.935341009743136,0.182462356067316,0.159433126660762,Not Community,Others
4.A.2.b.6.I01.D02,0.00277311027940627,0.00421284162819677,0,0,0.00277311027940627,"Plan conferences, programs, or special events.",4.A.2.b.6.I01.D02,6.58963460517217,"Plan conferences, programs, or special events.",4.A.2.b.6.I01.D02,2.875,"Plan conferences, programs, or special events.",4.A.2.b.6.I01.D02,Plan,0.140832595217006,0.299379982285208,0.0186005314437555,0.890168290522586,Community,Nonprofit
4.A.2.b.6.I01.D04,0.00246498691502779,0,0,0,0.00246498691502779,Plan implementation or promotion of recycling programs.,4.A.2.b.6.I01.D04,6.22160072732915,Plan implementation or promotion of recycling programs.,4.A.2.b.6.I01.D04,3.425,Plan implementation or promotion of recycling programs.,4.A.2.b.6.I01.D04,Plan,0.122232063773251,0.163861824623561,0.347209920283437,0.348095659875996,Not Community,Others
4.A.2.b.6.I01.D05,0.029887966344712,0.0131928461514583,0.0120168112107605,0.0131465968801482,0.00472455825380327,Plan community programs or activities for the general public.,4.A.2.b.6.I01.D05,6.54942211145926,Plan community programs or activities for the general public.,4.A.2.b.6.I01.D05,3.11712121212121,Plan community programs or activities for the general public.,4.A.2.b.6.I01.D05,Plan,0.642161204605846,0.496014171833481,0.0930026572187777,0.816651904340124,Not Community,Others
4.A.2.b.6.I02.D01,0.00626517507569564,0.00875827601651434,0.00215686355064932,0.00369748037254169,0.000410831152504632,"Plan layout of construction, installation, or repairs.",4.A.2.b.6.I02.D01,5.52196676663507,"Plan layout of construction, installation, or repairs.",4.A.2.b.6.I02.D01,3.74772727272727,"Plan layout of construction, installation, or repairs.",4.A.2.b.6.I02.D01,Plan,0.289636846767051,0.423383525243578,0.779450841452613,0.0159433126660762,Not Community,Others
4.A.2.b.6.I02.D04,0.00297852585565858,0,0,0,0.00297852585565858,Plan flight operations.,4.A.2.b.6.I02.D04,6.18518439760054,Plan flight operations.,4.A.2.b.6.I02.D04,4.29277777777778,Plan flight operations.,4.A.2.b.6.I02.D04,Plan,0.148804251550044,0.163861824623561,0.972542072630647,0.318866253321523,Not Community,Others
4.A.2.b.6.I02.D05,0.0107843177532466,0.00687358370916315,0.00246498691502779,0.00698412959257875,0.00133520124564005,Adjust routes or speeds as necessary.,4.A.2.b.6.I02.D05,5.91208350132021,Adjust routes or speeds as necessary.,4.A.2.b.6.I02.D05,4.20214285714286,Adjust routes or speeds as necessary.,4.A.2.b.6.I02.D05,Adjust,0.408325952170062,0.382639503985828,0.955713020372011,0.184233835252436,Not Community,Others
4.A.2.b.6.I02.D07,0.0364612647847861,0.0146340814453151,0.00975723987198501,0.0164332461001853,0.0102707788126158,Prepare detailed work plans.,4.A.2.b.6.I02.D07,6.43124318662916,Prepare detailed work plans.,4.A.2.b.6.I02.D07,3.66489795918367,Prepare detailed work plans.,4.A.2.b.6.I02.D07,Prepare,0.674047829937998,0.521700620017715,0.679362267493357,0.607617360496014,Not Community,Others
4.A.2.b.6.I02.D08,0.0150980448545452,0.0168513665127871,0.0044164348894248,0.00616246728756948,0.00451914267755095,Develop detailed project plans.,4.A.2.b.6.I02.D08,6.61144598790697,Develop detailed project plans.,4.A.2.b.6.I02.D08,3.52,Develop detailed project plans.,4.A.2.b.6.I02.D08,Develop,0.496899911426041,0.54118689105403,0.481842338352524,0.91496899911426,Not Community,Others
4.A.2.b.6.I02.D09,0.00462185046567711,0.00199555656072479,0,0,0.00462185046567711,Plan production or operational procedures or sequences.,4.A.2.b.6.I02.D09,5.91586024901453,Plan production or operational procedures or sequences.,4.A.2.b.6.I02.D09,3.91942307692308,Plan production or operational procedures or sequences.,4.A.2.b.6.I02.D09,Plan,0.231178033658105,0.201062887511072,0.889282550930027,0.185119574844996,Not Community,Others
4.A.3.a.1.I01.D03,0.0398506217929493,0.0350331040660574,0.0133520124564005,0.0235200834808902,0.00297852585565858,Mix ingredients.,4.A.3.a.1.I01.D03,5.59448255235922,Mix ingredients.,4.A.3.a.1.I01.D03,2.92,Mix ingredients.,4.A.3.a.1.I01.D03,Mix,0.689991142604074,0.684676705048716,0.0221434898139947,0.0256864481842338,Not Community,Others
4.A.3.a.1.I01.D07,0.0174603239814469,0.0167405022594135,0.00205415576252316,0.0114005644820035,0.00400560373692016,Prepare medications or medical solutions.,4.A.3.a.1.I01.D07,6.06448018520806,Prepare medications or medical solutions.,4.A.3.a.1.I01.D07,4.45086206896552,Prepare medications or medical solutions.,4.A.3.a.1.I01.D07,Prepare,0.534986713906112,0.538529672276351,0.994685562444641,0.242692648361382,Not Community,Others
4.A.3.a.1.I01.D08,0.00174603239814469,0,0,0,0.00174603239814469,Mix substances to create chemical solutions.,4.A.3.a.1.I01.D08,5.65027447647046,Mix substances to create chemical solutions.,4.A.3.a.1.I01.D08,3.56288461538462,Mix substances to create chemical solutions.,4.A.3.a.1.I01.D08,Mix,0.0531443755535872,0.163861824623561,0.550930026572188,0.0496014171833481,Not Community,Others
4.A.3.a.1.I03.D16,0.00154061682189237,0.00221728506747198,0,0,0.00154061682189237,"Clean equipment, parts, or tools to repair or maintain them in good working order.",4.A.3.a.1.I03.D16,5.63887786899323,"Clean equipment, parts, or tools to repair or maintain them in good working order.",4.A.3.a.1.I03.D16,3.77128378378378,"Clean equipment, parts, or tools to repair or maintain them in good working order.",4.A.3.a.1.I03.D16,Clean,0.0150575730735164,0.214348981399469,0.803365810451727,0.0425155004428698,Not Community,Others
4.A.3.a.1.I03.D17,0.00369748037254169,0,0,0.00174603239814469,0.001951447974397,Decontaminate equipment or sites to remove hazardous or toxic substances.,4.A.3.a.1.I03.D17,5.7065763360354,Decontaminate equipment or sites to remove hazardous or toxic substances.,4.A.3.a.1.I03.D17,3.4725,Decontaminate equipment or sites to remove hazardous or toxic substances.,4.A.3.a.1.I03.D17,Decontaminate,0.192205491585474,0.163861824623561,0.410097431355182,0.087688219663419,Not Community,Others
4.A.3.a.1.I03.D19,0.00369748037254169,0,0,0.00174603239814469,0.001951447974397,Clean equipment or facilities.,4.A.3.a.1.I03.D19,5.43992048641505,Clean equipment or facilities.,4.A.3.a.1.I03.D19,3.576,Clean equipment or facilities.,4.A.3.a.1.I03.D19,Clean,0.192205491585474,0.163861824623561,0.571302037201063,0.0070859167404783,Not Community,Others
4.A.3.a.1.I06.D01,0.00154061682189237,0,0,0,0.00154061682189237,"Load shipments, belongings, or materials.",4.A.3.a.1.I06.D01,5.57579968256679,"Load shipments, belongings, or materials.",4.A.3.a.1.I06.D01,3.88630434782609,"Load shipments, belongings, or materials.",4.A.3.a.1.I06.D01,Load,0.0150575730735164,0.163861824623561,0.877767936226749,0.0212577502214349,Not Community,Others
4.A.3.a.1.I10.D05,0.00215686355064932,0,0.00184874018627084,0,0.000308123364378474,Deliver items.,4.A.3.a.1.I10.D05,5.87847482730331,Deliver items.,4.A.3.a.1.I10.D05,3.3545,Deliver items.,4.A.3.a.1.I10.D05,Deliver,0.0965456155890168,0.163861824623561,0.272807794508415,0.175376439326838,Not Community,Others
4.A.3.a.1.I11.D07,0.010373486600742,0,0.0044164348894248,0,0.00595705171131717,Maintain security.,4.A.3.a.1.I11.D07,6.30972850624982,Maintain security.,4.A.3.a.1.I11.D07,3.76625,Maintain security.,4.A.3.a.1.I11.D07,Maintain,0.398582816651904,0.163861824623561,0.797165633303809,0.426040744021258,Not Community,Others
4.A.3.a.1.I11.D10,0.00184874018627084,0.00177382805397759,0,0,0.00184874018627084,Enforce rules or regulations.,4.A.3.a.1.I11.D10,5.76167622996294,Enforce rules or regulations.,4.A.3.a.1.I11.D10,3.069375,Enforce rules or regulations.,4.A.3.a.1.I11.D10,Enforce,0.0637732506643047,0.185119574844996,0.0549158547387068,0.120460584588131,Not Community,Others
4.A.3.a.1.I12.D04,0.00421101931317248,0.00166296380060399,0.00236227912690163,0,0.00184874018627084,Accompany patients or clients on outings to provide assistance.,4.A.3.a.1.I12.D04,5.75650968399729,Accompany patients or clients on outings to provide assistance.,4.A.3.a.1.I12.D04,3.7,Accompany patients or clients on outings to provide assistance.,4.A.3.a.1.I12.D04,Accompany,0.211691762621789,0.174490699734278,0.715677590788308,0.117803365810452,Not Community,Others
4.A.3.a.1.I15.D02,0.00338935700816322,0.0228380361949614,0,0,0.00338935700816322,Serve food or beverages.,4.A.3.a.1.I15.D02,5.67513882028165,Serve food or beverages.,4.A.3.a.1.I15.D02,2.834,Serve food or beverages.,4.A.3.a.1.I15.D02,Serve,0.170947741364039,0.604074402125775,0.0106288751107174,0.0637732506643047,Not Community,Others
4.A.3.a.1.I16.D03,0.0118113956345082,0.00820395474964634,0.00503268161818174,0.00236227912690164,0.0044164348894248,Practice athletic or artistic skills.,4.A.3.a.1.I16.D03,5.51774355935364,Practice athletic or artistic skills.,4.A.3.a.1.I16.D03,3.03065217391304,Practice athletic or artistic skills.,4.A.3.a.1.I16.D03,Practice,0.433126660761736,0.409211691762622,0.0425155004428698,0.0150575730735164,Not Community,Others
4.A.3.a.2.I01.D02,0.00390289594879401,0.00521061990855916,0,0.00225957133877548,0.00164332461001853,Install insulation in equipment or structures.,4.A.3.a.2.I01.D02,5.46955218776709,Install insulation in equipment or structures.,4.A.3.a.2.I01.D02,3.41285714285714,Install insulation in equipment or structures.,4.A.3.a.2.I01.D02,Install,0.197519929140833,0.335695305580159,0.33215234720992,0.0115146147032772,Not Community,Others
4.A.3.a.2.I01.D16,0.0416993619792202,0.0256096425293014,0.0132493046682744,0.023417375692764,0.00503268161818174,Construct exhibits or parts of exhibits.,4.A.3.a.2.I01.D16,6.13240706996496,Construct exhibits or parts of exhibits.,4.A.3.a.2.I01.D16,3.5175,Construct exhibits or parts of exhibits.,4.A.3.a.2.I01.D16,Construct,0.697962798937112,0.627989371124889,0.476527900797166,0.283436669619132,Not Community,Others
4.A.3.a.2.I02.D01,0.00554622055881253,0.00798222624289914,0.00205415576252316,0.00246498691502779,0.00102707788126158,Collect samples for analysis or testing.,4.A.3.a.2.I02.D01,5.64125270907666,Collect samples for analysis or testing.,4.A.3.a.2.I02.D01,3.72,Collect samples for analysis or testing.,4.A.3.a.2.I02.D01,Collect,0.263950398582817,0.404782993799823,0.744021257750221,0.0442869796279894,Not Community,Others
4.A.3.a.2.I03.D01,0.00184874018627084,0.00465629864169117,0,0,0.00184874018627084,Cut cooked or raw foods.,4.A.3.a.2.I03.D01,5.66770289205889,Cut cooked or raw foods.,4.A.3.a.2.I03.D01,2.895,Cut cooked or raw foods.,4.A.3.a.2.I03.D01,Cut,0.0637732506643047,0.317094774136404,0.0194862710363153,0.0549158547387068,Not Community,Others
4.A.3.a.2.I03.D02,0.00184874018627084,0.00465629864169117,0,0,0.00184874018627084,Prepare foods for cooking or serving.,4.A.3.a.2.I03.D02,5.63754891105576,Prepare foods for cooking or serving.,4.A.3.a.2.I03.D02,3.04891304347826,Prepare foods for cooking or serving.,4.A.3.a.2.I03.D02,Prepare,0.0637732506643047,0.317094774136404,0.0487156775907883,0.04162976085031,Not Community,Others
4.A.3.a.2.I03.D06,0.00184874018627084,0.00465629864169117,0,0,0.00184874018627084,Prepare hot or cold beverages.,4.A.3.a.2.I03.D06,5.70708211214149,Prepare hot or cold beverages.,4.A.3.a.2.I03.D06,2.84466666666667,Prepare hot or cold beverages.,4.A.3.a.2.I03.D06,Prepare,0.0637732506643047,0.317094774136404,0.012400354295837,0.0894596988485385,Not Community,Others
4.A.3.a.2.I03.D07,0.0657329844007411,0.136363031649527,0.0238282068452687,0.0260877781840441,0.0158169993714283,Cook foods.,4.A.3.a.2.I03.D07,5.70160012182143,Cook foods.,4.A.3.a.2.I03.D07,3.02,Cook foods.,4.A.3.a.2.I03.D07,Cook,0.773250664304694,0.87333923826395,0.0398582816651904,0.08325952170062,Not Community,Others
4.A.3.a.2.I03.D09,0.00308123364378474,0.00687358370916315,0,0.00154061682189237,0.00154061682189237,Prepare breads or doughs.,4.A.3.a.2.I03.D09,5.71702725303993,Prepare breads or doughs.,4.A.3.a.2.I03.D09,3.1825,Prepare breads or doughs.,4.A.3.a.2.I03.D09,Prepare,0.156775907883082,0.382639503985828,0.130203720106289,0.0956598759964571,Not Community,Others
4.A.3.a.2.I03.D11,0.00657329844007411,0.00931259728338233,0.00236227912690163,0.00236227912690163,0.00184874018627084,Prepare foods or meals.,4.A.3.a.2.I03.D11,5.86367691402798,Prepare foods or meals.,4.A.3.a.2.I03.D11,3.5045,Prepare foods or meals.,4.A.3.a.2.I03.D11,Prepare,0.302922940655447,0.436669619131975,0.455270150575731,0.169176262178919,Not Community,Others
4.A.3.a.2.I04.D02,0.0144817981257883,0.00177382805397759,0.00349206479628937,0.00647059065194796,0.00451914267755095,Assemble equipment or components.,4.A.3.a.2.I04.D02,6.07900651623851,Assemble equipment or components.,4.A.3.a.2.I04.D02,3.7990625,Assemble equipment or components.,4.A.3.a.2.I04.D02,Assemble,0.487156775907883,0.185119574844996,0.828166519043401,0.25066430469442,Not Community,Others
4.A.3.a.2.I04.D08,0.00410831152504632,0.00221728506747198,0,0,0.00410831152504632,Install machine or equipment replacement parts.,4.A.3.a.2.I04.D08,5.64544288855977,Install machine or equipment replacement parts.,4.A.3.a.2.I04.D08,3.73763157894737,Install machine or equipment replacement parts.,4.A.3.a.2.I04.D08,Install,0.205491585473871,0.214348981399469,0.768821966341896,0.0469441984056687,Not Community,Others
4.A.3.a.2.I05.D01,0.00164332461001853,0,0,0,0.00164332461001853,Sew clothing or other articles.,4.A.3.a.2.I05.D01,5.72151197155158,Sew clothing or other articles.,4.A.3.a.2.I05.D01,3.58439393939394,Sew clothing or other articles.,4.A.3.a.2.I05.D01,Sew,0.0380868024800709,0.163861824623561,0.581045172719221,0.101860053144376,Not Community,Others
4.A.3.a.2.I05.D03,0.00164332461001853,0,0,0,0.00164332461001853,Repair textiles or apparel.,4.A.3.a.2.I05.D03,5.68683917432875,Repair textiles or apparel.,4.A.3.a.2.I05.D03,3.453,Repair textiles or apparel.,4.A.3.a.2.I05.D03,Repair,0.0380868024800709,0.163861824623561,0.380868024800709,0.0761736049601417,Not Community,Others
4.A.3.a.2.I08.D02,0.00585434392319101,0.00864741176314074,0.00215686355064932,0,0.00369748037254169,Set up merchandise displays.,4.A.3.a.2.I08.D02,6.10776309161185,Set up merchandise displays.,4.A.3.a.2.I08.D02,2.85777777777778,Set up merchandise displays.,4.A.3.a.2.I08.D02,Set,0.277236492471213,0.419840566873339,0.0141718334809566,0.264836138175376,Not Community,Others
4.A.3.a.2.I08.D03,0.0101680710244896,0,0.00760037632133569,0,0.00256769470315395,"Prepare materials for preservation, storage, or display.",4.A.3.a.2.I08.D03,6.15691228038052,"Prepare materials for preservation, storage, or display.",4.A.3.a.2.I08.D03,3.47333333333333,"Prepare materials for preservation, storage, or display.",4.A.3.a.2.I08.D03,Prepare,0.393268379096546,0.163861824623561,0.413640389725421,0.294951284322409,Not Community,Others
4.A.3.a.2.I09.D01,0.00236227912690163,0,0,0,0.00236227912690163,Adjust tuning or functioning of musical instruments.,4.A.3.a.2.I09.D01,5.84358240454961,Adjust tuning or functioning of musical instruments.,4.A.3.a.2.I09.D01,3.64961538461538,Adjust tuning or functioning of musical instruments.,4.A.3.a.2.I09.D01,Adjust,0.110717449069973,0.163861824623561,0.656333038086802,0.161204605845881,Not Community,Others
4.A.3.a.2.I09.D02,0.00215686355064932,0,0,0,0.00215686355064932,Adjust equipment controls to regulate gas flow.,4.A.3.a.2.I09.D02,5.64159312179971,Adjust equipment controls to regulate gas flow.,4.A.3.a.2.I09.D02,3.75333333333333,Adjust equipment controls to regulate gas flow.,4.A.3.a.2.I09.D02,Adjust,0.0965456155890168,0.163861824623561,0.784765279007972,0.0451727192205492,Not Community,Others
4.A.3.a.2.I09.D04,0.0290663040397027,0.00543234841530636,0.00523809719443406,0.0125303501513913,0.0112978566938774,Calibrate scientific or technical equipment.,4.A.3.a.2.I09.D04,6.12264820262559,Calibrate scientific or technical equipment.,4.A.3.a.2.I09.D04,3.81817073170732,Calibrate scientific or technical equipment.,4.A.3.a.2.I09.D04,Calibrate,0.636846767050487,0.343666961913198,0.839681133746679,0.277236492471213,Not Community,Others
4.A.3.a.2.I09.D05,0.00657329844007411,0.00221728506747198,0,0.00164332461001853,0.00492997383005559,Adjust equipment to ensure optimal performance.,4.A.3.a.2.I09.D05,5.68370485590699,Adjust equipment to ensure optimal performance.,4.A.3.a.2.I09.D05,3.67494252873563,Adjust equipment to ensure optimal performance.,4.A.3.a.2.I09.D05,Adjust,0.302922940655447,0.214348981399469,0.689105403011515,0.0726306465899026,Not Community,Others
4.A.3.a.2.I09.D06,0.0426237320723556,0.00410197737482317,0.00975723987198501,0.0233146679046379,0.0095518242957327,Calibrate equipment to specifications.,4.A.3.a.2.I09.D06,5.86705942640329,Calibrate equipment to specifications.,4.A.3.a.2.I09.D06,3.51533333333333,Calibrate equipment to specifications.,4.A.3.a.2.I09.D06,Calibrate,0.70682019486271,0.298494242692648,0.474756421612046,0.171833480956599,Not Community,Others
4.A.3.a.2.I09.D07,0.00215686355064932,0,0,0,0.00215686355064932,Adjust temperature controls of ovens or other heating equipment.,4.A.3.a.2.I09.D07,5.60710802550844,Adjust temperature controls of ovens or other heating equipment.,4.A.3.a.2.I09.D07,3.704,Adjust temperature controls of ovens or other heating equipment.,4.A.3.a.2.I09.D07,Adjust,0.0965456155890168,0.163861824623561,0.726306465899026,0.0301151461470328,Not Community,Others
4.A.3.a.2.I09.D09,0.00164332461001853,0,0,0,0.00164332461001853,Adjust settings or positions of medical equipment.,4.A.3.a.2.I09.D09,5.96117021813826,Adjust settings or positions of medical equipment.,4.A.3.a.2.I09.D09,4.284,Adjust settings or positions of medical equipment.,4.A.3.a.2.I09.D09,Adjust,0.0380868024800709,0.163861824623561,0.969884853852967,0.203720106288751,Not Community,Others
4.A.3.a.2.I09.D13,0.00184874018627084,0,0,0,0.00184874018627084,"Adjust equipment controls to regulate flow of water, cleaning solutions, or other liquids.",4.A.3.a.2.I09.D13,5.7119477435411,"Adjust equipment controls to regulate flow of water, cleaning solutions, or other liquids.",4.A.3.a.2.I09.D13,4.04266666666667,"Adjust equipment controls to regulate flow of water, cleaning solutions, or other liquids.",4.A.3.a.2.I09.D13,Adjust,0.0637732506643047,0.163861824623561,0.922054915854739,0.0921169176262179,Not Community,Others
4.A.3.a.2.I09.D14,0.00205415576252316,0,0,0,0.00205415576252316,Adjust flow of electricity to tools or production equipment.,4.A.3.a.2.I09.D14,5.62631648782567,Adjust flow of electricity to tools or production equipment.,4.A.3.a.2.I09.D14,3.651,Adjust flow of electricity to tools or production equipment.,4.A.3.a.2.I09.D14,Adjust,0.0814880425155005,0.163861824623561,0.659875996457042,0.0372010628875111,Not Community,Others
4.A.3.a.2.I10.D01,0.00154061682189237,0.00277160633433998,0,0,0.00154061682189237,Train animals.,4.A.3.a.2.I10.D01,5.62658770754547,Train animals.,4.A.3.a.2.I10.D01,3.11291666666667,Train animals.,4.A.3.a.2.I10.D01,Train,0.0150575730735164,0.255093002657219,0.0894596988485385,0.0380868024800709,Not Community,Others
4.A.3.a.2.I11.D01,0.00277311027940627,0,0,0,0.00277311027940627,Prepare medical supplies or equipment for use.,4.A.3.a.2.I11.D01,5.99534591290887,Prepare medical supplies or equipment for use.,4.A.3.a.2.I11.D01,4.1925,Prepare medical supplies or equipment for use.,4.A.3.a.2.I11.D01,Prepare,0.140832595217006,0.163861824623561,0.953941541186891,0.217006200177148,Not Community,Others
4.A.3.a.2.I11.D02,0.00246498691502779,0,0,0,0.00246498691502779,Prepare medical instruments or equipment for use.,4.A.3.a.2.I11.D02,5.8409967961779,Prepare medical instruments or equipment for use.,4.A.3.a.2.I11.D02,3.71975,Prepare medical instruments or equipment for use.,4.A.3.a.2.I11.D02,Prepare,0.122232063773251,0.163861824623561,0.742249778565102,0.160318866253322,Not Community,Others
4.A.3.a.2.I13.D04,0.00359477258441553,0.00465629864169117,0,0.00154061682189237,0.00205415576252316,Prepare hazardous waste for processing or disposal.,4.A.3.a.2.I13.D04,5.68270625714359,Prepare hazardous waste for processing or disposal.,4.A.3.a.2.I13.D04,3.47861111111111,Prepare hazardous waste for processing or disposal.,4.A.3.a.2.I13.D04,Prepare,0.185119574844996,0.317094774136404,0.422497785651019,0.0717449069973428,Not Community,Others
4.A.3.a.2.I17.D03,0.00164332461001853,0,0,0,0.00164332461001853,Fabricate medical devices.,4.A.3.a.2.I17.D03,6.07096552074432,Fabricate medical devices.,4.A.3.a.2.I17.D03,3.85706896551724,Fabricate medical devices.,4.A.3.a.2.I17.D03,Fabricate,0.0380868024800709,0.163861824623561,0.863596102745793,0.246235606731621,Not Community,Others
4.A.3.a.2.I20.D03,0.0233146679046379,0.0280486561035206,0.00924370093135422,0.012324934575139,0.00174603239814469,Install audio or communications equipment.,4.A.3.a.2.I20.D03,5.7025395280568,Install audio or communications equipment.,4.A.3.a.2.I20.D03,3.74083333333333,Install audio or communications equipment.,4.A.3.a.2.I20.D03,Install,0.596988485385297,0.642161204605846,0.772364924712135,0.0850310008857396,Not Community,Others
4.A.3.a.2.I20.D04,0.00308123364378474,0,0,0,0.00308123364378474,Install production equipment or systems.,4.A.3.a.2.I20.D04,6.12812540299464,Install production equipment or systems.,4.A.3.a.2.I20.D04,3.87107142857143,Install production equipment or systems.,4.A.3.a.2.I20.D04,Install,0.156775907883082,0.163861824623561,0.87333923826395,0.280779450841453,Not Community,Others
4.A.3.a.2.I21.D03,0.0063678828638218,0.0104212398171183,0,0.00410831152504632,0.00225957133877548,Apply solutions to hair for therapeutic or cosmetic purposes.,4.A.3.a.2.I21.D03,5.71963017069764,Apply solutions to hair for therapeutic or cosmetic purposes.,4.A.3.a.2.I21.D03,3.194375,Apply solutions to hair for therapeutic or cosmetic purposes.,4.A.3.a.2.I21.D03,Apply,0.29317980513729,0.45881310894597,0.137289636846767,0.100088573959256,Not Community,Others
4.A.3.a.2.I21.D04,0.00544351277068638,0.00254987782759278,0,0.00328664922003706,0.00215686355064932,Apply makeup to alter or enhance appearance.,4.A.3.a.2.I21.D04,5.78108584590505,Apply makeup to alter or enhance appearance.,4.A.3.a.2.I21.D04,3.45307692307692,Apply makeup to alter or enhance appearance.,4.A.3.a.2.I21.D04,Apply,0.254207263064659,0.240921169176262,0.381753764393268,0.130203720106289,Not Community,Others
4.A.3.a.2.I24.D01,0.00164332461001853,0,0,0,0.00164332461001853,Adjust prostheses or other assistive devices.,4.A.3.a.2.I24.D01,6.11960247305143,Adjust prostheses or other assistive devices.,4.A.3.a.2.I24.D01,4.05294117647059,Adjust prostheses or other assistive devices.,4.A.3.a.2.I24.D01,Adjust,0.0380868024800709,0.163861824623561,0.923826395039858,0.273693534100974,Not Community,Others
4.A.3.a.2.I27.D01,0.001951447974397,0,0,0,0.001951447974397,Fabricate devices or components.,4.A.3.a.2.I27.D01,6.1143380342474,Fabricate devices or components.,4.A.3.a.2.I27.D01,3.7425,Fabricate devices or components.,4.A.3.a.2.I27.D01,Fabricate,0.0673162090345439,0.163861824623561,0.775022143489814,0.270150575730735,Not Community,Others
4.A.3.a.2.I28.D02,0.567357821608897,0.0909086877663514,0.307404409861591,0.234584588080145,0.025368823667161,"Construct distinctive physical objects for artistic, functional, or commercial purposes.",4.A.3.a.2.I28.D02,5.84976793764838,"Construct distinctive physical objects for artistic, functional, or commercial purposes.",4.A.3.a.2.I28.D02,3.04416666666667,"Construct distinctive physical objects for artistic, functional, or commercial purposes.",4.A.3.a.2.I28.D02,Construct,0.970770593445527,0.823737821080602,0.0469441984056687,0.162090345438441,Not Community,Others
4.A.3.a.2.I32.D01,0.013660135820779,0.0172948235262815,0.00616246728756948,0.00616246728756948,0.00133520124564005,Set up classroom materials or equipment.,4.A.3.a.2.I32.D01,6.34643231646332,Set up classroom materials or equipment.,4.A.3.a.2.I32.D01,3.01058823529412,Set up classroom materials or equipment.,4.A.3.a.2.I32.D01,Set,0.474756421612046,0.544729849424269,0.0363153232949513,0.462356067316209,Not Community,Others
4.A.3.a.2.I32.D03,0.0269094404890534,0.00720617646928395,0.0137628436089052,0.0112978566938774,0.00184874018627084,Display student work.,4.A.3.a.2.I32.D03,6.40747924983794,Display student work.,4.A.3.a.2.I32.D03,2.920625,Display student work.,4.A.3.a.2.I32.D03,Display,0.620903454384411,0.386182462356067,0.0230292294065545,0.564216120460585,Not Community,Others
4.A.3.a.2.I33.D09,0.00215686355064932,0,0,0,0.00215686355064932,Apply sealants or other protective coatings.,4.A.3.a.2.I33.D09,5.32977810564568,Apply sealants or other protective coatings.,4.A.3.a.2.I33.D09,3.442875,Apply sealants or other protective coatings.,4.A.3.a.2.I33.D09,Apply,0.0965456155890168,0.163861824623561,0.372896368467671,0.00265721877767936,Not Community,Others
4.A.3.a.2.I36.D01,0.00164332461001853,0,0,0,0.00164332461001853,"Build models, patterns, or templates.",4.A.3.a.2.I36.D01,5.93895198387896,"Build models, patterns, or templates.",4.A.3.a.2.I36.D01,3.31125,"Build models, patterns, or templates.",4.A.3.a.2.I36.D01,Build,0.0380868024800709,0.163861824623561,0.227635075287865,0.196634189548273,Not Community,Others
4.A.3.a.2.I37.D01,0.00421101931317248,0.00188469230735119,0.00215686355064932,0,0.00205415576252316,Stock products or parts.,4.A.3.a.2.I37.D01,6.21192404492998,Stock products or parts.,4.A.3.a.2.I37.D01,2.96555555555556,Stock products or parts.,4.A.3.a.2.I37.D01,Stock,0.211691762621789,0.190434012400354,0.0301151461470328,0.338352524357839,Not Community,Others
4.A.3.a.2.I37.D03,0.0282446417346935,0.0299333484108718,0.0145845059139144,0.0095518242957327,0.00410831152504632,Store records or related materials.,4.A.3.a.2.I37.D03,6.08605999848864,Store records or related materials.,4.A.3.a.2.I37.D03,3.46375,Store records or related materials.,4.A.3.a.2.I37.D03,Store,0.631532329495128,0.660761736049602,0.399468556244464,0.252435783879539,Not Community,Others
4.A.3.a.2.I37.D04,0.0196171875320962,0.0100886470569975,0.00369748037254169,0.0131465968801482,0.00277311027940627,Store supplies or goods in kitchens or storage areas.,4.A.3.a.2.I37.D04,5.467212239784,Store supplies or goods in kitchens or storage areas.,4.A.3.a.2.I37.D04,2.99809523809524,Store supplies or goods in kitchens or storage areas.,4.A.3.a.2.I37.D04,Store,0.567759078830824,0.453498671390611,0.0345438441098317,0.0106288751107174,Not Community,Others
4.A.3.a.2.I38.D03,0.00544351277068638,0.00864741176314074,0.001951447974397,0,0.00349206479628937,Collect geographical or geological field data.,4.A.3.a.2.I38.D03,6.37363219234191,Collect geographical or geological field data.,4.A.3.a.2.I38.D03,3.30433333333333,Collect geographical or geological field data.,4.A.3.a.2.I38.D03,Collect,0.254207263064659,0.419840566873339,0.218777679362268,0.506643046944198,Not Community,Others
4.A.3.a.2.I38.D05,0.012324934575139,0.0134145746582055,0.00328664922003706,0.00349206479628937,0.00554622055881254,Collect environmental data or samples.,4.A.3.a.2.I38.D05,6.336354104242,Collect environmental data or samples.,4.A.3.a.2.I38.D05,3.54928571428571,Collect environmental data or samples.,4.A.3.a.2.I38.D05,Collect,0.446412754650133,0.50044286979628,0.530558015943313,0.452612931798051,Not Community,Others
4.A.3.a.2.I39.D04,0.00164332461001853,0.00199555656072479,0,0,0.00164332461001853,Apply material to fill gaps in surfaces.,4.A.3.a.2.I39.D04,5.36603264875746,Apply material to fill gaps in surfaces.,4.A.3.a.2.I39.D04,3.41407894736842,Apply material to fill gaps in surfaces.,4.A.3.a.2.I39.D04,Apply,0.0380868024800709,0.201062887511072,0.33392382639504,0.00354295837023915,Not Community,Others
4.A.3.a.2.I41.D01,0.0124276423632651,0.00177382805397759,0.00225957133877548,0.00780579189758801,0.00236227912690164,Align equipment or machinery.,4.A.3.a.2.I41.D01,5.60130713116793,Align equipment or machinery.,4.A.3.a.2.I41.D01,3.79442307692308,Align equipment or machinery.,4.A.3.a.2.I41.D01,Align,0.448184233835252,0.185119574844996,0.821966341895483,0.0265721877767936,Not Community,Others
4.A.3.a.2.I41.D05,0.00164332461001853,0.00210642081409839,0,0,0.00164332461001853,Mark reference points on construction materials.,4.A.3.a.2.I41.D05,5.43617649683091,Mark reference points on construction materials.,4.A.3.a.2.I41.D05,3.52009433962264,Mark reference points on construction materials.,4.A.3.a.2.I41.D05,Mark,0.0380868024800709,0.203720106288751,0.482728077945084,0.00620017714791851,Not Community,Others
4.A.3.a.2.I41.D08,0.00410831152504632,0,0,0,0.00410831152504632,Draw guide lines or markings on materials or workpieces using patterns or other references.,4.A.3.a.2.I41.D08,5.72406184979666,Draw guide lines or markings on materials or workpieces using patterns or other references.,4.A.3.a.2.I41.D08,3.681484375,Draw guide lines or markings on materials or workpieces using patterns or other references.,4.A.3.a.2.I41.D08,Draw,0.205491585473871,0.163861824623561,0.695305580159433,0.103631532329495,Not Community,Others
4.A.3.a.2.I45.D02,0.0100653632363635,0,0.00472455825380327,0.00205415576252316,0.00328664922003706,"Apply finishes to artwork, crafts, or displays.",4.A.3.a.2.I45.D02,5.70131276785525,"Apply finishes to artwork, crafts, or displays.",4.A.3.a.2.I45.D02,3.039,"Apply finishes to artwork, crafts, or displays.",4.A.3.a.2.I45.D02,Apply,0.391496899911426,0.163861824623561,0.0442869796279894,0.0814880425155005,Not Community,Others
4.A.3.a.2.I46.D10,0.0775443800352493,0.0188469230735119,0.0278338105821888,0.0458076735042665,0.00390289594879401,Set up laboratory or field equipment.,4.A.3.a.2.I46.D10,6.12125479882163,Set up laboratory or field equipment.,4.A.3.a.2.I46.D10,3.82642857142857,Set up laboratory or field equipment.,4.A.3.a.2.I46.D10,Set,0.797165633303809,0.558901682905226,0.847652790079717,0.275465013286094,Not Community,Others
4.A.3.a.2.I47.D02,0.00893557756697575,0.00964519004350313,0.00215686355064932,0.00174603239814469,0.00503268161818174,Prepare biological specimens for laboratory analysis.,4.A.3.a.2.I47.D02,6.11575852255001,Prepare biological specimens for laboratory analysis.,4.A.3.a.2.I47.D02,4.48207317073171,Prepare biological specimens for laboratory analysis.,4.A.3.a.2.I47.D02,Prepare,0.356953055801594,0.444641275465013,0.99822852081488,0.271036315323295,Not Community,Others
4.A.3.a.2.I47.D03,0.001951447974397,0.00199555656072479,0,0,0.001951447974397,Prepare biological samples for testing or analysis.,4.A.3.a.2.I47.D03,6.14213691415455,Prepare biological samples for testing or analysis.,4.A.3.a.2.I47.D03,3.905,Prepare biological samples for testing or analysis.,4.A.3.a.2.I47.D03,Prepare,0.0673162090345439,0.201062887511072,0.885739592559787,0.286979627989371,Not Community,Others
4.A.3.a.2.I47.D04,0.00657329844007411,0.00188469230735119,0,0.00225957133877548,0.00431372710129864,Prepare compounds or solutions for products or testing.,4.A.3.a.2.I47.D04,6.1984298985852,Prepare compounds or solutions for products or testing.,4.A.3.a.2.I47.D04,4.13863636363636,Prepare compounds or solutions for products or testing.,4.A.3.a.2.I47.D04,Prepare,0.302922940655447,0.190434012400354,0.942426926483614,0.329495128432241,Not Community,Others
4.A.3.a.3.I01.D01,0.0335854467172537,0.0324832262384646,0.00811391526196649,0.0141736747614098,0.0112978566938774,Operate office equipment.,4.A.3.a.3.I01.D01,6.24657189000354,Operate office equipment.,4.A.3.a.3.I01.D01,3.46444444444444,Operate office equipment.,4.A.3.a.3.I01.D01,Operate,0.659875996457042,0.673162090345438,0.402125775022143,0.364038972542073,Not Community,Others
4.A.3.a.3.I04.D01,0.00154061682189237,0.00243901357421918,0,0,0.00154061682189237,Process x-rays or other medical images.,4.A.3.a.3.I04.D01,5.92423313162235,Process x-rays or other medical images.,4.A.3.a.3.I04.D01,4.35875,Process x-rays or other medical images.,4.A.3.a.3.I04.D01,Process,0.0150575730735164,0.234720992028344,0.982285208148804,0.190434012400354,Not Community,Others
4.A.3.a.3.I04.D03,0.00308123364378474,0.00243901357421918,0.00154061682189237,0,0.00154061682189237,Operate diagnostic or therapeutic medical instruments or equipment.,4.A.3.a.3.I04.D03,6.00795351792535,Operate diagnostic or therapeutic medical instruments or equipment.,4.A.3.a.3.I04.D03,4.17261194029851,Operate diagnostic or therapeutic medical instruments or equipment.,4.A.3.a.3.I04.D03,Operate,0.156775907883082,0.234720992028344,0.952170062001771,0.221434898139947,Not Community,Others
4.A.3.a.3.I04.D04,0.00770308410946185,0.00898000452326154,0.00154061682189237,0,0.00616246728756948,Operate diagnostic imaging equipment.,4.A.3.a.3.I04.D04,5.9722561545759,Operate diagnostic imaging equipment.,4.A.3.a.3.I04.D04,4.2878125,Operate diagnostic imaging equipment.,4.A.3.a.3.I04.D04,Operate,0.330380868024801,0.426040744021258,0.970770593445527,0.20637732506643,Not Community,Others
4.A.3.a.3.I05.D03,0.00657329844007411,0.00909086877663514,0,0,0.00657329844007411,Operate audiovisual equipment.,4.A.3.a.3.I05.D03,6.15099554505015,Operate audiovisual equipment.,4.A.3.a.3.I05.D03,2.83611111111111,Operate audiovisual equipment.,4.A.3.a.3.I05.D03,Operate,0.302922940655447,0.427812223206377,0.0115146147032772,0.29229406554473,Not Community,Others
4.A.3.a.3.I05.D04,0.00246498691502779,0.00243901357421918,0,0,0.00246498691502779,Operate still or video cameras or related equipment.,4.A.3.a.3.I05.D04,6.04347861275189,Operate still or video cameras or related equipment.,4.A.3.a.3.I05.D04,3.30558823529412,Operate still or video cameras or related equipment.,4.A.3.a.3.I05.D04,Operate,0.122232063773251,0.234720992028344,0.220549158547387,0.234720992028344,Community,Nonprofit
4.A.3.a.3.I06.D06,0.0421101931317248,0.00831481900301994,0.0173576161933207,0.0242390379977733,0.00051353894063079,"Operate cooking, baking, or other food preparation equipment.",4.A.3.a.3.I06.D06,5.81599544460893,"Operate cooking, baking, or other food preparation equipment.",4.A.3.a.3.I06.D06,3.7555,"Operate cooking, baking, or other food preparation equipment.",4.A.3.a.3.I06.D06,Operate,0.701505757307352,0.412754650132861,0.787422497785651,0.146147032772365,Not Community,Others
4.A.3.a.3.I06.D10,0.00564892834693869,0.00232814932084558,0.00308123364378474,0.00236227912690163,0.000205415576252316,Operate photographic developing or print production equipment.,4.A.3.a.3.I06.D10,6.06147243558229,Operate photographic developing or print production equipment.,4.A.3.a.3.I06.D10,3.52,Operate photographic developing or print production equipment.,4.A.3.a.3.I06.D10,Operate,0.270150575730735,0.225863596102746,0.479185119574845,0.240035429583702,Not Community,Others
4.A.3.a.3.I06.D13,0.00236227912690163,0,0,0,0.00236227912690163,Operate industrial equipment.,4.A.3.a.3.I06.D13,6.12409435155381,Operate industrial equipment.,4.A.3.a.3.I06.D13,3.85775,Operate industrial equipment.,4.A.3.a.3.I06.D13,Operate,0.110717449069973,0.163861824623561,0.864481842338353,0.278122232063773,Not Community,Others
4.A.3.a.3.I07.D05,0.00605975949944332,0.00221728506747198,0,0,0.00605975949944332,Operate energy distribution equipment.,4.A.3.a.3.I07.D05,6.07548807961498,Operate energy distribution equipment.,4.A.3.a.3.I07.D05,4.31190476190476,Operate energy distribution equipment.,4.A.3.a.3.I07.D05,Operate,0.285208148804252,0.214348981399469,0.976970770593445,0.2488928255093,Not Community,Others
4.A.3.a.3.I09.D01,0.00338935700816322,0,0,0.00154061682189237,0.00184874018627084,Operate laboratory or field equipment.,4.A.3.a.3.I09.D01,6.23615269012418,Operate laboratory or field equipment.,4.A.3.a.3.I09.D01,3.96423076923077,Operate laboratory or field equipment.,4.A.3.a.3.I09.D01,Operate,0.178033658104517,0.163861824623561,0.902568644818423,0.359610274579274,Not Community,Others
4.A.3.a.3.I09.D03,0.00749766853320954,0.00454543438831757,0.00267040249128011,0.00421101931317248,0.000616246728756948,Operate laboratory equipment to analyze medical samples.,4.A.3.a.3.I09.D03,6.16628214249866,Operate laboratory equipment to analyze medical samples.,4.A.3.a.3.I09.D03,4.47571428571429,Operate laboratory equipment to analyze medical samples.,4.A.3.a.3.I09.D03,Operate,0.324180690876882,0.310894596988485,0.997342781222321,0.304694419840567,Not Community,Others
4.A.3.a.3.I10.D01,0.00410831152504632,0,0,0,0.00410831152504632,Operate communications equipment or systems.,4.A.3.a.3.I10.D01,6.3054283847189,Operate communications equipment or systems.,4.A.3.a.3.I10.D01,3.84,Operate communications equipment or systems.,4.A.3.a.3.I10.D01,Operate,0.205491585473871,0.163861824623561,0.852081488042516,0.418954827280779,Not Community,Others
4.A.3.a.3.I10.D02,0.011708687846382,0.00199555656072479,0.00246498691502779,0.00451914267755095,0.00472455825380327,"Operate communications, transmissions, or broadcasting equipment.",4.A.3.a.3.I10.D02,6.27254255410524,"Operate communications, transmissions, or broadcasting equipment.",4.A.3.a.3.I10.D02,3.78515151515152,"Operate communications, transmissions, or broadcasting equipment.",4.A.3.a.3.I10.D02,Operate,0.429583702391497,0.201062887511072,0.815766164747564,0.395039858281665,Not Community,Others
4.A.3.a.4.I01.D04,0.00205415576252316,0,0,0,0.00205415576252316,Follow safety procedures for vehicle operation.,4.A.3.a.4.I01.D04,5.71787153228684,Follow safety procedures for vehicle operation.,4.A.3.a.4.I01.D04,3.45571428571429,Follow safety procedures for vehicle operation.,4.A.3.a.4.I01.D04,Follow,0.0814880425155005,0.163861824623561,0.385296722763508,0.0983170947741364,Not Community,Others
4.A.3.a.4.I01.D09,0.0051353894063079,0.00521061990855916,0,0.00359477258441553,0.00154061682189237,Drive vehicles to transport patrons.,4.A.3.a.4.I01.D09,5.9310638852776,Drive vehicles to transport patrons.,4.A.3.a.4.I01.D09,3.51428571428571,Drive vehicles to transport patrons.,4.A.3.a.4.I01.D09,Drive,0.246235606731621,0.335695305580159,0.472984942426927,0.193976970770593,Not Community,Others
4.A.3.a.4.I01.D14,0.00236227912690163,0,0,0,0.00236227912690163,Drive passenger vehicles.,4.A.3.a.4.I01.D14,5.74236244702197,Drive passenger vehicles.,4.A.3.a.4.I01.D14,3.57833333333333,Drive passenger vehicles.,4.A.3.a.4.I01.D14,Drive,0.110717449069973,0.163861824623561,0.573959255978742,0.111603188662533,Not Community,Others
4.A.3.b.1.I01.D01,0.0339962778697583,0.0426827375488357,0.0134547202445267,0.0129411813038959,0.0076003763213357,"Enter commands, instructions, or specifications into equipment.",4.A.3.b.1.I01.D01,5.83692069946391,"Enter commands, instructions, or specifications into equipment.",4.A.3.b.1.I01.D01,4.00666666666667,"Enter commands, instructions, or specifications into equipment.",4.A.3.b.1.I01.D01,Enter,0.663418954827281,0.719220549158547,0.912311780336581,0.156775907883082,Not Community,Others
4.A.3.b.1.I01.D02,1.0248183099228,0.329821153786458,0.597143080165483,0.404565977428936,0.0231092523283856,Program equipment to perform production tasks.,4.A.3.b.1.I01.D02,5.78911082542928,Program equipment to perform production tasks.,4.A.3.b.1.I01.D02,3.96055555555556,Program equipment to perform production tasks.,4.A.3.b.1.I01.D02,Program,0.986713906111603,0.942426926483614,0.900797165633304,0.133746678476528,Not Community,Others
4.A.3.b.1.I01.D03,5.56388629837023,5.54531908949406,2.91946887748604,2.58145754676286,0.0629598741213349,Write computer programming code.,4.A.3.b.1.I01.D03,6.58291916782221,Write computer programming code.,4.A.3.b.1.I01.D03,3.55875,Write computer programming code.,4.A.3.b.1.I01.D03,Write,0.99822852081488,0.99911426040744,0.544729849424269,0.87599645704163,Not Community,Others
4.A.3.b.1.I01.D04,0.0563865756812608,0.024611864248939,0.0335854467172537,0.0139682591851575,0.00883286977884959,Program robotic equipment.,4.A.3.b.1.I01.D04,6.03583145444492,Program robotic equipment.,4.A.3.b.1.I01.D04,4.075,Program robotic equipment.,4.A.3.b.1.I01.D04,Program,0.75022143489814,0.617360496014172,0.930026572187777,0.233835252435784,Not Community,Others
4.A.3.b.1.I02.D01,0.377451121363631,0.271950013525439,0.119449157590722,0.229243783097585,0.0287581806753242,Implement security measures for computer or information systems.,4.A.3.b.1.I02.D01,6.4712090548488,Implement security measures for computer or information systems.,4.A.3.b.1.I02.D01,3.68893939393939,Implement security measures for computer or information systems.,4.A.3.b.1.I02.D01,Implement,0.946855624446413,0.932683790965456,0.704162976085031,0.673162090345438,Not Community,Others
4.A.3.b.1.I02.D02,0.0159197071595545,0.0133037104048319,0.00225957133877548,0.00739496074508338,0.00626517507569564,Create electronic data backup to prevent loss of information.,4.A.3.b.1.I02.D02,6.42162167062351,Create electronic data backup to prevent loss of information.,4.A.3.b.1.I02.D02,3.63583333333333,Create electronic data backup to prevent loss of information.,4.A.3.b.1.I02.D02,Create,0.508414526129318,0.49867139061116,0.639503985828167,0.587245349867139,Not Community,Others
4.A.3.b.1.I03.D01,0.0424183164961033,0.139688959250735,0.01951447974397,0.0164332461001853,0.00647059065194796,Install computer software.,4.A.3.b.1.I03.D01,6.41592491359011,Install computer software.,4.A.3.b.1.I03.D01,3.5685,Install computer software.,4.A.3.b.1.I03.D01,Install,0.703277236492471,0.87599645704163,0.558015943312666,0.579273693534101,Not Community,Others
4.A.3.b.1.I03.D02,0.0671708934345074,0.215187515798156,0.0293744274040812,0.0307096286497213,0.0070868373807049,Install computer hardware.,4.A.3.b.1.I03.D02,6.33650064852714,Install computer hardware.,4.A.3.b.1.I03.D02,3.66045454545455,Install computer hardware.,4.A.3.b.1.I03.D02,Install,0.777679362267493,0.907883082373782,0.672276350752879,0.453498671390611,Not Community,Others
4.A.3.b.1.I03.D03,0.108048593108718,0.357648081383231,0.051353894063079,0.0517647252155837,0.00492997383005559,Install programs onto computer or computer-controlled equipment.,4.A.3.b.1.I03.D03,5.81353968311107,Install programs onto computer or computer-controlled equipment.,4.A.3.b.1.I03.D03,3.51833333333333,Install programs onto computer or computer-controlled equipment.,4.A.3.b.1.I03.D03,Install,0.850310008857396,0.945969884853853,0.478299379982285,0.144375553587245,Not Community,Others
4.A.3.b.1.I03.D04,0.116470631735063,0.178713176438242,0.0432399788011125,0.0634734130619657,0.00975723987198501,Configure computer networks.,4.A.3.b.1.I03.D04,6.48890783534832,Configure computer networks.,4.A.3.b.1.I03.D04,3.7125,Configure computer networks.,4.A.3.b.1.I03.D04,Configure,0.859167404782994,0.894596988485385,0.736049601417183,0.696191319751993,Not Community,Others
4.A.3.b.1.I04.D01,2.88382927500627,2.11041192721983,1.57964578138031,1.21154106873616,0.0926424248897946,Resolve computer network problems.,4.A.3.b.1.I04.D01,6.40306128338291,Resolve computer network problems.,4.A.3.b.1.I04.D01,3.83333333333333,Resolve computer network problems.,4.A.3.b.1.I04.D01,Resolve,0.993799822852082,0.992028343666962,0.849424269264836,0.556244464127547,Not Community,Others
4.A.3.b.1.I04.D02,2.89255943699699,2.13535638422889,1.58282972281222,1.2171899970831,0.0925397171016684,Troubleshoot issues with computer applications or systems.,4.A.3.b.1.I04.D02,6.46788886831638,Troubleshoot issues with computer applications or systems.,4.A.3.b.1.I04.D02,3.61117647058824,Troubleshoot issues with computer applications or systems.,4.A.3.b.1.I04.D02,Troubleshoot,0.994685562444641,0.992914083259522,0.612046058458813,0.66607617360496,Not Community,Others
4.A.3.b.1.I04.D03,6.13833095735984,3.36218021206114,3.50993595142332,2.51243791314208,0.115957092794432,Resolve computer software problems.,4.A.3.b.1.I04.D03,6.48385703108141,Resolve computer software problems.,4.A.3.b.1.I04.D03,3.55375,Resolve computer software problems.,4.A.3.b.1.I04.D03,Resolve,0.99911426040744,0.996457041629761,0.533215234720992,0.686448184233835,Not Community,Others
4.A.3.b.1.I05.D01,0.122838514598885,0.471394805344544,0.0439589333179956,0.0521755563680883,0.0267040249128011,Operate computers or computerized equipment.,4.A.3.b.1.I05.D01,6.28900587899994,Operate computers or computerized equipment.,4.A.3.b.1.I05.D01,3.46571428571429,Operate computers or computerized equipment.,4.A.3.b.1.I05.D01,Operate,0.860938883968113,0.95748449955713,0.403011514614703,0.406554472984942,Not Community,Others
4.A.3.b.1.I05.D02,0.0381045893948046,0.0206207511274895,0.0152007526426714,0.00903828535510191,0.0138655513970313,Operate computer systems.,4.A.3.b.1.I05.D02,6.30640872764213,Operate computer systems.,4.A.3.b.1.I05.D02,3.67157894736842,Operate computer systems.,4.A.3.b.1.I05.D02,Operate,0.682905225863596,0.579273693534101,0.686448184233835,0.422497785651019,Not Community,Others
4.A.3.b.1.I06.D01,0.0470401669617804,0,0.031839414319109,0.0135574280326529,0.00164332461001853,Load digital images onto computers or websites.,4.A.3.b.1.I06.D01,5.95871417834955,Load digital images onto computers or websites.,4.A.3.b.1.I06.D01,3.27,Load digital images onto computers or websites.,4.A.3.b.1.I06.D01,Load,0.724534986713906,0.163861824623561,0.189548272807795,0.202834366696191,Not Community,Others
4.A.3.b.1.I06.D03,0.00390289594879401,0,0.001951447974397,0,0.001951447974397,Enter patient or treatment data into computers.,4.A.3.b.1.I06.D03,6.08634390699398,Enter patient or treatment data into computers.,4.A.3.b.1.I06.D03,4.15809523809524,Enter patient or treatment data into computers.,4.A.3.b.1.I06.D03,Enter,0.197519929140833,0.163861824623561,0.948627103631532,0.253321523472099,Not Community,Others
4.A.3.b.1.I06.D04,3.02813371732352,2.097108216815,1.5811863982022,1.39014991228755,0.0567974068337654,Update website content.,4.A.3.b.1.I06.D04,6.54046380536345,Update website content.,4.A.3.b.1.I06.D04,3.48214285714286,Update website content.,4.A.3.b.1.I06.D04,Update,0.995571302037201,0.991142604074402,0.427812223206377,0.79362267493357,Not Community,Others
4.A.3.b.1.I06.D05,0.298571540082741,0.224610977334912,0.161045811781816,0.132287631106492,0.00523809719443406,Update computer database information.,4.A.3.b.1.I06.D05,6.58225162837036,Update computer database information.,4.A.3.b.1.I06.D05,3.647,Update computer database information.,4.A.3.b.1.I06.D05,Update,0.930026572187777,0.914083259521701,0.652790079716563,0.871567759078831,Not Community,Others
4.A.3.b.1.I06.D06,0.207161608650461,0.115077095001796,0.108151300896844,0.0803174903146556,0.0186928174389608,Enter information into databases or software programs.,4.A.3.b.1.I06.D06,6.35207138216383,Enter information into databases or software programs.,4.A.3.b.1.I06.D06,3.56936170212766,Enter information into databases or software programs.,4.A.3.b.1.I06.D06,Enter,0.906111603188663,0.858281665190434,0.559787422497786,0.472099202834367,Not Community,Others
4.A.3.b.1.I06.D07,0.520112239070864,0.374499447896018,0.250812418604078,0.255639684646007,0.013660135820779,Prepare data for analysis.,4.A.3.b.1.I06.D07,6.58164057698161,Prepare data for analysis.,4.A.3.b.1.I06.D07,3.45413043478261,Prepare data for analysis.,4.A.3.b.1.I06.D07,Prepare,0.968113374667848,0.950398582816652,0.383525243578388,0.869796279893711,Not Community,Others
4.A.3.b.1.I06.D08,0.0930532560422992,0.0331484117587062,0.0623436273925779,0.0285527650990719,0.00215686355064932,Code data or other information.,4.A.3.b.1.I06.D08,6.57716237571626,Code data or other information.,4.A.3.b.1.I06.D08,3.34625,Code data or other information.,4.A.3.b.1.I06.D08,Code,0.830823737821081,0.675819309123118,0.263950398582817,0.858281665190434,Not Community,Others
4.A.3.b.1.I06.D10,0.0168440772526899,0.0380264389071445,0.00811391526196648,0.00852474641447112,0.000205415576252316,Enter codes or other information into computers.,4.A.3.b.1.I06.D10,5.70690332409508,Enter codes or other information into computers.,4.A.3.b.1.I06.D10,3.54222222222222,Enter codes or other information into computers.,4.A.3.b.1.I06.D10,Enter,0.526129317980514,0.702391496899911,0.524357838795394,0.0885739592559787,Not Community,Others
4.A.3.b.1.I06.D11,0.00523809719443406,0.00920173303000874,0.00236227912690163,0,0.00287581806753242,Convert data among multiple digital or analog formats.,4.A.3.b.1.I06.D11,6.07293705193934,Convert data among multiple digital or analog formats.,4.A.3.b.1.I06.D11,3.285,Convert data among multiple digital or analog formats.,4.A.3.b.1.I06.D11,Convert,0.2488928255093,0.435783879539415,0.200177147918512,0.248007085916741,Not Community,Others
4.A.3.b.1.I06.D12,0.468347513855281,0.586582764599714,0.239103730757696,0.214145738243039,0.0150980448545452,"Format digital documents, data, or images.",4.A.3.b.1.I06.D12,6.25892244743128,"Format digital documents, data, or images.",4.A.3.b.1.I06.D12,3.62431818181818,"Format digital documents, data, or images.",4.A.3.b.1.I06.D12,Format,0.961027457927369,0.968999114260407,0.62444641275465,0.379982285208149,Not Community,Others
4.A.3.b.4.I01.D03,0.00267040249128011,0.0125276606312167,0,0.00154061682189237,0.00112978566938774,Maintain plumbing structures or fixtures.,4.A.3.b.4.I01.D03,5.48266959668625,Maintain plumbing structures or fixtures.,4.A.3.b.4.I01.D03,3.71710526315789,Maintain plumbing structures or fixtures.,4.A.3.b.4.I01.D03,Maintain,0.135518157661648,0.488042515500443,0.740478299379982,0.0141718334809566,Not Community,Others
4.A.3.b.4.I02.D02,0.00164332461001853,0,0,0,0.00164332461001853,Maintain production or processing equipment.,4.A.3.b.4.I02.D02,5.70963998197028,Maintain production or processing equipment.,4.A.3.b.4.I02.D02,3.70465277777778,Maintain production or processing equipment.,4.A.3.b.4.I02.D02,Maintain,0.0380868024800709,0.163861824623561,0.728077945084145,0.0903454384410983,Not Community,Others
4.A.3.b.4.I02.D04,0.80307219535843,1.46762098615971,0.295695722015209,0.464752741270865,0.0426237320723556,Maintain office equipment in proper operating condition.,4.A.3.b.4.I02.D04,6.11855718853348,Maintain office equipment in proper operating condition.,4.A.3.b.4.I02.D04,3.34428571428571,Maintain office equipment in proper operating condition.,4.A.3.b.4.I02.D04,Maintain,0.980513728963685,0.986713906111603,0.261293179805137,0.272807794508415,Not Community,Others
4.A.3.b.4.I02.D18,0.00205415576252316,0.00288247058771358,0,0,0.00205415576252316,Maintain electromechanical equipment.,4.A.3.b.4.I02.D18,5.90222715426799,Maintain electromechanical equipment.,4.A.3.b.4.I02.D18,3.894,Maintain electromechanical equipment.,4.A.3.b.4.I02.D18,Maintain,0.0814880425155005,0.260407440212578,0.879539415411869,0.179805137289637,Not Community,Others
4.A.3.b.4.I03.D01,0.00184874018627084,0,0,0,0.00184874018627084,Repair electrical circuits or wiring.,4.A.3.b.4.I03.D01,5.67144015468412,Repair electrical circuits or wiring.,4.A.3.b.4.I03.D01,3.74913043478261,Repair electrical circuits or wiring.,4.A.3.b.4.I03.D01,Repair,0.0637732506643047,0.163861824623561,0.781222320637733,0.0602302922940655,Not Community,Others
4.A.3.b.4.I03.D03,0.0306069208615951,0.0304876696777398,0.0118113956345082,0.0146872137020406,0.00410831152504632,Repair electronic equipment.,4.A.3.b.4.I03.D03,5.76447677969645,Repair electronic equipment.,4.A.3.b.4.I03.D03,3.69475,Repair electronic equipment.,4.A.3.b.4.I03.D03,Repair,0.647475642161205,0.6651904340124,0.713020372010629,0.12311780336581,Not Community,Others
4.A.3.b.4.I03.D04,0.00154061682189237,0.00221728506747198,0,0,0.00154061682189237,Repair electrical components.,4.A.3.b.4.I03.D04,5.69178284524189,Repair electrical components.,4.A.3.b.4.I03.D04,3.79558823529412,Repair electrical components.,4.A.3.b.4.I03.D04,Repair,0.0150575730735164,0.214348981399469,0.824623560673162,0.0770593445527015,Not Community,Others
4.A.3.b.4.I04.D01,0.0380018816066785,0.1305980904741,0.01951447974397,0.0164332461001853,0.00205415576252316,Maintain computer hardware.,4.A.3.b.4.I04.D01,6.34489058632262,Maintain computer hardware.,4.A.3.b.4.I04.D01,3.658,Maintain computer hardware.,4.A.3.b.4.I04.D01,Maintain,0.682019486271036,0.869796279893711,0.66873339238264,0.460584588131089,Not Community,Others
4.A.3.b.4.I04.D02,0.0343044012341368,0.0375829818936501,0.0128384735157698,0.0192063563795916,0.00225957133877548,Maintain computer networks to enhance performance and user access.,4.A.3.b.4.I04.D02,6.48470804089543,Maintain computer networks to enhance performance and user access.,4.A.3.b.4.I04.D02,3.5955,Maintain computer networks to enhance performance and user access.,4.A.3.b.4.I04.D02,Maintain,0.6651904340124,0.700620017714792,0.591674047829938,0.689105403011515,Not Community,Others
4.A.3.b.4.I04.D03,0.00852474641447112,0.00565407692205356,0,0.00380018816066785,0.00472455825380327,Maintain recording or broadcasting equipment.,4.A.3.b.4.I04.D03,6.10169021466131,Maintain recording or broadcasting equipment.,4.A.3.b.4.I04.D03,3.42833333333333,Maintain recording or broadcasting equipment.,4.A.3.b.4.I04.D03,Maintain,0.347209920283437,0.349867139061116,0.351638618246236,0.263950398582817,Not Community,Others
4.A.3.b.4.I04.D04,0.0620355040281994,0.0595341040616228,0.0212605121421147,0.0358450180560291,0.00492997383005559,Maintain electronic equipment.,4.A.3.b.4.I04.D04,6.22088541630724,Maintain electronic equipment.,4.A.3.b.4.I04.D04,3.70291666666667,Maintain electronic equipment.,4.A.3.b.4.I04.D04,Maintain,0.765279007971656,0.778565101860053,0.720106288751107,0.347209920283437,Not Community,Others
4.A.3.b.4.I04.D05,0.014276382549536,0.00410197737482317,0,0.00605975949944333,0.00821662305009264,Maintain laboratory or technical equipment.,4.A.3.b.4.I04.D05,6.12194849619071,Maintain laboratory or technical equipment.,4.A.3.b.4.I04.D05,3.94458333333333,Maintain laboratory or technical equipment.,4.A.3.b.4.I04.D05,Maintain,0.484499557130204,0.298494242692648,0.897254207263065,0.276350752878654,Not Community,Others
4.A.3.b.4.I04.D06,0.00595705171131717,0.00543234841530636,0,0.00154061682189237,0.0044164348894248,Maintain computer equipment or software.,4.A.3.b.4.I04.D06,6.29737895555516,Maintain computer equipment or software.,4.A.3.b.4.I04.D06,3.040625,Maintain computer equipment or software.,4.A.3.b.4.I04.D06,Maintain,0.279007971656333,0.343666961913198,0.0451727192205492,0.412754650132861,Not Community,Others
4.A.3.b.4.I06.D04,0.00164332461001853,0,0,0,0.00164332461001853,Repair production equipment or tools.,4.A.3.b.4.I06.D04,5.74458994949972,Repair production equipment or tools.,4.A.3.b.4.I06.D04,3.8040625,Repair production equipment or tools.,4.A.3.b.4.I06.D04,Repair,0.0380868024800709,0.163861824623561,0.83170947741364,0.113374667847653,Not Community,Others
4.A.3.b.4.I06.D05,0.00410831152504632,0.00221728506747198,0,0,0.00410831152504632,"Repair worn, damaged, or defective mechanical parts.",4.A.3.b.4.I06.D05,5.64841208611631,"Repair worn, damaged, or defective mechanical parts.",4.A.3.b.4.I06.D05,3.7775,"Repair worn, damaged, or defective mechanical parts.",4.A.3.b.4.I06.D05,Repair,0.205491585473871,0.214348981399469,0.807794508414526,0.0478299379982285,Not Community,Others
4.A.3.b.4.I08.D02,0.00975723987198501,0.00654099094904235,0.00154061682189237,0.00626517507569564,0.001951447974397,Maintain vehicles in good working condition.,4.A.3.b.4.I08.D02,5.60975556574734,Maintain vehicles in good working condition.,4.A.3.b.4.I08.D02,3.62774193548387,Maintain vehicles in good working condition.,4.A.3.b.4.I08.D02,Maintain,0.379096545615589,0.37378210806023,0.632418069087688,0.0318866253321524,Not Community,Others
4.A.3.b.4.I09.D01,0.0138655513970313,0.00343679185458158,0.00369748037254169,0.00626517507569564,0.003902895948794,Maintain medical equipment or instruments.,4.A.3.b.4.I09.D01,5.91739283212641,Maintain medical equipment or instruments.,4.A.3.b.4.I09.D01,4.06309090909091,Maintain medical equipment or instruments.,4.A.3.b.4.I09.D01,Maintain,0.480070859167405,0.278122232063773,0.924712134632418,0.186005314437555,Not Community,Others
4.A.3.b.4.I09.D02,0.0044164348894248,0,0,0,0.0044164348894248,Maintain medical laboratory equipment.,4.A.3.b.4.I09.D02,6.12058418901791,Maintain medical laboratory equipment.,4.A.3.b.4.I09.D02,4.36375,Maintain medical laboratory equipment.,4.A.3.b.4.I09.D02,Maintain,0.221434898139947,0.163861824623561,0.983170947741364,0.274579273693534,Not Community,Others
4.A.3.b.4.I09.D04,0.0155088760070499,0.00343679185458158,0.00369748037254169,0.00626517507569564,0.00554622055881253,Repair medical facility equipment.,4.A.3.b.4.I09.D04,6.05116240113435,Repair medical facility equipment.,4.A.3.b.4.I09.D04,4.243,Repair medical facility equipment.,4.A.3.b.4.I09.D04,Repair,0.503985828166519,0.278122232063773,0.964570416297608,0.236492471213463,Not Community,Others
4.A.3.b.6.I01.D01,0.027936518370315,0.0222837149280934,0.00482726604192943,0.0104761943888681,0.0126330579395174,Prepare financial documents.,4.A.3.b.6.I01.D01,6.5419109921376,Prepare financial documents.,4.A.3.b.6.I01.D01,3.368125,Prepare financial documents.,4.A.3.b.6.I01.D01,Prepare,0.628875110717449,0.596102745792737,0.282550930026572,0.798937112488928,Not Community,Others
4.A.3.b.6.I01.D02,0.305761085251573,0.161640081418708,0.127049533912057,0.144920689046009,0.033790862293506,"Prepare financial documents, reports, or budgets.",4.A.3.b.6.I01.D02,6.52465865551222,"Prepare financial documents, reports, or budgets.",4.A.3.b.6.I01.D02,3.40282051282051,"Prepare financial documents, reports, or budgets.",4.A.3.b.6.I01.D02,Prepare,0.933569530558016,0.888396811337467,0.321523472099203,0.761736049601417,Community,Nonprofit
4.A.3.b.6.I02.D01,0.0661438155532458,0.0837025112970674,0.0330719077766229,0.0296825507684597,0.00338935700816322,Prepare written decisions for legal proceedings.,4.A.3.b.6.I02.D01,6.68926919537656,Prepare written decisions for legal proceedings.,4.A.3.b.6.I02.D01,4.01071428571429,Prepare written decisions for legal proceedings.,4.A.3.b.6.I02.D01,Prepare,0.774136403897254,0.819309123117803,0.913197519929141,0.99822852081488,Not Community,Others
4.A.3.b.6.I02.D02,0.0427264398604818,0.0504432352849877,0.0199253108964747,0.01951447974397,0.00328664922003706,Prepare documentation of legal proceedings.,4.A.3.b.6.I02.D02,6.67936991330026,Prepare documentation of legal proceedings.,4.A.3.b.6.I02.D02,3.80857142857143,Prepare documentation of legal proceedings.,4.A.3.b.6.I02.D02,Prepare,0.70859167404783,0.746678476527901,0.83436669619132,0.992914083259522,Not Community,Others
4.A.3.b.6.I02.D05,0.048067244843042,0.0187360588201383,0.0367693881491646,0.0106816099651204,0.000616246728756948,Record information from legal proceedings.,4.A.3.b.6.I02.D05,6.48823896115831,Record information from legal proceedings.,4.A.3.b.6.I02.D05,3.93090909090909,Record information from legal proceedings.,4.A.3.b.6.I02.D05,Record,0.729849424269265,0.557130203720106,0.892825509300266,0.692648361381754,Not Community,Others
4.A.3.b.6.I02.D06,0.0648086143076057,0.0215076651544783,0.020130726472727,0.0302987974972166,0.0143790903376621,Prepare investigation or incident reports.,4.A.3.b.6.I02.D06,5.96600500791834,Prepare investigation or incident reports.,4.A.3.b.6.I02.D06,4.0875,Prepare investigation or incident reports.,4.A.3.b.6.I02.D06,Prepare,0.771479185119575,0.589016829052259,0.932683790965456,0.204605845881311,Not Community,Others
4.A.3.b.6.I02.D07,0.0134547202445267,0.00532148416193276,0.0076003763213357,0.00267040249128011,0.0031839414319109,Document information related to legal proceedings.,4.A.3.b.6.I02.D07,6.37905184149607,Document information related to legal proceedings.,4.A.3.b.6.I02.D07,3.78416666666667,Document information related to legal proceedings.,4.A.3.b.6.I02.D07,Document,0.470327723649247,0.339238263950399,0.812223206377325,0.513728963684677,Not Community,Others
4.A.3.b.6.I03.D01,0.0646031987313534,0.0713965791725979,0.0168440772526899,0.0390289594879401,0.00873016199072344,Present research results to others.,4.A.3.b.6.I03.D01,6.65445286264363,Present research results to others.,4.A.3.b.6.I03.D01,3.584,Present research results to others.,4.A.3.b.6.I03.D01,Present,0.769707705934455,0.800708591674048,0.580159433126661,0.965456155890168,Not Community,Others
4.A.3.b.6.I03.D02,0.125200793725787,0.18481071037379,0.0526890953087191,0.0609057183588117,0.0116059800582559,Prepare research or technical reports.,4.A.3.b.6.I03.D02,6.50898340303978,Prepare research or technical reports.,4.A.3.b.6.I03.D02,3.38825,Prepare research or technical reports.,4.A.3.b.6.I03.D02,Prepare,0.864481842338353,0.897254207263065,0.304694419840567,0.731620903454385,Not Community,Others
4.A.3.b.6.I03.D03,0.132390338894618,0.175719841597155,0.0460130890805188,0.0806256136790341,0.00575163613506485,Prepare research reports.,4.A.3.b.6.I03.D03,6.57800332505595,Prepare research reports.,4.A.3.b.6.I03.D03,3.42958333333333,Prepare research reports.,4.A.3.b.6.I03.D03,Prepare,0.87511071744907,0.893711248892826,0.356953055801594,0.860053144375554,Not Community,Others
4.A.3.b.6.I03.D04,1.27511718958625,1.37083649296455,0.460028183017062,0.733128191644516,0.0819608149246741,Prepare scientific or technical reports or presentations.,4.A.3.b.6.I03.D04,6.49860621663019,Prepare scientific or technical reports or presentations.,4.A.3.b.6.I03.D04,3.47877358490566,Prepare scientific or technical reports or presentations.,4.A.3.b.6.I03.D04,Prepare,0.988485385296723,0.984942426926484,0.423383525243578,0.711248892825509,Not Community,Others
4.A.3.b.6.I03.D05,0.409495951258992,0.223502334801176,0.173473454145081,0.216713432946193,0.0193090641677177,Prepare analytical reports.,4.A.3.b.6.I03.D05,6.64326563804105,Prepare analytical reports.,4.A.3.b.6.I03.D05,3.525,Prepare analytical reports.,4.A.3.b.6.I03.D05,Prepare,0.952170062001771,0.912311780336581,0.491585473870682,0.953941541186891,Not Community,Others
4.A.3.b.6.I03.D06,0.0105789021769943,0.00764963348277835,0.00297852585565858,0.00215686355064932,0.00544351277068638,Write reports or evaluations.,4.A.3.b.6.I03.D06,6.40631690118226,Write reports or evaluations.,4.A.3.b.6.I03.D06,3.34194444444444,Write reports or evaluations.,4.A.3.b.6.I03.D06,Write,0.404782993799823,0.394154118689105,0.256864481842338,0.560673162090346,Community,Nonprofit
4.A.3.b.6.I03.D07,0.0333800311410014,0.00964519004350313,0.0129411813038959,0.0148926292782929,0.00554622055881253,Prepare research or technical reports on environmental issues.,4.A.3.b.6.I03.D07,6.60040167900507,Prepare research or technical reports on environmental issues.,4.A.3.b.6.I03.D07,3.29071428571429,Prepare research or technical reports on environmental issues.,4.A.3.b.6.I03.D07,Prepare,0.658990256864482,0.444641275465013,0.20726306465899,0.900797165633304,Not Community,Others
4.A.3.b.6.I03.D08,0.0120168112107605,0.0339244615323214,0.00184874018627084,0.00225957133877548,0.00790849968571417,Prepare technical or operational reports.,4.A.3.b.6.I03.D08,6.54350002781112,Prepare technical or operational reports.,4.A.3.b.6.I03.D08,3.60033333333333,Prepare technical or operational reports.,4.A.3.b.6.I03.D08,Prepare,0.438441098317095,0.679362267493357,0.596988485385297,0.801594331266608,Not Community,Others
4.A.3.b.6.I03.D09,0.105686313981817,0.0913521447798458,0.0380018816066785,0.0593651015369193,0.0083193308382188,Prepare technical reports for internal use.,4.A.3.b.6.I03.D09,6.39701506878473,Prepare technical reports for internal use.,4.A.3.b.6.I03.D09,3.6959375,Prepare technical reports for internal use.,4.A.3.b.6.I03.D09,Prepare,0.846767050487157,0.824623560673162,0.713906111603189,0.544729849424269,Not Community,Others
4.A.3.b.6.I03.D10,0.0776470878233755,0.0903543664994834,0.0212605121421147,0.0440616411061218,0.012324934575139,Present medical research reports.,4.A.3.b.6.I03.D10,6.42179779801239,Present medical research reports.,4.A.3.b.6.I03.D10,3.71175,Present medical research reports.,4.A.3.b.6.I03.D10,Present,0.798051372896369,0.822852081488043,0.735163861824624,0.589016829052259,Not Community,Others
4.A.3.b.6.I05.D01,0.00236227912690163,0.00221728506747198,0,0,0.00236227912690163,Record images needed to address work issues.,4.A.3.b.6.I05.D01,5.56393247938559,Record images needed to address work issues.,4.A.3.b.6.I05.D01,4.15666666666667,Record images needed to address work issues.,4.A.3.b.6.I05.D01,Record,0.110717449069973,0.214348981399469,0.946855624446413,0.0186005314437555,Not Community,Others
4.A.3.b.6.I05.D03,0.0364612647847861,0.0137471674183263,0.0238282068452687,0.0100653632363635,0.00256769470315395,"Document events or evidence, using photographic or audiovisual equipment.",4.A.3.b.6.I05.D03,6.26156194724778,"Document events or evidence, using photographic or audiovisual equipment.",4.A.3.b.6.I05.D03,3.54142857142857,"Document events or evidence, using photographic or audiovisual equipment.",4.A.3.b.6.I05.D03,Document,0.674047829937998,0.504871567759079,0.523472099202834,0.383525243578388,Not Community,Others
4.A.3.b.6.I06.D01,0.0248552847265302,0.00820395474964634,0.00729225295695722,0.0111951489057512,0.0063678828638218,Prepare official health documents or records.,4.A.3.b.6.I06.D01,6.3246365113628,Prepare official health documents or records.,4.A.3.b.6.I06.D01,4.07833333333333,Prepare official health documents or records.,4.A.3.b.6.I06.D01,Prepare,0.609388839681134,0.409211691762622,0.930912311780337,0.441098317094774,Not Community,Others
4.A.3.b.6.I06.D02,0.0031839414319109,0,0.00154061682189237,0,0.00164332461001853,Document client health or progress.,4.A.3.b.6.I06.D02,5.69578090655731,Document client health or progress.,4.A.3.b.6.I06.D02,3.413,Document client health or progress.,4.A.3.b.6.I06.D02,Document,0.160318866253322,0.163861824623561,0.33303808680248,0.0779450841452613,Not Community,Others
4.A.3.b.6.I06.D03,0.105994437346195,0.0543234841530636,0.0384127127591831,0.0575163613506485,0.0100653632363635,Prepare medical reports or documents.,4.A.3.b.6.I06.D03,6.30983619447223,Prepare medical reports or documents.,4.A.3.b.6.I06.D03,3.571,Prepare medical reports or documents.,4.A.3.b.6.I06.D03,Prepare,0.847652790079717,0.759964570416298,0.565101860053144,0.426926483613818,Not Community,Others
4.A.3.b.6.I06.D04,0.162483720815582,0.0417958235218469,0.0581326080794054,0.0852474641447112,0.0191036485914654,Prepare reports summarizing patient diagnostic or care activities.,4.A.3.b.6.I06.D04,6.24141700800701,Prepare reports summarizing patient diagnostic or care activities.,4.A.3.b.6.I06.D04,3.79151162790698,Prepare reports summarizing patient diagnostic or care activities.,4.A.3.b.6.I06.D04,Prepare,0.893711248892826,0.713906111603189,0.819309123117803,0.361381753764393,Not Community,Others
4.A.3.b.6.I07.D01,0.0185901096508346,0.0266074208096638,0.00534080498256022,0.00718954516883106,0.00605975949944333,Develop proposals for current or prospective customers.,4.A.3.b.6.I07.D01,6.46432946691922,Develop proposals for current or prospective customers.,4.A.3.b.6.I07.D01,3.30722222222222,Develop proposals for current or prospective customers.,4.A.3.b.6.I07.D01,Develop,0.550044286979628,0.634189548272808,0.223206377325066,0.655447298494243,Not Community,Others
4.A.3.b.6.I07.D02,0.0521755563680883,0.0217293936612255,0.0173576161933207,0.0293744274040812,0.00544351277068638,Write grant proposals.,4.A.3.b.6.I07.D02,6.58861265222241,Write grant proposals.,4.A.3.b.6.I07.D02,3.14638888888889,Write grant proposals.,4.A.3.b.6.I07.D02,Write,0.744906997342781,0.592559787422498,0.114260407440213,0.885739592559787,Not Community,Others
4.A.3.b.6.I07.D03,0.215275523912427,0.0789353484020026,0.0808310292552864,0.11708687846382,0.0173576161933207,Prepare proposal documents.,4.A.3.b.6.I07.D03,6.54513824944893,Prepare proposal documents.,4.A.3.b.6.I07.D03,3.42923076923077,Prepare proposal documents.,4.A.3.b.6.I07.D03,Prepare,0.908768821966342,0.807794508414526,0.355181576616475,0.807794508414526,Community,Nonprofit
4.A.3.b.6.I07.D04,0.0380018816066785,0.0109755610839863,0.0145845059139144,0.0174603239814469,0.00595705171131717,Prepare proposals or grant applications to obtain project funding.,4.A.3.b.6.I07.D04,6.54344107913834,Prepare proposals or grant applications to obtain project funding.,4.A.3.b.6.I07.D04,3.32705882352941,Prepare proposals or grant applications to obtain project funding.,4.A.3.b.6.I07.D04,Prepare,0.682019486271036,0.472984942426927,0.243578387953942,0.800708591674048,Not Community,Others
4.A.3.b.6.I07.D05,0.00184874018627084,0.00243901357421918,0,0,0.00184874018627084,Prepare proposal documents or grant applications.,4.A.3.b.6.I07.D05,6.54548598138753,Prepare proposal documents or grant applications.,4.A.3.b.6.I07.D05,3.44277777777778,Prepare proposal documents or grant applications.,4.A.3.b.6.I07.D05,Prepare,0.0637732506643047,0.234720992028344,0.372010628875111,0.809565987599646,Not Community,Others
4.A.3.b.6.I08.D01,0.00287581806753243,0,0,0,0.00287581806753243,Record details of deliveries or shipments.,4.A.3.b.6.I08.D01,5.86520079674309,Record details of deliveries or shipments.,4.A.3.b.6.I08.D01,3.47333333333333,Record details of deliveries or shipments.,4.A.3.b.6.I08.D01,Record,0.145261293179805,0.163861824623561,0.413640389725421,0.170062001771479,Not Community,Others
4.A.3.b.6.I08.D02,0.157553746985526,0.138802045223746,0.0562838678931346,0.091615347008533,0.00965453208385885,Document operational procedures.,4.A.3.b.6.I08.D02,6.52331782305872,Document operational procedures.,4.A.3.b.6.I08.D02,3.50366666666667,Document operational procedures.,4.A.3.b.6.I08.D02,Document,0.890168290522586,0.87511071744907,0.452612931798051,0.759964570416298,Not Community,Others
4.A.3.b.6.I08.D03,0.0666573544938766,0.0175165520330287,0.0229038367521332,0.0194117719558439,0.0243417457858995,Record operational or production data.,4.A.3.b.6.I08.D03,5.72563665825674,Record operational or production data.,4.A.3.b.6.I08.D03,3.7290395480226,Record operational or production data.,4.A.3.b.6.I08.D03,Record,0.776793622674934,0.549158547387068,0.756421612046059,0.104517271922055,Not Community,Others
4.A.3.b.6.I08.D05,0.290765748185153,0.136917352916395,0.0902801457628929,0.163921629849348,0.0365639725729123,Maintain operational records.,4.A.3.b.6.I08.D05,6.17168402610187,Maintain operational records.,4.A.3.b.6.I08.D05,3.55742990654206,Maintain operational records.,4.A.3.b.6.I08.D05,Maintain,0.927369353410097,0.87422497785651,0.54207263064659,0.307351638618246,Community,Nonprofit
4.A.3.b.6.I08.D06,0.00770308410946185,0.00166296380060399,0.00308123364378474,0.00174603239814469,0.00287581806753242,Maintain client information or service records.,4.A.3.b.6.I08.D06,5.86862604489363,Maintain client information or service records.,4.A.3.b.6.I08.D06,3.3155,Maintain client information or service records.,4.A.3.b.6.I08.D06,Maintain,0.328609388839681,0.174490699734278,0.230292294065545,0.172719220549159,Community,Nonprofit
4.A.3.b.6.I08.D07,0.00975723987198501,0,0.00657329844007411,0,0.0031839414319109,Maintain inventory records.,4.A.3.b.6.I08.D07,6.20950737033065,Maintain inventory records.,4.A.3.b.6.I08.D07,3.41533333333333,Maintain inventory records.,4.A.3.b.6.I08.D07,Maintain,0.380868024800709,0.163861824623561,0.338352524357839,0.335695305580159,Not Community,Others
4.A.3.b.6.I08.D09,0.00914099314322806,0.0108646968306127,0.00225957133877548,0,0.00688142180445259,"Maintain records, documents, or other files.",4.A.3.b.6.I08.D09,6.12831671151789,"Maintain records, documents, or other files.",4.A.3.b.6.I08.D09,3.1775,"Maintain records, documents, or other files.",4.A.3.b.6.I08.D09,Maintain,0.361381753764393,0.469441984056687,0.127546501328609,0.281665190434012,Not Community,Others
4.A.3.b.6.I08.D11,0.0723062828408153,0.13492179635567,0.0275256872178104,0.033174615564749,0.0116059800582559,Document operational activities.,4.A.3.b.6.I08.D11,6.00146225585595,Document operational activities.,4.A.3.b.6.I08.D11,3.6843023255814,Document operational activities.,4.A.3.b.6.I08.D11,Document,0.786536758193091,0.872453498671391,0.698848538529672,0.220549158547387,Not Community,Others
4.A.3.b.6.I08.D12,0.00554622055881253,0.00443457013494397,0.00236227912690163,0.00154061682189237,0.00164332461001853,Maintain student records.,4.A.3.b.6.I08.D12,6.51054739455543,Maintain student records.,4.A.3.b.6.I08.D12,3.06479381443299,Maintain student records.,4.A.3.b.6.I08.D12,Maintain,0.263950398582817,0.307351638618246,0.0531443755535872,0.735163861824624,Not Community,Others
4.A.3.b.6.I08.D14,0.0184874018627084,0.0245009999955654,0.00523809719443406,0.00174603239814469,0.0115032722701297,Maintain data in information systems or databases.,4.A.3.b.6.I08.D14,6.60504318352137,Maintain data in information systems or databases.,4.A.3.b.6.I08.D14,3.50085365853659,Maintain data in information systems or databases.,4.A.3.b.6.I08.D14,Maintain,0.547387068201949,0.616474756421612,0.445527015057573,0.906997342781222,Community,Nonprofit
4.A.3.b.6.I08.D15,0.00647059065194796,0.00820395474964634,0.00174603239814469,0.00369748037254169,0.00102707788126158,Maintain records of customer accounts.,4.A.3.b.6.I08.D15,6.53948697128584,Maintain records of customer accounts.,4.A.3.b.6.I08.D15,3.34785714285714,Maintain records of customer accounts.,4.A.3.b.6.I08.D15,Maintain,0.294065544729849,0.409211691762622,0.265721877767936,0.79007971656333,Not Community,Others
4.A.3.b.6.I08.D16,0.00790849968571417,0.0114190180974807,0.0031839414319109,0.00174603239814469,0.00297852585565858,Transcribe spoken or written information.,4.A.3.b.6.I08.D16,6.48398281545824,Transcribe spoken or written information.,4.A.3.b.6.I08.D16,3.3775,Transcribe spoken or written information.,4.A.3.b.6.I08.D16,Transcribe,0.3348095659876,0.478299379982285,0.29052258635961,0.687333923826395,Not Community,Others
4.A.3.b.6.I08.D17,0.00903828535510191,0.0274943348366526,0.00390289594879401,0.0044164348894248,0.000718954516883106,Document work hours or activities.,4.A.3.b.6.I08.D17,5.76705478586477,Document work hours or activities.,4.A.3.b.6.I08.D17,3.44666666666667,Document work hours or activities.,4.A.3.b.6.I08.D17,Document,0.357838795394154,0.637732506643047,0.37643932683791,0.12577502214349,Not Community,Others
4.A.3.b.6.I08.D18,0.109486502142484,0.0784918913885083,0.0565919912575131,0.0320448298953613,0.0208496809896101,Record research or operational data.,4.A.3.b.6.I08.D18,6.20283736043566,Record research or operational data.,4.A.3.b.6.I08.D18,3.66509259259259,Record research or operational data.,4.A.3.b.6.I08.D18,Record,0.852081488042516,0.806908768821966,0.680248007085917,0.331266607617361,Not Community,Others
4.A.3.b.6.I08.D19,0.0148926292782929,0.00798222624289914,0.00410831152504632,0.00297852585565858,0.00780579189758801,Record operational details of travel.,4.A.3.b.6.I08.D19,5.95263537688263,Record operational details of travel.,4.A.3.b.6.I08.D19,3.99842857142857,Record operational details of travel.,4.A.3.b.6.I08.D19,Record,0.494242692648361,0.404782993799823,0.911426040744021,0.200177147918512,Not Community,Others
4.A.3.b.6.I08.D21,0.105172775041186,0.0426827375488357,0.0388235439116877,0.0602894716300548,0.00605975949944332,Maintain operational records or records systems.,4.A.3.b.6.I08.D21,6.36564320366921,Maintain operational records or records systems.,4.A.3.b.6.I08.D21,3.70617021276596,Maintain operational records or records systems.,4.A.3.b.6.I08.D21,Maintain,0.845881310894597,0.719220549158547,0.729849424269265,0.493356953055802,Not Community,Others
4.A.3.b.6.I08.D24,0.00215686355064932,0,0,0,0.00215686355064932,Maintain repair or maintenance records.,4.A.3.b.6.I08.D24,5.71440632800109,Maintain repair or maintenance records.,4.A.3.b.6.I08.D24,3.72280487804878,Maintain repair or maintenance records.,4.A.3.b.6.I08.D24,Maintain,0.0965456155890168,0.163861824623561,0.74933569530558,0.0930026572187777,Not Community,Others
4.A.3.b.6.I08.D26,0.00739496074508338,0.0141906244318207,0.001951447974397,0,0.00544351277068638,Record personnel information.,4.A.3.b.6.I08.D26,6.59368488330989,Record personnel information.,4.A.3.b.6.I08.D26,3.57275,Record personnel information.,4.A.3.b.6.I08.D26,Record,0.320637732506643,0.513728963684677,0.567759078830824,0.897254207263065,Not Community,Others
4.A.3.b.6.I08.D27,0.0110924411176251,0.00498889140181197,0.00492997383005559,0.00349206479628937,0.00267040249128011,Record operational or environmental data.,4.A.3.b.6.I08.D27,5.70245848335869,Record operational or environmental data.,4.A.3.b.6.I08.D27,3.76788461538462,Record operational or environmental data.,4.A.3.b.6.I08.D27,Record,0.41541186891054,0.325066430469442,0.801594331266608,0.0841452612931798,Not Community,Others
4.A.3.b.6.I08.D28,0.0362558492085338,0.00609753393554796,0.0135574280326529,0.0202334342608531,0.00246498691502779,Maintain logs of production activities.,4.A.3.b.6.I08.D28,6.30503528920198,Maintain logs of production activities.,4.A.3.b.6.I08.D28,3.73333333333333,Maintain logs of production activities.,4.A.3.b.6.I08.D28,Maintain,0.672276350752879,0.359610274579274,0.762621789193977,0.41718334809566,Not Community,Others
4.A.3.b.6.I08.D29,0.0209523887777362,0.0258313710360486,0.00708683738070491,0.0116059800582559,0.00225957133877548,Record information from meetings or other formal proceedings.,4.A.3.b.6.I08.D29,6.54866855571031,Record information from meetings or other formal proceedings.,4.A.3.b.6.I08.D29,3.40363636363636,Record information from meetings or other formal proceedings.,4.A.3.b.6.I08.D29,Record,0.577502214348981,0.629760850310009,0.323294951284322,0.815766164747564,Not Community,Others
4.A.3.b.6.I08.D30,0.00462185046567711,0.00410197737482317,0,0,0.00462185046567711,Document organizational or operational procedures.,4.A.3.b.6.I08.D30,6.3831677605658,Document organizational or operational procedures.,4.A.3.b.6.I08.D30,3.64076923076923,Document organizational or operational procedures.,4.A.3.b.6.I08.D30,Document,0.231178033658105,0.298494242692648,0.646589902568645,0.523472099202834,Not Community,Others
4.A.3.b.6.I09.D01,0.047450998114285,0.034589647052563,0.0128384735157698,0.0196171875320962,0.0149953370664191,Prepare procedural documents.,4.A.3.b.6.I09.D01,6.41298830433434,Prepare procedural documents.,4.A.3.b.6.I09.D01,3.63863636363636,Prepare procedural documents.,4.A.3.b.6.I09.D01,Prepare,0.725420726306466,0.682019486271036,0.642161204605846,0.575730735163862,Not Community,Others
4.A.3.b.6.I09.D02,0.0940803339235608,0.0557647194469204,0.0322502454716136,0.0460130890805188,0.0158169993714283,Document technical design details.,4.A.3.b.6.I09.D02,6.31468220855484,Document technical design details.,4.A.3.b.6.I09.D02,3.76676470588235,Document technical design details.,4.A.3.b.6.I09.D02,Document,0.8325952170062,0.764393268379097,0.798937112488928,0.432240921169176,Not Community,Others
4.A.3.b.6.I09.D03,0.00883286977884959,0.00620839818892156,0,0.00184874018627084,0.00698412959257875,Document network-related activities or tasks.,4.A.3.b.6.I09.D03,6.36995388808524,Document network-related activities or tasks.,4.A.3.b.6.I09.D03,3.76807692307692,Document network-related activities or tasks.,4.A.3.b.6.I09.D03,Document,0.356067316209035,0.362267493356953,0.802480070859167,0.497785651018601,Not Community,Others
4.A.3.b.6.I09.D04,0.102091541397401,0.0916847375399666,0.0274229794296842,0.0640896597907226,0.0105789021769943,Document technical specifications or requirements.,4.A.3.b.6.I09.D04,6.48894828199581,Document technical specifications or requirements.,4.A.3.b.6.I09.D04,3.52708333333333,Document technical specifications or requirements.,4.A.3.b.6.I09.D04,Document,0.842338352524358,0.825509300265722,0.496014171833481,0.697077059344553,Not Community,Others
4.A.3.b.6.I09.D05,0.271970222958066,1.00498445683168,0.0939776261354346,0.167310986857511,0.0106816099651204,Document design or development procedures.,4.A.3.b.6.I09.D05,6.5381801160978,Document design or development procedures.,4.A.3.b.6.I09.D05,3.41444444444444,Document design or development procedures.,4.A.3.b.6.I09.D05,Document,0.922054915854739,0.981399468556245,0.3348095659876,0.786536758193091,Not Community,Others
4.A.3.b.6.I09.D07,0.266834833551759,0.0381373031605181,0.110718995599998,0.138655513970313,0.0174603239814469,Document design or operational test results.,4.A.3.b.6.I09.D07,6.15443335511684,Document design or operational test results.,4.A.3.b.6.I09.D07,3.73421875,Document design or operational test results.,4.A.3.b.6.I09.D07,Document,0.921169176262179,0.703277236492471,0.763507528786537,0.294065544729849,Not Community,Others
4.A.3.b.6.I10.D02,0.00267040249128011,0.00232814932084558,0,0,0.00267040249128011,Maintain records of sales or other business transactions.,4.A.3.b.6.I10.D02,6.26566841548328,Maintain records of sales or other business transactions.,4.A.3.b.6.I10.D02,3.24942307692308,Maintain records of sales or other business transactions.,4.A.3.b.6.I10.D02,Maintain,0.135518157661648,0.225863596102746,0.172719220549159,0.387953941541187,Not Community,Others
4.A.3.b.6.I10.D03,0.0719981594764368,0.102549434370579,0.0235200834808902,0.0281419339465673,0.0203361420489793,Maintain financial or account records.,4.A.3.b.6.I10.D03,6.34117916644569,Maintain financial or account records.,4.A.3.b.6.I10.D03,3.46333333333333,Maintain financial or account records.,4.A.3.b.6.I10.D03,Maintain,0.785651018600531,0.844109831709477,0.397697077059345,0.45704162976085,Not Community,Others
4.A.3.b.6.I11.D01,0.0132493046682744,0.0105321040704919,0.00277311027940627,0.00277311027940627,0.00770308410946185,Maintain client records.,4.A.3.b.6.I11.D01,6.41191988186089,Maintain client records.,4.A.3.b.6.I11.D01,3.26166666666667,Maintain client records.,4.A.3.b.6.I11.D01,Maintain,0.463241806908769,0.463241806908769,0.186005314437555,0.574844995571302,Community,Nonprofit
4.A.3.b.6.I11.D02,0.0111951489057512,0.00654099094904235,0,0.00380018816066785,0.00739496074508338,Maintain medical facility records.,4.A.3.b.6.I11.D02,6.04742181662626,Maintain medical facility records.,4.A.3.b.6.I11.D02,4.20426470588235,Maintain medical facility records.,4.A.3.b.6.I11.D02,Maintain,0.41718334809566,0.37378210806023,0.956598759964571,0.235606731620903,Not Community,Others
4.A.3.b.6.I11.D03,0.00328664922003706,0.00643012669566876,0,0,0.00328664922003706,Record vital statistics or other health information.,4.A.3.b.6.I11.D03,5.80399456110575,Record vital statistics or other health information.,4.A.3.b.6.I11.D03,3.73769230769231,Record vital statistics or other health information.,4.A.3.b.6.I11.D03,Record,0.169176262178919,0.369353410097431,0.769707705934455,0.140832595217006,Not Community,Others
4.A.3.b.6.I11.D04,0.125200793725787,0.0650773167303028,0.0302987974972166,0.0527918030968452,0.0421101931317248,Record patient medical histories.,4.A.3.b.6.I11.D04,6.10901378424287,Record patient medical histories.,4.A.3.b.6.I11.D04,4.13869718309859,Record patient medical histories.,4.A.3.b.6.I11.D04,Record,0.863596102745793,0.788308237378211,0.943312666076174,0.265721877767936,Not Community,Others
4.A.3.b.6.I11.D05,0.0715873283239322,0.100997334823349,0.0326610766241183,0.0256769470315395,0.0132493046682744,Maintain medical records.,4.A.3.b.6.I11.D05,6.11147011774211,Maintain medical records.,4.A.3.b.6.I11.D05,3.41102941176471,Maintain medical records.,4.A.3.b.6.I11.D05,Maintain,0.784765279007972,0.837909654561559,0.329495128432241,0.266607617360496,Not Community,Others
4.A.3.b.6.I12.D01,0.00328664922003706,0.00776049773615195,0.00174603239814469,0,0.00154061682189237,Document lesson plans.,4.A.3.b.6.I12.D01,6.38977858640738,Document lesson plans.,4.A.3.b.6.I12.D01,2.94391304347826,Document lesson plans.,4.A.3.b.6.I12.D01,Document,0.169176262178919,0.396811337466785,0.0265721877767936,0.532329495128432,Not Community,Others
4.A.3.b.6.I12.D02,0.0237254990571425,0.00698444796253675,0.0129411813038959,0.00605975949944332,0.00472455825380327,Organize informational materials.,4.A.3.b.6.I12.D02,6.42940641282626,Organize informational materials.,4.A.3.b.6.I12.D02,3.067,Organize informational materials.,4.A.3.b.6.I12.D02,Organize,0.600531443755536,0.384410983170948,0.054030115146147,0.602302922940655,Not Community,Others
4.A.3.b.6.I12.D03,0.490635103878657,0.371395248801557,0.217432387463077,0.2571803014679,0.0160224149476807,Create technology-based learning materials.,4.A.3.b.6.I12.D03,6.46615530217776,Create technology-based learning materials.,4.A.3.b.6.I12.D03,3.04272727272727,Create technology-based learning materials.,4.A.3.b.6.I12.D03,Create,0.963684676705049,0.948627103631532,0.046058458813109,0.661647475642161,Not Community,Others
4.A.3.b.6.I12.D04,0.336984252841925,0.0513301493119765,0.0990103077536163,0.232633140105748,0.00534080498256022,Modify teaching methods or materials to accommodate student needs.,4.A.3.b.6.I12.D04,6.39087412523207,Modify teaching methods or materials to accommodate student needs.,4.A.3.b.6.I12.D04,3.05129032258065,Modify teaching methods or materials to accommodate student needs.,4.A.3.b.6.I12.D04,Modify,0.942426926483614,0.74933569530558,0.0496014171833481,0.533215234720992,Not Community,Others
4.A.3.b.6.I12.D05,0.440102872120587,0.472059990864786,0.17295991520445,0.250093464087195,0.0170494928289422,Write informational material.,4.A.3.b.6.I12.D05,6.44789650615018,Write informational material.,4.A.3.b.6.I12.D05,3.61190476190476,Write informational material.,4.A.3.b.6.I12.D05,Write,0.95748449955713,0.95837023914969,0.613817537643933,0.636846767050487,Not Community,Others
4.A.3.b.6.I12.D06,0.0854528797209635,0.0192903800870063,0.0383100049710569,0.039645206216697,0.00749766853320954,Prepare healthcare training materials.,4.A.3.b.6.I12.D06,6.40761559767439,Prepare healthcare training materials.,4.A.3.b.6.I12.D06,3.79785714285714,Prepare healthcare training materials.,4.A.3.b.6.I12.D06,Prepare,0.818423383525244,0.561558901682905,0.826395039858282,0.565987599645704,Not Community,Others
4.A.3.b.6.I12.D07,0.0788795812808894,0.0446782941095605,0.0287581806753242,0.0447805956230049,0.00534080498256022,Prepare informational or reference materials.,4.A.3.b.6.I12.D07,6.44427332654052,Prepare informational or reference materials.,4.A.3.b.6.I12.D07,3.483125,Prepare informational or reference materials.,4.A.3.b.6.I12.D07,Prepare,0.802480070859167,0.726306465899026,0.431355181576616,0.628875110717449,Community,Nonprofit
4.A.3.b.6.I12.D08,0.0171522006170684,0.0119733393643487,0.00729225295695722,0.00883286977884959,0.00102707788126158,Prepare instruction manuals.,4.A.3.b.6.I12.D08,6.56189107028742,Prepare instruction manuals.,4.A.3.b.6.I12.D08,3.59214285714286,Prepare instruction manuals.,4.A.3.b.6.I12.D08,Prepare,0.531443755535872,0.481842338352524,0.586359610274579,0.8325952170062,Not Community,Others
4.A.3.b.6.I12.D09,1.73083164550202,2.06917042496486,0.781503559851937,0.920980736127259,0.0283473495228196,Develop instructional materials.,4.A.3.b.6.I12.D09,6.55803290695938,Develop instructional materials.,4.A.3.b.6.I12.D09,3.07296875,Develop instructional materials.,4.A.3.b.6.I12.D09,Develop,0.992028343666962,0.990256864481842,0.058458813108946,0.826395039858282,Not Community,Others
4.A.3.b.6.I12.D10,0.0222875900233763,0.0211750723943575,0.0063678828638218,0.0106816099651204,0.00523809719443406,Develop training materials.,4.A.3.b.6.I12.D10,6.63484999524494,Develop training materials.,4.A.3.b.6.I12.D10,3.13571428571429,Develop training materials.,4.A.3.b.6.I12.D10,Develop,0.588131089459699,0.587245349867139,0.108945969884854,0.944198405668733,Not Community,Others
4.A.3.b.6.I13.D01,0.0465266280211496,0.0590906470481284,0.0131465968801482,0.0192063563795916,0.0141736747614098,Prepare sales or other contracts.,4.A.3.b.6.I13.D01,6.43096598711713,Prepare sales or other contracts.,4.A.3.b.6.I13.D01,3.5325,Prepare sales or other contracts.,4.A.3.b.6.I13.D01,Prepare,0.721877767936227,0.776793622674934,0.510186005314438,0.606731620903454,Not Community,Others
4.A.3.b.6.I13.D02,0.0688142180445259,0.0360308823464198,0.0236227912690163,0.0400560373692016,0.0051353894063079,Prepare contracts or other transaction documents.,4.A.3.b.6.I13.D02,6.61674664703435,Prepare contracts or other transaction documents.,4.A.3.b.6.I13.D02,3.289,Prepare contracts or other transaction documents.,4.A.3.b.6.I13.D02,Prepare,0.778565101860053,0.689105403011515,0.205491585473871,0.920283436669619,Not Community,Others
4.A.3.b.6.I13.D04,0.0184874018627084,0.0417958235218469,0.00472455825380327,0.00944911650760654,0.00431372710129864,Prepare forms or applications.,4.A.3.b.6.I13.D04,6.53637858506479,Prepare forms or applications.,4.A.3.b.6.I13.D04,3.44,Prepare forms or applications.,4.A.3.b.6.I13.D04,Prepare,0.548272807794508,0.713906111603189,0.370239149689991,0.782993799822852,Not Community,Others
4.A.3.b.6.I13.D05,0.164127045425601,0.214633194531288,0.0769281333064924,0.061727380663821,0.0254715314552872,"Prepare documentation for contracts, transactions, or regulatory compliance.",4.A.3.b.6.I13.D05,6.46970481557006,"Prepare documentation for contracts, transactions, or regulatory compliance.",4.A.3.b.6.I13.D05,3.55566666666667,"Prepare documentation for contracts, transactions, or regulatory compliance.",4.A.3.b.6.I13.D05,Prepare,0.894596988485385,0.906997342781222,0.537643932683791,0.671390611160319,Not Community,Others
4.A.3.b.6.I13.D06,0.09490199622857,0.0935694298473178,0.0383100049710569,0.0496078616649343,0.00698412959257875,"Prepare contracts, disclosures, or applications.",4.A.3.b.6.I13.D06,6.29957584472619,"Prepare contracts, disclosures, or applications.",4.A.3.b.6.I13.D06,3.70675,"Prepare contracts, disclosures, or applications.",4.A.3.b.6.I13.D06,Prepare,0.83436669619132,0.830823737821081,0.730735163861825,0.413640389725421,Not Community,Others
4.A.3.b.6.I14.D01,0.0141736747614098,0.0109755610839863,0.00462185046567711,0.0083193308382188,0.0012324934575139,Prepare legal or investigatory documentation.,4.A.3.b.6.I14.D01,6.35306958271843,Prepare legal or investigatory documentation.,4.A.3.b.6.I14.D01,3.76673913043478,Prepare legal or investigatory documentation.,4.A.3.b.6.I14.D01,Prepare,0.483613817537644,0.472984942426927,0.798051372896369,0.473870682019486,Not Community,Others
4.A.3.b.6.I14.D02,0.0276283950059365,0.0289355701305094,0.00677871401632643,0.010373486600742,0.0104761943888681,Prepare reports related to compliance matters.,4.A.3.b.6.I14.D02,6.43407869270035,Prepare reports related to compliance matters.,4.A.3.b.6.I14.D02,3.69681818181818,Prepare reports related to compliance matters.,4.A.3.b.6.I14.D02,Prepare,0.62533215234721,0.649247121346324,0.714791851195748,0.613817537643933,Not Community,Others
4.A.3.b.6.I14.D04,0.00965453208385885,0.0100886470569975,0.00174603239814469,0.00338935700816322,0.00451914267755095,Maintain regulatory or compliance documentation.,4.A.3.b.6.I14.D04,6.50498959604379,Maintain regulatory or compliance documentation.,4.A.3.b.6.I14.D04,3.46026315789474,Maintain regulatory or compliance documentation.,4.A.3.b.6.I14.D04,Maintain,0.37555358724535,0.456155890168291,0.391496899911426,0.723649247121346,Not Community,Others
4.A.3.b.6.I14.D06,0.0477591214786635,0.0471173076837797,0.0150980448545452,0.029887966344712,0.00277311027940627,Prepare information or documentation related to legal or regulatory matters.,4.A.3.b.6.I14.D06,6.51245379910229,Prepare information or documentation related to legal or regulatory matters.,4.A.3.b.6.I14.D06,3.34423076923077,Prepare information or documentation related to legal or regulatory matters.,4.A.3.b.6.I14.D06,Prepare,0.728077945084145,0.736935341009743,0.260407440212578,0.740478299379982,Not Community,Others
4.A.3.b.6.I14.D07,0.00965453208385885,0.00764963348277835,0.00297852585565858,0.00215686355064932,0.00451914267755095,Complete documentation required by programs or regulations.,4.A.3.b.6.I14.D07,6.51252142411117,Complete documentation required by programs or regulations.,4.A.3.b.6.I14.D07,3.166,Complete documentation required by programs or regulations.,4.A.3.b.6.I14.D07,Complete,0.37555358724535,0.394154118689105,0.12311780336581,0.741364038972542,Community,Nonprofit
4.A.3.b.6.I14.D09,0.149542539511686,0.148447235267249,0.0660411077651196,0.0674790167988858,0.0160224149476807,Prepare legal documents.,4.A.3.b.6.I14.D09,6.6495830200208,Prepare legal documents.,4.A.3.b.6.I14.D09,3.83525641025641,Prepare legal documents.,4.A.3.b.6.I14.D09,Prepare,0.885739592559787,0.881310894596989,0.850310008857396,0.95748449955713,Not Community,Others
4.A.3.b.6.I15.D01,0.00564892834693869,0.00188469230735119,0,0,0.00564892834693869,Prepare operational reports or records.,4.A.3.b.6.I15.D01,5.99357763795587,Prepare operational reports or records.,4.A.3.b.6.I15.D01,3.33447368421053,Prepare operational reports or records.,4.A.3.b.6.I15.D01,Prepare,0.271036315323295,0.190434012400354,0.24977856510186,0.216120460584588,Not Community,Others
4.A.3.b.6.I15.D02,0.0130438890920221,0.0225054434348406,0.00647059065194796,0.00564892834693869,0.000924370093135422,Prepare reports detailing student activities or performance.,4.A.3.b.6.I15.D02,6.34146010904557,Prepare reports detailing student activities or performance.,4.A.3.b.6.I15.D02,3.10925925925926,Prepare reports detailing student activities or performance.,4.A.3.b.6.I15.D02,Prepare,0.45792736935341,0.599645704162976,0.0841452612931798,0.45792736935341,Not Community,Others
4.A.3.b.6.I15.D03,0.00369748037254169,0,0,0.00174603239814469,0.001951447974397,Prepare accident or incident reports.,4.A.3.b.6.I15.D03,5.77480664016901,Prepare accident or incident reports.,4.A.3.b.6.I15.D03,3.86633333333333,Prepare accident or incident reports.,4.A.3.b.6.I15.D03,Prepare,0.192205491585474,0.163861824623561,0.869796279893711,0.127546501328609,Not Community,Others
4.A.3.b.6.I15.D04,0.247628477172167,0.155209954723039,0.0921288859491637,0.129514520827085,0.025985070395918,Prepare operational reports.,4.A.3.b.6.I15.D04,6.25325497299254,Prepare operational reports.,4.A.3.b.6.I15.D04,3.67805970149254,Prepare operational reports.,4.A.3.b.6.I15.D04,Prepare,0.918511957484499,0.885739592559787,0.693534100974314,0.372010628875111,Not Community,Others
4.A.3.b.6.I15.D05,0.00503268161818174,0.00454543438831757,0,0.00154061682189237,0.00349206479628937,Write operational reports.,4.A.3.b.6.I15.D05,5.85519825252194,Write operational reports.,4.A.3.b.6.I15.D05,4.01157894736842,Write operational reports.,4.A.3.b.6.I15.D05,Write,0.243578387953942,0.310894596988485,0.914083259521701,0.163861824623561,Not Community,Others
4.A.3.b.6.I15.D06,0.0418020697673463,0.0486694072310101,0.011708687846382,0.0194117719558439,0.0106816099651204,Prepare operational progress or status reports.,4.A.3.b.6.I15.D06,6.50383344221565,Prepare operational progress or status reports.,4.A.3.b.6.I15.D06,3.55375,Prepare operational progress or status reports.,4.A.3.b.6.I15.D06,Prepare,0.698848538529672,0.740478299379982,0.533215234720992,0.719220549158547,Not Community,Others
4.A.3.b.6.I16.D01,0.653735071422996,0.324277941117778,0.227086919546935,0.405387639733946,0.0212605121421147,"Write articles, books or other original materials in area of expertise.",4.A.3.b.6.I16.D01,6.57960957278133,"Write articles, books or other original materials in area of expertise.",4.A.3.b.6.I16.D01,3.11904109589041,"Write articles, books or other original materials in area of expertise.",4.A.3.b.6.I16.D01,Write,0.972542072630647,0.939769707705934,0.100088573959256,0.863596102745793,Not Community,Others
4.A.3.b.6.I16.D02,1.62011264990202,1.68314109471798,1.00561195354321,0.527918030968452,0.0865826653903512,Write material for artistic or entertainment purposes.,4.A.3.b.6.I16.D02,6.38179616121078,Write material for artistic or entertainment purposes.,4.A.3.b.6.I16.D02,3.056,Write material for artistic or entertainment purposes.,4.A.3.b.6.I16.D02,Write,0.991142604074402,0.987599645704163,0.0504871567759079,0.519043401240035,Not Community,Others
4.A.3.b.6.I16.D03,0.736928379805184,0.892457239657474,0.251736788697213,0.475639766812238,0.0095518242957327,Write advertising or promotional material.,4.A.3.b.6.I16.D03,6.5925258592474,Write advertising or promotional material.,4.A.3.b.6.I16.D03,3.18071428571429,Write advertising or promotional material.,4.A.3.b.6.I16.D03,Write,0.976085031000886,0.979627989371125,0.129317980513729,0.896368467670505,Not Community,Others
4.A.4.a.1.I01.D01,0.0184874018627084,0.00166296380060399,0.00462185046567711,0.00934640871948038,0.00451914267755095,Present work to clients for approval.,4.A.4.a.1.I01.D01,6.30578420306227,Present work to clients for approval.,4.A.4.a.1.I01.D01,3.3575,Present work to clients for approval.,4.A.4.a.1.I01.D01,Present,0.547387068201949,0.174490699734278,0.274579273693534,0.419840566873339,Not Community,Others
4.A.4.a.1.I01.D03,0.0642950753669749,0.10964474658649,0.0150980448545452,0.0317367065309828,0.0174603239814469,Discuss goods or services information with customers or patrons.,4.A.4.a.1.I01.D03,6.26859676202354,Discuss goods or services information with customers or patrons.,4.A.4.a.1.I01.D03,3.57472222222222,Discuss goods or services information with customers or patrons.,4.A.4.a.1.I01.D03,Discuss,0.768821966341896,0.852967227635075,0.570416297608503,0.390611160318866,Not Community,Others
4.A.4.a.1.I01.D04,0.0587488548081624,0.0395785384543749,0.0138655513970313,0.0315312909547305,0.0133520124564005,"Explain engineering drawings, specifications, or other technical information.",4.A.4.a.1.I01.D04,6.38679995639354,"Explain engineering drawings, specifications, or other technical information.",4.A.4.a.1.I01.D04,3.68823529411765,"Explain engineering drawings, specifications, or other technical information.",4.A.4.a.1.I01.D04,Explain,0.757307351638618,0.70770593445527,0.702391496899911,0.526129317980514,Not Community,Others
4.A.4.a.1.I01.D05,0.307815241014096,1.73059099516188,0.0706629582307967,0.181484661618921,0.0556676211643777,Explain technical product or service information to customers.,4.A.4.a.1.I01.D05,6.33631131616628,Explain technical product or service information to customers.,4.A.4.a.1.I01.D05,3.21211111111111,Explain technical product or service information to customers.,4.A.4.a.1.I01.D05,Explain,0.935341009743136,0.988485385296723,0.148804251550044,0.451727192205492,Not Community,Others
4.A.4.a.1.I01.D06,0.0845285096278281,0.092128194553461,0.0153034604307975,0.0439589333179956,0.0252661158790349,Provide information about landscaping services or costs.,4.A.4.a.1.I01.D06,5.56863163133647,Provide information about landscaping services or costs.,4.A.4.a.1.I01.D06,3.59,Provide information about landscaping services or costs.,4.A.4.a.1.I01.D06,Provide,0.814880425155005,0.826395039858282,0.5837023914969,0.0194862710363153,Not Community,Others
4.A.4.a.1.I02.D01,0.00256769470315395,0.00232814932084558,0,0.00215686355064932,0.000410831152504632,Inform others about laws or regulations.,4.A.4.a.1.I02.D01,5.98510748439086,Inform others about laws or regulations.,4.A.4.a.1.I02.D01,3.843,Inform others about laws or regulations.,4.A.4.a.1.I02.D01,Inform,0.127546501328609,0.225863596102746,0.857395925597874,0.211691762621789,Not Community,Others
4.A.4.a.1.I02.D02,0.0191036485914654,0.0366960678666613,0.00390289594879401,0.00410831152504632,0.0110924411176251,"Inform the public about policies, services or procedures.",4.A.4.a.1.I02.D02,5.7939768640602,"Inform the public about policies, services or procedures.",4.A.4.a.1.I02.D02,4.100625,"Inform the public about policies, services or procedures.",4.A.4.a.1.I02.D02,Inform,0.558901682905226,0.696191319751993,0.935341009743136,0.136403897254207,Community,Nonprofit
4.A.4.a.1.I02.D03,0.0605975949944332,0.0963410361816577,0.0126330579395174,0.0332773233528752,0.0146872137020406,Communicate organizational policies and procedures.,4.A.4.a.1.I02.D03,6.43806076416259,Communicate organizational policies and procedures.,4.A.4.a.1.I02.D03,3.595,Communicate organizational policies and procedures.,4.A.4.a.1.I02.D03,Communicate,0.761736049601417,0.83525243578388,0.589902568644818,0.617360496014172,Community,Nonprofit
4.A.4.a.1.I02.D04,0.416069249699066,0.734697407106843,0.0648086143076057,0.283781618592575,0.0674790167988859,"Explain regulations, policies, or procedures.",4.A.4.a.1.I02.D04,6.26696217066274,"Explain regulations, policies, or procedures.",4.A.4.a.1.I02.D04,3.50481818181818,"Explain regulations, policies, or procedures.",4.A.4.a.1.I02.D04,Explain,0.954827280779451,0.975199291408326,0.456155890168291,0.388839681133747,Community,Nonprofit
4.A.4.a.1.I02.D05,0.0655275688244888,0.123059321244695,0.016227830523933,0.0426237320723556,0.00667600622820027,Communicate organizational information to customers or other stakeholders.,4.A.4.a.1.I02.D05,6.5689389432984,Communicate organizational information to customers or other stakeholders.,4.A.4.a.1.I02.D05,3.62566666666667,Communicate organizational information to customers or other stakeholders.,4.A.4.a.1.I02.D05,Communicate,0.772364924712135,0.866253321523472,0.627989371124889,0.842338352524358,Community,Nonprofit
4.A.4.a.1.I02.D06,0.00698412959257875,0.0175165520330287,0,0.00287581806753243,0.00410831152504632,"Communicate with clients about products, procedures, and policies.",4.A.4.a.1.I02.D06,5.6273827730448,"Communicate with clients about products, procedures, and policies.",4.A.4.a.1.I02.D06,3.4025,"Communicate with clients about products, procedures, and policies.",4.A.4.a.1.I02.D06,Communicate,0.314437555358725,0.549158547387068,0.319751992914083,0.0389725420726306,Not Community,Others
4.A.4.a.1.I03.D01,0.585742515683479,0.515407913933863,0.376013212329864,0.194939381863448,0.0147899214901668,Translate information for others.,4.A.4.a.1.I03.D01,6.53551185218588,Translate information for others.,4.A.4.a.1.I03.D01,3.74,Translate information for others.,4.A.4.a.1.I03.D01,Translate,0.971656333038087,0.964570416297608,0.770593445527015,0.781222320637733,Not Community,Others
4.A.4.a.1.I03.D02,0.0116059800582559,0.0125276606312167,0.00369748037254169,0.00544351277068638,0.00246498691502779,Interpret cultural or religious information for others.,4.A.4.a.1.I03.D02,6.46428009555551,Interpret cultural or religious information for others.,4.A.4.a.1.I03.D02,3.0925,Interpret cultural or religious information for others.,4.A.4.a.1.I03.D02,Interpret,0.428697962798937,0.488042515500443,0.0699734278122232,0.654561558901683,Community,Nonprofit
4.A.4.a.1.I04.D01,0.256050515798512,0.225719619868648,0.0477591214786635,0.19781519993098,0.0104761943888681,Educate clients on financial planning topics.,4.A.4.a.1.I04.D01,6.6607831535909,Educate clients on financial planning topics.,4.A.4.a.1.I04.D01,3.499,Educate clients on financial planning topics.,4.A.4.a.1.I04.D01,Educate,0.919397697077059,0.91496899911426,0.442869796279894,0.973427812223206,Not Community,Others
4.A.4.a.1.I04.D02,0.125303501513913,0.110975117626973,0.0339962778697583,0.0865826653903512,0.00472455825380327,Interpret financial information for others.,4.A.4.a.1.I04.D02,6.58817382001577,Interpret financial information for others.,4.A.4.a.1.I04.D02,3.433,Interpret financial information for others.,4.A.4.a.1.I04.D02,Interpret,0.865367581930912,0.855624446412755,0.360496014171833,0.884853852967228,Community,Nonprofit
4.A.4.a.1.I04.D03,0.16094310399369,0.320175963742955,0.0271148560653057,0.114005644820035,0.0198226031083485,Explain financial information to customers.,4.A.4.a.1.I04.D03,6.56708395855441,Explain financial information to customers.,4.A.4.a.1.I04.D03,3.60870370370371,Explain financial information to customers.,4.A.4.a.1.I04.D03,Explain,0.891939769707706,0.938883968113375,0.607617360496014,0.837909654561559,Not Community,Others
4.A.4.a.1.I05.D01,0.218048634191834,0.324499669624525,0.025985070395918,0.173986993085712,0.0180765707102038,Communicate detailed medical information to patients or family members.,4.A.4.a.1.I05.D01,6.28013304217522,Communicate detailed medical information to patients or family members.,4.A.4.a.1.I05.D01,4.31763157894737,Communicate detailed medical information to patients or family members.,4.A.4.a.1.I05.D01,Communicate,0.909654561558902,0.940655447298494,0.977856510186005,0.400354295837024,Not Community,Others
4.A.4.a.1.I05.D02,0.00154061682189237,0.00509975565518557,0,0,0.00154061682189237,Confer with family members to discuss client treatment plans or progress.,4.A.4.a.1.I05.D02,6.43262692366363,Confer with family members to discuss client treatment plans or progress.,4.A.4.a.1.I05.D02,3.349,Confer with family members to discuss client treatment plans or progress.,4.A.4.a.1.I05.D02,Confer,0.0150575730735164,0.330380868024801,0.268379096545616,0.610274579273694,Community,Nonprofit
4.A.4.a.1.I05.D04,0.0255742392434134,0.0866958461381546,0,0.0199253108964747,0.00564892834693869,Explain technical medical information to patients.,4.A.4.a.1.I05.D04,5.89985739222021,Explain technical medical information to patients.,4.A.4.a.1.I05.D04,4.06375,Explain technical medical information to patients.,4.A.4.a.1.I05.D04,Explain,0.612931798051373,0.820194862710363,0.926483613817538,0.178919397697077,Not Community,Others
4.A.4.a.1.I05.D05,0.208907641048605,0.261528773708321,0.0247525769384041,0.162175597451204,0.0219794666589978,Explain medical procedures or test results to patients or family members.,4.A.4.a.1.I05.D05,6.19482054748563,Explain medical procedures or test results to patients or family members.,4.A.4.a.1.I05.D05,4.21211538461538,Explain medical procedures or test results to patients or family members.,4.A.4.a.1.I05.D05,Explain,0.906997342781222,0.928255093002657,0.95925597874225,0.325952170062002,Not Community,Others
4.A.4.a.2.I01.D01,0.00554622055881253,0.00188469230735119,0,0.00174603239814469,0.00380018816066785,Communicate with the public on environmental issues.,4.A.4.a.2.I01.D01,6.35491458837306,Communicate with the public on environmental issues.,4.A.4.a.2.I01.D01,2.99,Communicate with the public on environmental issues.,4.A.4.a.2.I01.D01,Communicate,0.263950398582817,0.190434012400354,0.0336581045172719,0.476527900797166,Not Community,Others
4.A.4.a.2.I01.D02,0.00215686355064932,0,0,0,0.00215686355064932,Communicate green energy production information.,4.A.4.a.2.I01.D02,6.26871083025722,Communicate green energy production information.,4.A.4.a.2.I01.D02,3.91833333333333,Communicate green energy production information.,4.A.4.a.2.I01.D02,Communicate,0.0965456155890168,0.163861824623561,0.888396811337467,0.391496899911426,Not Community,Others
4.A.4.a.2.I01.D03,0.00996265544823733,0,0.003902895948794,0.00554622055881253,0.00051353894063079,Communicate results of environmental research.,4.A.4.a.2.I01.D03,6.46509486530069,Communicate results of environmental research.,4.A.4.a.2.I01.D03,3.28833333333333,Communicate results of environmental research.,4.A.4.a.2.I01.D03,Communicate,0.388839681133747,0.163861824623561,0.204605845881311,0.657218777679362,Not Community,Others
4.A.4.a.2.I02.D01,0.0607003027825594,0.00831481900301994,0.0211578043539886,0.0285527650990719,0.0109897333294989,Collaborate on research activities with scientists or technical specialists.,4.A.4.a.2.I02.D01,6.43910999484438,Collaborate on research activities with scientists or technical specialists.,4.A.4.a.2.I02.D01,3.7803125,Collaborate on research activities with scientists or technical specialists.,4.A.4.a.2.I02.D01,Collaborate,0.763507528786537,0.412754650132861,0.810451727192205,0.620017714791851,Not Community,Others
4.A.4.a.2.I02.D02,0.0105789021769943,0.0238358144753238,0,0.00431372710129864,0.00626517507569564,Assist other educational professionals with projects or research.,4.A.4.a.2.I02.D02,6.25626341524692,Assist other educational professionals with projects or research.,4.A.4.a.2.I02.D02,3.1,Assist other educational professionals with projects or research.,4.A.4.a.2.I02.D02,Assist,0.404782993799823,0.609388839681134,0.0761736049601417,0.37466784765279,Not Community,Others
4.A.4.a.2.I02.D03,0.00564892834693869,0.00321506334783438,0.00164332461001853,0.00267040249128011,0.00133520124564005,Assist engineers or scientists with research.,4.A.4.a.2.I02.D03,6.16318721484418,Assist engineers or scientists with research.,4.A.4.a.2.I02.D03,3.85888888888889,Assist engineers or scientists with research.,4.A.4.a.2.I02.D03,Assist,0.270150575730735,0.268379096545616,0.867139061116032,0.302037201062888,Not Community,Others
4.A.4.a.2.I03.D02,0.151185864121705,0.0563190407137884,0.0458076735042665,0.0874043276953605,0.0179738629220777,Provide information to coworkers.,4.A.4.a.2.I03.D02,6.38567988771517,Provide information to coworkers.,4.A.4.a.2.I03.D02,3.48581081081081,Provide information to coworkers.,4.A.4.a.2.I03.D02,Provide,0.887511071744907,0.767050487156776,0.434898139946856,0.525243578387954,Not Community,Others
4.A.4.a.2.I03.D05,0.0165359538883114,0.00687358370916315,0.00605975949944332,0.00328664922003706,0.00718954516883106,Discuss problems or issues with supervisors.,4.A.4.a.2.I03.D05,6.33812659105095,Discuss problems or issues with supervisors.,4.A.4.a.2.I03.D05,3.08336734693878,Discuss problems or issues with supervisors.,4.A.4.a.2.I03.D05,Discuss,0.520814880425155,0.382639503985828,0.0655447298494243,0.454384410983171,Not Community,Others
4.A.4.a.2.I03.D06,0.00667600622820027,0.0205098868741159,0.00154061682189237,0.00225957133877548,0.00287581806753243,Communicate with others to coordinate vehicle movement.,4.A.4.a.2.I03.D06,6.05183852537204,Communicate with others to coordinate vehicle movement.,4.A.4.a.2.I03.D06,4.12337209302325,Communicate with others to coordinate vehicle movement.,4.A.4.a.2.I03.D06,Communicate,0.304694419840567,0.574844995571302,0.939769707705934,0.237378210806023,Not Community,Others
4.A.4.a.2.I03.D08,0.0102707788126158,0.0108646968306127,0,0.00472455825380327,0.00554622055881253,Communicate with other construction or extraction personnel to discuss project details.,4.A.4.a.2.I03.D08,5.68172167831825,Communicate with other construction or extraction personnel to discuss project details.,4.A.4.a.2.I03.D08,3.86916666666667,Communicate with other construction or extraction personnel to discuss project details.,4.A.4.a.2.I03.D08,Communicate,0.396811337466785,0.469441984056687,0.871567759078831,0.0699734278122232,Not Community,Others
4.A.4.a.2.I03.D09,0.0154061682189237,0.00986691855025033,0.00154061682189237,0.00369748037254169,0.0101680710244896,Liaise between departments or other groups to improve function or communication.,4.A.4.a.2.I03.D09,6.62782032771459,Liaise between departments or other groups to improve function or communication.,4.A.4.a.2.I03.D09,3.52433333333333,Liaise between departments or other groups to improve function or communication.,4.A.4.a.2.I03.D09,Liaise,0.5022143489814,0.450841452612932,0.489813994685563,0.937998228520815,Not Community,Others
4.A.4.a.2.I03.D14,0.022082174447124,0.0291572986372566,0.00338935700816322,0.0134547202445267,0.00523809719443406,Confer with organizational members to accomplish work activities.,4.A.4.a.2.I03.D14,6.48449454508594,Confer with organizational members to accomplish work activities.,4.A.4.a.2.I03.D14,3.44566037735849,Confer with organizational members to accomplish work activities.,4.A.4.a.2.I03.D14,Confer,0.58458813108946,0.655447298494243,0.37378210806023,0.688219663418955,Not Community,Others
4.A.4.a.2.I03.D15,0.0811391526196648,0.0174056877796551,0.0165359538883114,0.0388235439116877,0.0257796548196657,Confer with coworkers to coordinate work activities.,4.A.4.a.2.I03.D15,6.21333788136864,Confer with coworkers to coordinate work activities.,4.A.4.a.2.I03.D15,3.75784090909091,Confer with coworkers to coordinate work activities.,4.A.4.a.2.I03.D15,Confer,0.805137289636847,0.546501328609389,0.79007971656333,0.340124003542958,Not Community,Others
4.A.4.a.2.I03.D17,0.0163305383120591,0,0.00554622055881253,0.00760037632133569,0.0031839414319109,Communicate dining or order details to kitchen personnel.,4.A.4.a.2.I03.D17,5.76291995552259,Communicate dining or order details to kitchen personnel.,4.A.4.a.2.I03.D17,2.82038461538462,Communicate dining or order details to kitchen personnel.,4.A.4.a.2.I03.D17,Communicate,0.516386182462356,0.163861824623561,0.00974313551815766,0.122232063773251,Not Community,Others
4.A.4.a.2.I03.D18,0.00164332461001853,0,0,0,0.00164332461001853,Confer with others to conduct or arrange operational activities.,4.A.4.a.2.I03.D18,6.38204934228061,Confer with others to conduct or arrange operational activities.,4.A.4.a.2.I03.D18,3.11857142857143,Confer with others to conduct or arrange operational activities.,4.A.4.a.2.I03.D18,Confer,0.0380868024800709,0.163861824623561,0.0965456155890168,0.521700620017715,Not Community,Others
4.A.4.a.2.I03.D19,0.0197198953202223,0.0179600090465231,0.00534080498256022,0.00893557756697575,0.00544351277068638,Receive information or instructions for performing work assignments.,4.A.4.a.2.I03.D19,5.67076597526502,Receive information or instructions for performing work assignments.,4.A.4.a.2.I03.D19,3.90155172413793,Receive information or instructions for performing work assignments.,4.A.4.a.2.I03.D19,Receive,0.569530558015943,0.552701505757307,0.883968113374668,0.058458813108946,Not Community,Others
4.A.4.a.2.I03.D20,0.0112978566938774,0,0.00225957133877548,0.00492997383005559,0.00410831152504632,Exchange information with colleagues.,4.A.4.a.2.I03.D20,5.73343449545253,Exchange information with colleagues.,4.A.4.a.2.I03.D20,3.76277777777778,Exchange information with colleagues.,4.A.4.a.2.I03.D20,Exchange,0.419840566873339,0.163861824623561,0.79362267493357,0.106288751107174,Not Community,Others
4.A.4.a.2.I04.D02,0.0152007526426714,0.00432370588157037,0.001951447974397,0.00503268161818174,0.00821662305009264,Confer with other personnel to resolve design or operational problems.,4.A.4.a.2.I04.D02,6.41628440757104,Confer with other personnel to resolve design or operational problems.,4.A.4.a.2.I04.D02,3.70285714285714,Confer with other personnel to resolve design or operational problems.,4.A.4.a.2.I04.D02,Confer,0.49867139061116,0.301151461470328,0.719220549158547,0.580159433126661,Not Community,Others
4.A.4.a.2.I04.D03,0.24167142546085,0.199666520325852,0.0419047775554725,0.168132649162521,0.0316339987428567,Collaborate with others to resolve information technology issues.,4.A.4.a.2.I04.D03,6.54839409123948,Collaborate with others to resolve information technology issues.,4.A.4.a.2.I04.D03,3.53179487179487,Collaborate with others to resolve information technology issues.,4.A.4.a.2.I04.D03,Collaborate,0.914083259521701,0.905225863596103,0.507528786536758,0.813994685562445,Not Community,Others
4.A.4.a.2.I04.D04,0.00780579189758801,0,0.00328664922003706,0.00256769470315395,0.001951447974397,Communicate with management or other staff to resolve problems.,4.A.4.a.2.I04.D04,6.14547402212783,Communicate with management or other staff to resolve problems.,4.A.4.a.2.I04.D04,3.53382352941176,Communicate with management or other staff to resolve problems.,4.A.4.a.2.I04.D04,Communicate,0.33215234720992,0.163861824623561,0.511071744906997,0.289636846767051,Not Community,Others
4.A.4.a.2.I04.D05,0.0150980448545452,0,0.0031839414319109,0.00944911650760654,0.00246498691502779,Collaborate with technical specialists to resolve design or development problems.,4.A.4.a.2.I04.D05,6.51896218629152,Collaborate with technical specialists to resolve design or development problems.,4.A.4.a.2.I04.D05,3.2809375,Collaborate with technical specialists to resolve design or development problems.,4.A.4.a.2.I04.D05,Collaborate,0.495128432240921,0.163861824623561,0.197519929140833,0.74933569530558,Not Community,Others
4.A.4.a.2.I05.D01,0.0840149706871973,0.0207316153808631,0.0176657395576992,0.0581326080794054,0.00821662305009264,Inform medical professionals regarding patient conditions and care.,4.A.4.a.2.I05.D01,6.0727375582479,Inform medical professionals regarding patient conditions and care.,4.A.4.a.2.I05.D01,4.20869565217391,Inform medical professionals regarding patient conditions and care.,4.A.4.a.2.I05.D01,Inform,0.813108945969885,0.58193091231178,0.95837023914969,0.247121346324181,Not Community,Others
4.A.4.a.2.I05.D03,0.00544351277068638,0.00509975565518557,0,0,0.00544351277068638,Collaborate with other professionals to assess client needs or plan treatments.,4.A.4.a.2.I05.D03,6.49202789755122,Collaborate with other professionals to assess client needs or plan treatments.,4.A.4.a.2.I05.D03,3.33233333333333,Collaborate with other professionals to assess client needs or plan treatments.,4.A.4.a.2.I05.D03,Collaborate,0.255093002657219,0.330380868024801,0.2488928255093,0.701505757307352,Community,Nonprofit
4.A.4.a.2.I05.D04,0.0893557756697575,0.0360308823464198,0.0191036485914654,0.0612138417231902,0.00903828535510191,Communicate test or assessment results to medical professionals.,4.A.4.a.2.I05.D04,6.21990346191388,Communicate test or assessment results to medical professionals.,4.A.4.a.2.I05.D04,4.15807692307692,Communicate test or assessment results to medical professionals.,4.A.4.a.2.I05.D04,Communicate,0.821080602302923,0.689105403011515,0.947741364038973,0.346324180690877,Not Community,Others
4.A.4.a.2.I05.D05,0.0483753682074204,0.021840257914599,0.00657329844007411,0.0281419339465673,0.013660135820779,Collaborate with healthcare professionals to plan or provide treatment.,4.A.4.a.2.I05.D05,6.17216661033524,Collaborate with healthcare professionals to plan or provide treatment.,4.A.4.a.2.I05.D05,4.14270161290323,Collaborate with healthcare professionals to plan or provide treatment.,4.A.4.a.2.I05.D05,Collaborate,0.733392382639504,0.594331266607617,0.945084145261293,0.308237378210806,Not Community,Others
4.A.4.a.2.I06.D02,0.0622409196044518,0.088802266952253,0.0171522006170684,0.0369748037254169,0.00811391526196649,Collaborate with others to develop or implement marketing strategies.,4.A.4.a.2.I06.D02,6.60922636865285,Collaborate with others to develop or implement marketing strategies.,4.A.4.a.2.I06.D02,3.41722222222222,Collaborate with others to develop or implement marketing strategies.,4.A.4.a.2.I06.D02,Collaborate,0.767050487156776,0.821080602302923,0.341009743135518,0.911426040744021,Not Community,Others
4.A.4.a.2.I06.D03,0.0116059800582559,0.0167405022594135,0,0.00472455825380327,0.00688142180445259,Confer with personnel to coordinate business operations.,4.A.4.a.2.I06.D03,6.54418494587292,Confer with personnel to coordinate business operations.,4.A.4.a.2.I06.D03,3.52416666666667,Confer with personnel to coordinate business operations.,4.A.4.a.2.I06.D03,Confer,0.428697962798937,0.54030115146147,0.487156775907883,0.806023029229407,Not Community,Others
4.A.4.a.2.I06.D04,0.0114005644820035,0.0460086651500437,0.00225957133877548,0.00544351277068638,0.00369748037254169,Share sales-related or market information with colleagues.,4.A.4.a.2.I06.D04,6.54643140802033,Share sales-related or market information with colleagues.,4.A.4.a.2.I06.D04,3.45357142857143,Share sales-related or market information with colleagues.,4.A.4.a.2.I06.D04,Share,0.425155004428698,0.733392382639504,0.382639503985828,0.811337466784765,Not Community,Others
4.A.4.a.2.I07.D01,0.00225957133877548,0,0,0,0.00225957133877548,Collaborate with other professionals to develop education or assistance programs.,4.A.4.a.2.I07.D01,6.44259042940175,Collaborate with other professionals to develop education or assistance programs.,4.A.4.a.2.I07.D01,3.14214285714286,Collaborate with other professionals to develop education or assistance programs.,4.A.4.a.2.I07.D01,Collaborate,0.102745792736935,0.163861824623561,0.110717449069973,0.62710363153233,Community,Nonprofit
4.A.4.a.2.I07.D02,0.00287581806753243,0,0.00164332461001853,0,0.0012324934575139,Collaborate with other agencies and institutions to coordinate educational matters.,4.A.4.a.2.I07.D02,6.51742884402218,Collaborate with other agencies and institutions to coordinate educational matters.,4.A.4.a.2.I07.D02,3.2765,Collaborate with other agencies and institutions to coordinate educational matters.,4.A.4.a.2.I07.D02,Collaborate,0.145261293179805,0.163861824623561,0.194862710363153,0.748449955713021,Not Community,Others
4.A.4.a.2.I07.D03,0.0178711551339515,0.0117516108576015,0.00164332461001853,0.00297852585565858,0.0132493046682744,Collaborate with other teaching professionals to develop educational programs.,4.A.4.a.2.I07.D03,6.3968422773256,Collaborate with other teaching professionals to develop educational programs.,4.A.4.a.2.I07.D03,3.07240740740741,Collaborate with other teaching professionals to develop educational programs.,4.A.4.a.2.I07.D03,Collaborate,0.537643932683791,0.479185119574845,0.0575730735163862,0.54295837023915,Not Community,Others
4.A.4.a.2.I08.D01,0.00164332461001853,0.00232814932084558,0,0,0.00164332461001853,Communicate situation details to appropriate personnel.,4.A.4.a.2.I08.D01,5.86071431927888,Communicate situation details to appropriate personnel.,4.A.4.a.2.I08.D01,4.01734375,Communicate situation details to appropriate personnel.,4.A.4.a.2.I08.D01,Communicate,0.0380868024800709,0.225863596102746,0.91674047829938,0.1674047829938,Not Community,Others
4.A.4.a.2.I08.D08,0.0377964660304262,0.00388024886807597,0.00975723987198501,0.0118113956345082,0.016227830523933,Report maintenance or equipment problems to appropriate personnel.,4.A.4.a.2.I08.D08,6.18725564077421,Report maintenance or equipment problems to appropriate personnel.,4.A.4.a.2.I08.D08,3.55441176470588,Report maintenance or equipment problems to appropriate personnel.,4.A.4.a.2.I08.D08,Report,0.676705048715678,0.29229406554473,0.534986713906112,0.321523472099203,Not Community,Others
4.A.4.a.2.I09.D02,0.00205415576252316,0,0,0,0.00205415576252316,Discuss production content and progress with others.,4.A.4.a.2.I09.D02,6.2140610255263,Discuss production content and progress with others.,4.A.4.a.2.I09.D02,3.220625,Discuss production content and progress with others.,4.A.4.a.2.I09.D02,Discuss,0.0814880425155005,0.163861824623561,0.153232949512843,0.341895482728078,Not Community,Others
4.A.4.a.2.I09.D03,0.0648086143076057,0.0289355701305094,0.00883286977884959,0.0393370828523185,0.0166386616764376,Confer with technical personnel to prepare designs or operational plans.,4.A.4.a.2.I09.D03,6.39097912277336,Confer with technical personnel to prepare designs or operational plans.,4.A.4.a.2.I09.D03,3.66372881355932,Confer with technical personnel to prepare designs or operational plans.,4.A.4.a.2.I09.D03,Confer,0.771479185119575,0.651018600531444,0.675819309123118,0.534100974313552,Not Community,Others
4.A.4.a.2.I09.D04,0.0107843177532466,0.0226163076882142,0.00482726604192943,0.00287581806753242,0.00308123364378474,Collaborate with others to develop or refine designs.,4.A.4.a.2.I09.D04,6.39783962088588,Collaborate with others to develop or refine designs.,4.A.4.a.2.I09.D04,3.52666666666667,Collaborate with others to develop or refine designs.,4.A.4.a.2.I09.D04,Collaborate,0.408325952170062,0.600531443755536,0.495128432240921,0.546501328609389,Not Community,Others
4.A.4.a.2.I09.D05,0.0405695763098324,0.0678489230646427,0.0124276423632651,0.0138655513970313,0.014276382549536,Collaborate with others to determine technical details of productions.,4.A.4.a.2.I09.D05,6.26467503318356,Collaborate with others to determine technical details of productions.,4.A.4.a.2.I09.D05,3.45413793103448,Collaborate with others to determine technical details of productions.,4.A.4.a.2.I09.D05,Collaborate,0.691762621789194,0.795394154118689,0.384410983170948,0.386182462356067,Not Community,Others
4.A.4.a.2.I09.D06,0.0132493046682744,0.0480042217107685,0,0.00780579189758801,0.00544351277068638,Discuss design or technical features of products or services with technical personnel.,4.A.4.a.2.I09.D06,6.56784307972957,Discuss design or technical features of products or services with technical personnel.,4.A.4.a.2.I09.D06,3.11875,Discuss design or technical features of products or services with technical personnel.,4.A.4.a.2.I09.D06,Discuss,0.463241806908769,0.738706820194863,0.0992028343666962,0.839681133746679,Not Community,Others
4.A.4.a.2.I09.D07,0.922932184101656,1.43535948842799,0.235611665961407,0.605154287639323,0.0821662305009264,Collaborate with others to determine design specifications or details.,4.A.4.a.2.I09.D07,6.50544657203237,Collaborate with others to determine design specifications or details.,4.A.4.a.2.I09.D07,3.42837837837838,Collaborate with others to determine design specifications or details.,4.A.4.a.2.I09.D07,Collaborate,0.984942426926484,0.985828166519043,0.352524357838795,0.724534986713906,Not Community,Others
4.A.4.a.2.I09.D09,0.140401546368458,0.12660697735265,0.031839414319109,0.0973669831435978,0.0111951489057512,Communicate project information to others.,4.A.4.a.2.I09.D09,6.56859689053403,Communicate project information to others.,4.A.4.a.2.I09.D09,3.30571428571429,Communicate project information to others.,4.A.4.a.2.I09.D09,Communicate,0.880425155004429,0.868024800708592,0.221434898139947,0.841452612931798,Not Community,Others
4.A.4.a.2.I11.D01,0.0184874018627084,0.0189577873268855,0.00605975949944332,0.00821662305009264,0.00421101931317248,Communicate with government agencies.,4.A.4.a.2.I11.D01,6.49833707159379,Communicate with government agencies.,4.A.4.a.2.I11.D01,3.52725,Communicate with government agencies.,4.A.4.a.2.I11.D01,Communicate,0.547387068201949,0.560673162090346,0.496899911426041,0.71036315323295,Not Community,Others
4.A.4.a.2.I11.D02,0.0105789021769943,0.00742790497603115,0,0.00492997383005559,0.00564892834693869,"Communicate technical information to suppliers, contractors, or regulatory agencies.",4.A.4.a.2.I11.D02,6.40548634382358,"Communicate technical information to suppliers, contractors, or regulatory agencies.",4.A.4.a.2.I11.D02,3.7475,"Communicate technical information to suppliers, contractors, or regulatory agencies.",4.A.4.a.2.I11.D02,Communicate,0.404782993799823,0.389725420726306,0.778565101860053,0.559787422497786,Not Community,Others
4.A.4.a.2.I11.D03,0.00462185046567711,0,0,0,0.00462185046567711,Collaborate with outside groups to develop programs or projects.,4.A.4.a.2.I11.D03,6.00844965562514,Collaborate with outside groups to develop programs or projects.,4.A.4.a.2.I11.D03,4.11625,Collaborate with outside groups to develop programs or projects.,4.A.4.a.2.I11.D03,Collaborate,0.231178033658105,0.163861824623561,0.938883968113375,0.222320637732507,Not Community,Others
4.A.4.a.2.I11.D04,0.00585434392319101,0.00232814932084558,0,0.00308123364378474,0.00277311027940627,Coordinate with external parties to exchange information.,4.A.4.a.2.I11.D04,6.57988349059809,Coordinate with external parties to exchange information.,4.A.4.a.2.I11.D04,3.59588235294118,Coordinate with external parties to exchange information.,4.A.4.a.2.I11.D04,Coordinate,0.277236492471213,0.225863596102746,0.592559787422498,0.864481842338353,Not Community,Others
4.A.4.a.2.I11.D05,0.00575163613506485,0,0.00256769470315395,0,0.0031839414319109,Collaborate with law enforcement or security agencies to share information.,4.A.4.a.2.I11.D05,6.08837276386009,Collaborate with law enforcement or security agencies to share information.,4.A.4.a.2.I11.D05,4.19769230769231,Collaborate with law enforcement or security agencies to share information.,4.A.4.a.2.I11.D05,Collaborate,0.272807794508415,0.163861824623561,0.954827280779451,0.255093002657219,Not Community,Others
4.A.4.a.2.I11.D06,0.0593651015369193,0.102105977357085,0.0126330579395174,0.0398506217929493,0.00688142180445259,Coordinate operational activities with external stakeholders.,4.A.4.a.2.I11.D06,6.53098712681182,Coordinate operational activities with external stakeholders.,4.A.4.a.2.I11.D06,3.54625,Coordinate operational activities with external stakeholders.,4.A.4.a.2.I11.D06,Coordinate,0.758193091231178,0.840566873339238,0.528786536758193,0.773250664304694,Not Community,Others
4.A.4.a.2.I11.D08,0.00462185046567711,0.00166296380060399,0,0,0.00462185046567711,Confer with others about financial matters.,4.A.4.a.2.I11.D08,6.57209017428152,Confer with others about financial matters.,4.A.4.a.2.I11.D08,3.50035714285714,Confer with others about financial matters.,4.A.4.a.2.I11.D08,Confer,0.231178033658105,0.174490699734278,0.443755535872454,0.850310008857396,Not Community,Others
4.A.4.a.2.I11.D09,0.0190009408033392,0.0231706289550822,0.00256769470315395,0.00698412959257875,0.00944911650760654,Represent the organization in external relations.,4.A.4.a.2.I11.D09,6.61233578456259,Represent the organization in external relations.,4.A.4.a.2.I11.D09,3.4365625,Represent the organization in external relations.,4.A.4.a.2.I11.D09,Represent,0.556244464127547,0.607617360496014,0.364038972542073,0.91585473870682,Community,Nonprofit
4.A.4.a.2.I12.D01,0.0243417457858995,0.00842568325639354,0.00410831152504632,0.0170494928289422,0.0031839414319109,Meet with individuals involved in legal processes to provide information and clarify issues.,4.A.4.a.2.I12.D01,6.67530443159552,Meet with individuals involved in legal processes to provide information and clarify issues.,4.A.4.a.2.I12.D01,3.77166666666667,Meet with individuals involved in legal processes to provide information and clarify issues.,4.A.4.a.2.I12.D01,Meet,0.607617360496014,0.4162976085031,0.804251550044287,0.991142604074402,Not Community,Others
4.A.4.a.2.I12.D02,0.00770308410946185,0,0,0.00503268161818174,0.00267040249128011,Confer with court staff to clarify information.,4.A.4.a.2.I12.D02,6.63662402725721,Confer with court staff to clarify information.,4.A.4.a.2.I12.D02,3.84181818181818,Confer with court staff to clarify information.,4.A.4.a.2.I12.D02,Confer,0.329495128432241,0.163861824623561,0.854738706820195,0.945969884853853,Not Community,Others
4.A.4.a.2.I13.D01,0.00534080498256022,0.00243901357421918,0,0,0.00534080498256022,Discuss service options or needs with clients.,4.A.4.a.2.I13.D01,5.83734096455562,Discuss service options or needs with clients.,4.A.4.a.2.I13.D01,3.63291666666667,Discuss service options or needs with clients.,4.A.4.a.2.I13.D01,Discuss,0.25066430469442,0.234720992028344,0.636846767050487,0.157661647475642,Not Community,Others
4.A.4.a.2.I13.D02,0.12324934575139,0.222615420774187,0.0170494928289422,0.0841176784753234,0.022082174447124,Confer with clients to exchange information.,4.A.4.a.2.I13.D02,6.49440961814773,Confer with clients to exchange information.,4.A.4.a.2.I13.D02,3.64846153846154,Confer with clients to exchange information.,4.A.4.a.2.I13.D02,Confer,0.861824623560673,0.910540301151461,0.654561558901683,0.705934455270151,Not Community,Others
4.A.4.a.2.I13.D03,0.0226984211758809,0.10011042079636,0.00482726604192943,0.00883286977884959,0.00903828535510191,Confer with clients to determine needs.,4.A.4.a.2.I13.D03,6.25542280514138,Confer with clients to determine needs.,4.A.4.a.2.I13.D03,3.25636363636364,Confer with clients to determine needs.,4.A.4.a.2.I13.D03,Confer,0.590788308237378,0.836138175376439,0.179805137289637,0.37378210806023,Not Community,Others
4.A.4.a.2.I13.D04,0.0211578043539886,0.0288247058771358,0.00308123364378474,0.0114005644820035,0.00667600622820027,Confer with customers or users to assess problems.,4.A.4.a.2.I13.D04,5.68550546671315,Confer with customers or users to assess problems.,4.A.4.a.2.I13.D04,3.6465,Confer with customers or users to assess problems.,4.A.4.a.2.I13.D04,Confer,0.579273693534101,0.648361381753764,0.651904340124004,0.0744021257750221,Not Community,Others
4.A.4.a.2.I13.D05,0.0169467850408161,0.0103103755637447,0.00400560373692016,0.00451914267755095,0.00842203862634496,Confer with customers or designers to determine order specifications.,4.A.4.a.2.I13.D05,5.74539063088171,Confer with customers or designers to determine order specifications.,4.A.4.a.2.I13.D05,3.63846153846154,Confer with customers or designers to determine order specifications.,4.A.4.a.2.I13.D05,Confer,0.528786536758193,0.45792736935341,0.641275465013286,0.114260407440213,Not Community,Others
4.A.4.a.2.I13.D06,0.00862745420259728,0.00576494117542716,0,0.00492997383005559,0.00369748037254169,Discuss designs or plans with clients.,4.A.4.a.2.I13.D06,6.48018132492339,Discuss designs or plans with clients.,4.A.4.a.2.I13.D06,3.62647058823529,Discuss designs or plans with clients.,4.A.4.a.2.I13.D06,Discuss,0.351638618246236,0.352524357838795,0.630646589902569,0.682905225863596,Not Community,Others
4.A.4.a.3.I02.D01,0.0366666803610384,0.0543234841530636,0.00277311027940627,0.0287581806753242,0.0051353894063079,Communicate health and wellness information to the public.,4.A.4.a.3.I02.D01,6.21184025550212,Communicate health and wellness information to the public.,4.A.4.a.3.I02.D01,3.65541666666667,Communicate health and wellness information to the public.,4.A.4.a.3.I02.D01,Communicate,0.674933569530558,0.759964570416298,0.664304694419841,0.337466784765279,Not Community,Others
4.A.4.a.3.I02.D02,0.0164332461001853,0,0.00564892834693869,0.00821662305009264,0.00256769470315395,Present sustainable products or services information to the public.,4.A.4.a.3.I02.D02,6.61643873483807,Present sustainable products or services information to the public.,4.A.4.a.3.I02.D02,3.0925,Present sustainable products or services information to the public.,4.A.4.a.3.I02.D02,Present,0.517271922054916,0.163861824623561,0.0690876882196634,0.919397697077059,Not Community,Others
4.A.4.a.3.I02.D03,0.303398806124671,0.265630751083144,0.112156904633765,0.162894551968087,0.0283473495228196,Present information to the public.,4.A.4.a.3.I02.D03,6.40738278984693,Present information to the public.,4.A.4.a.3.I02.D03,3.24421052631579,Present information to the public.,4.A.4.a.3.I02.D03,Present,0.932683790965456,0.930912311780337,0.169176262178919,0.563330380868025,Community,Nonprofit
4.A.4.a.3.I02.D04,0.0083193308382188,0.0109755610839863,0.00236227912690163,0.00380018816066785,0.00215686355064932,Provide educational information to the public.,4.A.4.a.3.I02.D04,6.27349262281048,Provide educational information to the public.,4.A.4.a.3.I02.D04,3.3025,Provide educational information to the public.,4.A.4.a.3.I02.D04,Provide,0.341895482728078,0.472984942426927,0.217891939769708,0.395925597874225,Not Community,Others
4.A.4.a.3.I02.D05,0.161559350722447,0.163192180965938,0.0645004909432273,0.0754902242727262,0.0215686355064932,Provide technical information or assistance to public.,4.A.4.a.3.I02.D05,6.30513518462303,Provide technical information or assistance to public.,4.A.4.a.3.I02.D05,3.40291666666667,Provide technical information or assistance to public.,4.A.4.a.3.I02.D05,Provide,0.892825509300266,0.890168290522586,0.322409211691763,0.41806908768822,Not Community,Others
4.A.4.a.3.I02.D06,0.0076003763213357,0,0.00174603239814469,0.00267040249128011,0.0031839414319109,Explain project details to the general public.,4.A.4.a.3.I02.D06,6.49174511397885,Explain project details to the general public.,4.A.4.a.3.I02.D06,3.62166666666667,Explain project details to the general public.,4.A.4.a.3.I02.D06,Explain,0.326837909654562,0.163861824623561,0.622674933569531,0.699734278122232,Not Community,Others
4.A.4.a.3.I02.D07,0.00421101931317248,0.00254987782759278,0.00174603239814469,0.00184874018627084,0.000616246728756948,Report news to the public.,4.A.4.a.3.I02.D07,6.55867931525121,Report news to the public.,4.A.4.a.3.I02.D07,3.84,Report news to the public.,4.A.4.a.3.I02.D07,Report,0.211691762621789,0.240921169176262,0.852967227635075,0.829052258635961,Not Community,Others
4.A.4.a.3.I02.D08,0.0835014317465665,0.0539908913929428,0.0228011289640071,0.0523809719443406,0.0083193308382188,Provide information to the general public.,4.A.4.a.3.I02.D08,6.37117638757965,Provide information to the general public.,4.A.4.a.3.I02.D08,3.39428571428571,Provide information to the general public.,4.A.4.a.3.I02.D08,Provide,0.810451727192205,0.757307351638618,0.310008857395926,0.49955713020372,Not Community,Others
4.A.4.a.3.I02.D09,0.0497105694530605,0.0742790497603115,0.0129411813038959,0.0307096286497213,0.00605975949944332,Present social services program information to the public.,4.A.4.a.3.I02.D09,6.4300160495144,Present social services program information to the public.,4.A.4.a.3.I02.D09,3.235,Present social services program information to the public.,4.A.4.a.3.I02.D09,Present,0.737821080602303,0.802480070859167,0.16474756421612,0.603188662533215,Community,Nonprofit
4.A.4.a.3.I02.D10,0.0254715314552872,0.00953432579012953,0.00585434392319101,0.00534080498256022,0.014276382549536,"Inform viewers, listeners, or audiences.",4.A.4.a.3.I02.D10,6.36705283673799,"Inform viewers, listeners, or audiences.",4.A.4.a.3.I02.D10,3.33055555555556,"Inform viewers, listeners, or audiences.",4.A.4.a.3.I02.D10,Inform,0.612046058458813,0.441098317094774,0.248007085916741,0.496899911426041,Not Community,Others
4.A.4.a.3.I03.D01,0.0105789021769943,0.0302659411709926,0,0.00462185046567711,0.00595705171131717,Present food or beverage information or menus to customers.,4.A.4.a.3.I03.D01,5.67531910352175,Present food or beverage information or menus to customers.,4.A.4.a.3.I03.D01,2.84555555555556,Present food or beverage information or menus to customers.,4.A.4.a.3.I03.D01,Present,0.404782993799823,0.664304694419841,0.0132860938883968,0.0646589902568645,Not Community,Others
4.A.4.a.3.I03.D02,0.0839122628990711,0.026274828049543,0.0275256872178104,0.0437535177417433,0.0126330579395174,Present business-related information to audiences.,4.A.4.a.3.I03.D02,6.64348747099957,Present business-related information to audiences.,4.A.4.a.3.I03.D02,3.53111111111111,Present business-related information to audiences.,4.A.4.a.3.I03.D02,Present,0.812223206377325,0.631532329495128,0.505757307351639,0.954827280779451,Not Community,Others
4.A.4.a.3.I03.D03,0.107021515227457,0.148336371013876,0.0446778878348787,0.055256790011873,0.00708683738070491,Provide attraction or event information to patrons.,4.A.4.a.3.I03.D03,6.0665265052669,Provide attraction or event information to patrons.,4.A.4.a.3.I03.D03,3.38631578947368,Provide attraction or event information to patrons.,4.A.4.a.3.I03.D03,Provide,0.849424269264836,0.880425155004429,0.302922940655447,0.243578387953942,Not Community,Others
4.A.4.a.3.I03.D04,0.061727380663821,0.060310153835238,0.00975723987198501,0.0207469732014839,0.0312231675903521,Discuss account status or activity with customers or patrons.,4.A.4.a.3.I03.D04,6.43782927618915,Discuss account status or activity with customers or patrons.,4.A.4.a.3.I03.D04,3.46604166666667,Discuss account status or activity with customers or patrons.,4.A.4.a.3.I03.D04,Discuss,0.764393268379097,0.781222320637733,0.403897254207263,0.616474756421612,Not Community,Others
4.A.4.a.3.I03.D05,0.00451914267755095,0.0130819818980847,0,0,0.00451914267755095,Provide customer service to clients or users.,4.A.4.a.3.I03.D05,6.56320035443933,Provide customer service to clients or users.,4.A.4.a.3.I03.D05,3.45285714285714,Provide customer service to clients or users.,4.A.4.a.3.I03.D05,Provide,0.226749335695306,0.495128432240921,0.379982285208149,0.83436669619132,Not Community,Others
4.A.4.a.3.I03.D06,0.284500573109458,0.105210176451546,0.117805832980703,0.146461305867901,0.0202334342608531,Inform individuals or organizations of status or findings.,4.A.4.a.3.I03.D06,6.40856502834521,Inform individuals or organizations of status or findings.,4.A.4.a.3.I03.D06,3.70760869565217,Inform individuals or organizations of status or findings.,4.A.4.a.3.I03.D06,Inform,0.923826395039858,0.847652790079717,0.732506643046944,0.569530558015943,Not Community,Others
4.A.4.a.3.I03.D07,0.00862745420259728,0.00886914026988794,0,0,0.00862745420259728,Provide notifications to customers or patrons.,4.A.4.a.3.I03.D07,6.24905879488021,Provide notifications to customers or patrons.,4.A.4.a.3.I03.D07,3.57625,Provide notifications to customers or patrons.,4.A.4.a.3.I03.D07,Provide,0.351638618246236,0.424269264836138,0.572187776793623,0.368467670504872,Not Community,Others
4.A.4.a.3.I03.D08,0.00246498691502779,0.00643012669566876,0,0,0.00246498691502779,Provide customers with general information or assistance.,4.A.4.a.3.I03.D08,5.6775150469489,Provide customers with general information or assistance.,4.A.4.a.3.I03.D08,2.93166666666667,Provide customers with general information or assistance.,4.A.4.a.3.I03.D08,Provide,0.122232063773251,0.369353410097431,0.0256864481842338,0.0664304694419841,Not Community,Others
4.A.4.a.3.I03.D09,0.00225957133877548,0.00720617646928395,0,0,0.00225957133877548,"Provide basic information to guests, visitors, or clients.",4.A.4.a.3.I03.D09,6.2676871460205,"Provide basic information to guests, visitors, or clients.",4.A.4.a.3.I03.D09,3.203,"Provide basic information to guests, visitors, or clients.",4.A.4.a.3.I03.D09,Provide,0.102745792736935,0.386182462356067,0.139946855624446,0.389725420726306,Community,Nonprofit
4.A.4.a.3.I03.D10,0.0200280186846008,0.0140797601784471,0.00739496074508338,0.0124276423632651,0.000205415576252316,Provide patrons with directions to locales or attractions.,4.A.4.a.3.I03.D10,5.92814295964357,Provide patrons with directions to locales or attractions.,4.A.4.a.3.I03.D10,3.3225,Provide patrons with directions to locales or attractions.,4.A.4.a.3.I03.D10,Provide,0.571302037201063,0.512843224092117,0.239149689991143,0.192205491585474,Not Community,Others
4.A.4.a.3.I03.D11,0.0520728485799621,0.0529931131125804,0.00400560373692016,0.00410831152504632,0.0439589333179956,Answer telephones to direct calls or provide information.,4.A.4.a.3.I03.D11,6.46870585267808,Answer telephones to direct calls or provide information.,4.A.4.a.3.I03.D11,3.565,Answer telephones to direct calls or provide information.,4.A.4.a.3.I03.D11,Answer,0.743135518157662,0.753764393268379,0.553587245349867,0.66873339238264,Not Community,Others
4.A.4.a.3.I03.D12,0.027320271641558,0.0655207737437972,0,0.0133520124564005,0.0139682591851575,Provide transportation information to passengers or customers.,4.A.4.a.3.I03.D12,5.7606216232716,Provide transportation information to passengers or customers.,4.A.4.a.3.I03.D12,3.70722222222222,Provide transportation information to passengers or customers.,4.A.4.a.3.I03.D12,Provide,0.62444641275465,0.79007971656333,0.731620903454385,0.119574844995571,Not Community,Others
4.A.4.a.4.I01.D02,0.0100653632363635,0.0178491447931495,0,0.00380018816066785,0.00626517507569564,Develop business relationships.,4.A.4.a.4.I01.D02,6.62732612241436,Develop business relationships.,4.A.4.a.4.I01.D02,3.40566666666667,Develop business relationships.,4.A.4.a.4.I01.D02,Develop,0.391496899911426,0.550930026572188,0.325952170062002,0.936226749335695,Community,Nonprofit
4.A.4.a.4.I01.D03,0.00369748037254169,0,0,0,0.00369748037254169,Develop working relationships with others to facilitate program activities.,4.A.4.a.4.I01.D03,6.31818208752322,Develop working relationships with others to facilitate program activities.,4.A.4.a.4.I01.D03,3.25272727272727,Develop working relationships with others to facilitate program activities.,4.A.4.a.4.I01.D03,Develop,0.193976970770593,0.163861824623561,0.174490699734278,0.434898139946856,Community,Nonprofit
4.A.4.a.4.I01.D04,0.0203361420489793,0.0258313710360486,0,0.00883286977884959,0.0115032722701297,Establish interpersonal business relationships to facilitate work activities.,4.A.4.a.4.I01.D04,6.51045683943791,Establish interpersonal business relationships to facilitate work activities.,4.A.4.a.4.I01.D04,3.61461538461538,Establish interpersonal business relationships to facilitate work activities.,4.A.4.a.4.I01.D04,Establish,0.573959255978742,0.629760850310009,0.614703277236492,0.734278122232064,Community,Nonprofit
4.A.4.a.4.I01.D05,0.0063678828638218,0.00465629864169117,0.00174603239814469,0.00359477258441553,0.00102707788126158,Develop professional relationships or networks.,4.A.4.a.4.I01.D05,6.5286056519526,Develop professional relationships or networks.,4.A.4.a.4.I01.D05,3.79727272727273,Develop professional relationships or networks.,4.A.4.a.4.I01.D05,Develop,0.29317980513729,0.317094774136404,0.825509300265722,0.770593445527015,Not Community,Others
4.A.4.a.5.I01.D01,0.0421101931317248,0.0433479230690773,0,0.0107843177532466,0.0313258753784782,Refer customers to appropriate personnel.,4.A.4.a.5.I01.D01,6.35051025942695,Refer customers to appropriate personnel.,4.A.4.a.5.I01.D01,3.461,Refer customers to appropriate personnel.,4.A.4.a.5.I01.D01,Refer,0.701505757307352,0.720992028343667,0.394154118689105,0.467670504871568,Not Community,Others
4.A.4.a.5.I01.D02,0.0416993619792202,0.0458978008966701,0.00277311027940627,0.0311204598022259,0.00780579189758801,Refer patients to other healthcare practitioners or health resources.,4.A.4.a.5.I01.D02,6.24856870982405,Refer patients to other healthcare practitioners or health resources.,4.A.4.a.5.I01.D02,4.24133802816902,Refer patients to other healthcare practitioners or health resources.,4.A.4.a.5.I01.D02,Refer,0.697962798937112,0.732506643046944,0.963684676705049,0.366696191319752,Not Community,Others
4.A.4.a.5.I01.D03,0.0140709669732837,0.0195121085937535,0.00205415576252316,0.0083193308382188,0.00369748037254169,Help clients get needed services or resources.,4.A.4.a.5.I01.D03,6.35391647210409,Help clients get needed services or resources.,4.A.4.a.5.I01.D03,3.402,Help clients get needed services or resources.,4.A.4.a.5.I01.D03,Help,0.482728077945084,0.566873339238264,0.317980513728964,0.475642161204606,Community,Nonprofit
4.A.4.a.5.I01.D06,0.0262931937602965,0.0515518778187236,0.0044164348894248,0.017563031769573,0.00431372710129864,Refer clients to community or social service programs.,4.A.4.a.5.I01.D06,6.42277605516337,Refer clients to community or social service programs.,4.A.4.a.5.I01.D06,3.32111111111111,Refer clients to community or social service programs.,4.A.4.a.5.I01.D06,Refer,0.616474756421612,0.75022143489814,0.236492471213463,0.590788308237378,Community,Nonprofit
4.A.4.a.5.I02.D03,0.00821662305009264,0.00221728506747198,0,0.00359477258441553,0.00462185046567711,Administer therapy treatments to patients using hands or physical treatment aids.,4.A.4.a.5.I02.D03,5.55086052987859,Administer therapy treatments to patients using hands or physical treatment aids.,4.A.4.a.5.I02.D03,3.15352941176471,Administer therapy treatments to patients using hands or physical treatment aids.,4.A.4.a.5.I02.D03,Administer,0.341009743135518,0.214348981399469,0.116917626217892,0.0177147918511958,Not Community,Others
4.A.4.a.5.I03.D02,0.0122222267870128,0.0209533438876103,0,0.00811391526196648,0.00410831152504632,Administer basic health care or medical treatments.,4.A.4.a.5.I03.D02,5.86603860992652,Administer basic health care or medical treatments.,4.A.4.a.5.I03.D02,3.86958333333333,Administer basic health care or medical treatments.,4.A.4.a.5.I03.D02,Administer,0.442869796279894,0.58281665190434,0.872453498671391,0.170947741364039,Not Community,Others
4.A.4.a.5.I03.D04,0.00308123364378474,0.00554321266867996,0,0.00225957133877548,0.000821662305009264,Care for women during pregnancy and childbirth.,4.A.4.a.5.I03.D04,6.1585278428768,Care for women during pregnancy and childbirth.,4.A.4.a.5.I03.D04,4.43411764705882,Care for women during pregnancy and childbirth.,4.A.4.a.5.I03.D04,Care,0.156775907883082,0.348095659875996,0.992914083259522,0.297608503100089,Not Community,Others
4.A.4.a.5.I03.D06,0.0222875900233763,0.029046434383883,0.00256769470315395,0.01817927849833,0.00154061682189237,Administer non-intravenous medications.,4.A.4.a.5.I03.D06,6.17664345577752,Administer non-intravenous medications.,4.A.4.a.5.I03.D06,4.43111111111111,Administer non-intravenous medications.,4.A.4.a.5.I03.D06,Administer,0.588131089459699,0.653675819309123,0.991142604074402,0.310008857395926,Not Community,Others
4.A.4.a.5.I03.D11,0.00205415576252316,0.00343679185458158,0,0,0.00205415576252316,"Apply bandages, dressings, or splints.",4.A.4.a.5.I03.D11,5.84996093563553,"Apply bandages, dressings, or splints.",4.A.4.a.5.I03.D11,4.28190476190476,"Apply bandages, dressings, or splints.",4.A.4.a.5.I03.D11,Apply,0.0814880425155005,0.278122232063773,0.968999114260407,0.162976085031001,Not Community,Others
4.A.4.a.5.I04.D01,0.00205415576252316,0,0,0,0.00205415576252316,Care for plants or animals.,4.A.4.a.5.I04.D01,6.15692413689171,Care for plants or animals.,4.A.4.a.5.I04.D01,3.6725,Care for plants or animals.,4.A.4.a.5.I04.D01,Care,0.0814880425155005,0.163861824623561,0.687333923826395,0.295837023914969,Not Community,Others
4.A.4.a.5.I07.D03,0.00801120747384033,0.0177382805397759,0,0.00246498691502779,0.00554622055881253,Treat medical emergencies.,4.A.4.a.5.I07.D03,6.02609877449359,Treat medical emergencies.,4.A.4.a.5.I07.D03,4.34575757575758,Treat medical emergencies.,4.A.4.a.5.I07.D03,Treat,0.335695305580159,0.550044286979628,0.980513728963685,0.229406554472985,Not Community,Others
4.A.4.a.5.I08.D01,0.014276382549536,0.0363634751065406,0.00267040249128011,0.00246498691502779,0.00914099314322806,Assist individuals with paperwork.,4.A.4.a.5.I08.D01,6.25253456710334,Assist individuals with paperwork.,4.A.4.a.5.I08.D01,3.47363636363636,Assist individuals with paperwork.,4.A.4.a.5.I08.D01,Assist,0.485385296722764,0.692648361381754,0.414526129317981,0.370239149689991,Not Community,Others
4.A.4.a.5.I09.D01,0.00338935700816322,0.00321506334783438,0,0,0.00338935700816322,Feed patients.,4.A.4.a.5.I09.D01,5.71761418272265,Feed patients.,4.A.4.a.5.I09.D01,3.79409090909091,Feed patients.,4.A.4.a.5.I09.D01,Feed,0.178033658104517,0.268379096545616,0.821080602302923,0.0974313551815766,Not Community,Others
4.A.4.a.5.I09.D03,0.001951447974397,0.00587580542880076,0,0,0.001951447974397,Assist clients in handling details of daily life.,4.A.4.a.5.I09.D03,6.35753214631492,Assist clients in handling details of daily life.,4.A.4.a.5.I09.D03,3.24571428571429,Assist clients in handling details of daily life.,4.A.4.a.5.I09.D03,Assist,0.0673162090345439,0.355181576616475,0.170062001771479,0.480070859167405,Community,Nonprofit
4.A.4.a.5.I09.D04,0.00472455825380327,0.00376938461470237,0,0.001951447974397,0.00277311027940627,Develop daily schedules for children or families.,4.A.4.a.5.I09.D04,5.8817241169551,Develop daily schedules for children or families.,4.A.4.a.5.I09.D04,3.34333333333333,Develop daily schedules for children or families.,4.A.4.a.5.I09.D04,Develop,0.232063773250664,0.289636846767051,0.259521700620018,0.176262178919398,Not Community,Others
4.A.4.a.5.I09.D07,0.0324556610478659,0.219732950186474,0.0152007526426714,0.0164332461001853,0.000821662305009264,Assist individuals with special needs.,4.A.4.a.5.I09.D07,5.88891372919932,Assist individuals with special needs.,4.A.4.a.5.I09.D07,3.398125,Assist individuals with special needs.,4.A.4.a.5.I09.D07,Assist,0.656333038086802,0.909654561558902,0.313551815766165,0.177147918511958,Not Community,Others
4.A.4.a.5.I10.D01,0.0411858230385894,0.0241684072354446,0.0161251227358068,0.0230065445402594,0.00205415576252316,Assist motorists or pedestrians.,4.A.4.a.5.I10.D01,5.75611520399497,Assist motorists or pedestrians.,4.A.4.a.5.I10.D01,3.95166666666667,Assist motorists or pedestrians.,4.A.4.a.5.I10.D01,Assist,0.695305580159433,0.614703277236492,0.899025686448184,0.116917626217892,Not Community,Others
4.A.4.a.5.I10.D02,0.203464128277919,0.265076429816276,0.00862745420259728,0.027320271641558,0.167516402433764,"Greet customers, patrons, or visitors.",4.A.4.a.5.I10.D02,6.17389041944571,"Greet customers, patrons, or visitors.",4.A.4.a.5.I10.D02,3.25903225806452,"Greet customers, patrons, or visitors.",4.A.4.a.5.I10.D02,Greet,0.905225863596103,0.930026572187777,0.184233835252436,0.309123117803366,Not Community,Others
4.A.4.a.5.I10.D03,0.00174603239814469,0.00920173303000874,0,0,0.00174603239814469,Assist customers to ensure comfort or safety.,4.A.4.a.5.I10.D03,5.72164393035894,Assist customers to ensure comfort or safety.,4.A.4.a.5.I10.D03,3.64547619047619,Assist customers to ensure comfort or safety.,4.A.4.a.5.I10.D03,Assist,0.0531443755535872,0.435783879539415,0.651018600531444,0.102745792736935,Not Community,Others
4.A.4.a.5.I10.D05,0.0145845059139144,0.0522170633389652,0.00380018816066785,0.00256769470315395,0.00821662305009264,"Make travel, accommodations, or entertainment arrangements for others.",4.A.4.a.5.I10.D05,6.31752165112881,"Make travel, accommodations, or entertainment arrangements for others.",4.A.4.a.5.I10.D05,3.67375,"Make travel, accommodations, or entertainment arrangements for others.",4.A.4.a.5.I10.D05,Make,0.490699734278122,0.75199291408326,0.688219663418955,0.434012400354296,Not Community,Others
4.A.4.a.5.I10.D07,0.333184064681257,0.100775606316602,0.0610084261469379,0.237973945088308,0.0342016934460106,Help patrons use library or archival resources.,4.A.4.a.5.I10.D07,6.40327343598335,Help patrons use library or archival resources.,4.A.4.a.5.I10.D07,3.103,Help patrons use library or archival resources.,4.A.4.a.5.I10.D07,Help,0.940655447298494,0.837023914968999,0.0770593445527015,0.557130203720106,Not Community,Others
4.A.4.a.5.I10.D09,0.0104761943888681,0.0124167963778431,0.00174603239814469,0.00431372710129864,0.0044164348894248,Arrange services or reservations for patrons.,4.A.4.a.5.I10.D09,6.32196490210705,Arrange services or reservations for patrons.,4.A.4.a.5.I10.D09,3.20575,Arrange services or reservations for patrons.,4.A.4.a.5.I10.D09,Arrange,0.400354295837024,0.485385296722764,0.142604074402126,0.439326837909655,Not Community,Others
4.A.4.a.5.I11.D05,0.00215686355064932,0.00266074208096638,0,0.00174603239814469,0.000410831152504632,Assist healthcare practitioners during examinations or treatments.,4.A.4.a.5.I11.D05,5.97398202586458,Assist healthcare practitioners during examinations or treatments.,4.A.4.a.5.I11.D05,4.34266666666667,Assist healthcare practitioners during examinations or treatments.,4.A.4.a.5.I11.D05,Assist,0.0965456155890168,0.246235606731621,0.979627989371125,0.20814880425155,Not Community,Others
4.A.4.a.5.I11.D06,0.00359477258441553,0.00665185520241595,0,0,0.00359477258441553,Assist healthcare practitioners during surgery.,4.A.4.a.5.I11.D06,5.89266685652992,Assist healthcare practitioners during surgery.,4.A.4.a.5.I11.D06,4.39740740740741,Assist healthcare practitioners during surgery.,4.A.4.a.5.I11.D06,Assist,0.186005314437555,0.377325066430469,0.984942426926484,0.178033658104517,Not Community,Others
4.A.4.a.5.I12.D02,0.0180765707102038,0.0538800271395692,0,0.0109897333294989,0.00708683738070491,"Treat acute illnesses, infections, or injuries.",4.A.4.a.5.I12.D02,6.12744437650669,"Treat acute illnesses, infections, or injuries.",4.A.4.a.5.I12.D02,4.42545454545455,"Treat acute illnesses, infections, or injuries.",4.A.4.a.5.I12.D02,Treat,0.54207263064659,0.756421612046059,0.990256864481842,0.279007971656333,Not Community,Others
4.A.4.a.5.I12.D07,0.0339962778697583,0.0466738506702853,0.00154061682189237,0.0248552847265302,0.0076003763213357,Treat chronic diseases or disorders.,4.A.4.a.5.I12.D07,6.25879600508345,Treat chronic diseases or disorders.,4.A.4.a.5.I12.D07,4.47176470588235,Treat chronic diseases or disorders.,4.A.4.a.5.I12.D07,Treat,0.663418954827281,0.734278122232064,0.996457041629761,0.379096545615589,Not Community,Others
4.A.4.a.5.I12.D08,0.0218767588708717,0.021840257914599,0.00267040249128011,0.0160224149476807,0.0031839414319109,Treat patients using alternative medical procedures.,4.A.4.a.5.I12.D08,6.15110471133624,Treat patients using alternative medical procedures.,4.A.4.a.5.I12.D08,3.85277777777778,Treat patients using alternative medical procedures.,4.A.4.a.5.I12.D08,Treat,0.58281665190434,0.594331266607617,0.861824623560673,0.29317980513729,Not Community,Others
4.A.4.a.6.I02.D03,0.031223167590352,0.0205098868741159,0.00944911650760654,0.0197198953202223,0.00205415576252316,Customize financial products or services to meet customer needs.,4.A.4.a.6.I02.D03,6.63908360974708,Customize financial products or services to meet customer needs.,4.A.4.a.6.I02.D03,3.57375,Customize financial products or services to meet customer needs.,4.A.4.a.6.I02.D03,Customize,0.650132860938884,0.575730735163862,0.568644818423384,0.948627103631532,Not Community,Others
4.A.4.a.6.I02.D04,0.00698412959257875,0.0160753167391719,0,0,0.00698412959257875,Contract real estate to clients.,4.A.4.a.6.I02.D04,6.52801177149368,Contract real estate to clients.,4.A.4.a.6.I02.D04,3.5275,Contract real estate to clients.,4.A.4.a.6.I02.D04,Contract,0.311780336581045,0.530558015943313,0.49867139061116,0.768821966341896,Not Community,Others
4.A.4.a.6.I02.D05,0.0158169993714283,0.0211750723943575,0.00472455825380327,0.00410831152504632,0.00698412959257875,Sell products or services.,4.A.4.a.6.I02.D05,6.08855572985283,Sell products or services.,4.A.4.a.6.I02.D05,3.33513513513513,Sell products or services.,4.A.4.a.6.I02.D05,Sell,0.505757307351639,0.587245349867139,0.25066430469442,0.255978742249779,Not Community,Others
4.A.4.a.6.I03.D01,0.0410831152504632,0.0528822488592068,0.0144817981257883,0.0233146679046379,0.00328664922003706,Perform marketing activities.,4.A.4.a.6.I03.D01,6.54371496559963,Perform marketing activities.,4.A.4.a.6.I03.D01,3.58071428571429,Perform marketing activities.,4.A.4.a.6.I03.D01,Perform,0.693534100974314,0.752878653675819,0.574844995571302,0.802480070859167,Not Community,Others
4.A.4.a.6.I03.D02,0.00790849968571417,0.105210176451546,0,0.001951447974397,0.00595705171131717,Demonstrate products to consumers.,4.A.4.a.6.I03.D02,6.22768898563684,Demonstrate products to consumers.,4.A.4.a.6.I03.D02,2.70125,Demonstrate products to consumers.,4.A.4.a.6.I03.D02,Demonstrate,0.3348095659876,0.847652790079717,0.00265721877767936,0.351638618246236,Not Community,Others
4.A.4.a.6.I03.D03,0.00421101931317248,0,0,0,0.00421101931317248,Promote environmental sustainability or conservation initiatives.,4.A.4.a.6.I03.D03,6.6579388350232,Promote environmental sustainability or conservation initiatives.,4.A.4.a.6.I03.D03,3.12388888888889,Promote environmental sustainability or conservation initiatives.,4.A.4.a.6.I03.D03,Promote,0.211691762621789,0.163861824623561,0.104517271922055,0.968999114260407,Not Community,Others
4.A.4.a.6.I03.D04,0.0324556610478659,0.0552103981800524,0.0107843177532466,0.0160224149476807,0.00564892834693869,"Market products, services, or events.",4.A.4.a.6.I03.D04,6.51358966091178,"Market products, services, or events.",4.A.4.a.6.I03.D04,3.32692307692308,"Market products, services, or events.",4.A.4.a.6.I03.D04,Market,0.656333038086802,0.760850310008857,0.242692648361382,0.744021257750221,Not Community,Others
4.A.4.a.6.I03.D05,0.0434453943773648,0.142017108571581,0.0173576161933207,0.0205415576252316,0.00554622055881253,Contact current or potential customers to promote products or services.,4.A.4.a.6.I03.D05,6.52966867051273,Contact current or potential customers to promote products or services.,4.A.4.a.6.I03.D05,3.26875,Contact current or potential customers to promote products or services.,4.A.4.a.6.I03.D05,Contact,0.712134632418069,0.87688219663419,0.187776793622675,0.772364924712135,Not Community,Others
4.A.4.a.6.I03.D06,0.0127357657276436,0.0131928461514583,0.00616246728756948,0.00184874018627084,0.00472455825380327,Promote educational institutions or programs.,4.A.4.a.6.I03.D06,6.5799749294299,Promote educational institutions or programs.,4.A.4.a.6.I03.D06,3.13521428571429,Promote educational institutions or programs.,4.A.4.a.6.I03.D06,Promote,0.454384410983171,0.497785651018601,0.108060230292294,0.865367581930912,Community,Nonprofit
4.A.4.a.6.I03.D07,0.00985994766011117,0.0199555656072479,0.00338935700816322,0.00184874018627084,0.00462185046567711,Deliver promotional presentations to current or prospective customers.,4.A.4.a.6.I03.D07,6.41534666507008,Deliver promotional presentations to current or prospective customers.,4.A.4.a.6.I03.D07,3.25384615384615,Deliver promotional presentations to current or prospective customers.,4.A.4.a.6.I03.D07,Deliver,0.383525243578388,0.572187776793623,0.177147918511958,0.578387953941541,Not Community,Others
4.A.4.a.6.I03.D09,0.00431372710129864,0.0211750723943575,0.001951447974397,0.00154061682189237,0.000821662305009264,Distribute promotional literature or samples to customers.,4.A.4.a.6.I03.D09,6.37411837397112,Distribute promotional literature or samples to customers.,4.A.4.a.6.I03.D09,2.96461538461539,Distribute promotional literature or samples to customers.,4.A.4.a.6.I03.D09,Distribute,0.216120460584588,0.587245349867139,0.029229406554473,0.507528786536758,Not Community,Others
4.A.4.a.6.I03.D10,0.00349206479628937,0,0,0,0.00349206479628937,"Promote products, activities, or organizations.",4.A.4.a.6.I03.D10,6.09111795883714,"Promote products, activities, or organizations.",4.A.4.a.6.I03.D10,3.25375,"Promote products, activities, or organizations.",4.A.4.a.6.I03.D10,Promote,0.180690876882197,0.163861824623561,0.176262178919398,0.258635961027458,Not Community,Others
4.A.4.a.6.I03.D11,0.00369748037254169,0,0,0,0.00369748037254169,"Model cosmetics, clothing, or accessories.",4.A.4.a.6.I03.D11,5.5810923466468,"Model cosmetics, clothing, or accessories.",4.A.4.a.6.I03.D11,2.12545454545455,"Model cosmetics, clothing, or accessories.",4.A.4.a.6.I03.D11,Model,0.193976970770593,0.163861824623561,0.000885739592559787,0.0239149689991143,Not Community,Others
4.A.4.a.6.I03.D12,0.00698412959257875,0.0100886470569975,0,0.00164332461001853,0.00534080498256022,"Promote products, services, or programs.",4.A.4.a.6.I03.D12,6.25294965046479,"Promote products, services, or programs.",4.A.4.a.6.I03.D12,3.36457142857143,"Promote products, services, or programs.",4.A.4.a.6.I03.D12,Promote,0.314437555358725,0.453498671390611,0.280779450841453,0.371124889282551,Community,Nonprofit
4.A.4.a.7.I01.D02,0.031223167590352,0.0252770497691806,0.00544351277068638,0.0232119601165117,0.00256769470315395,Arbitrate disputes between parties to resolve legal conflicts.,4.A.4.a.7.I01.D02,6.68092426875121,Arbitrate disputes between parties to resolve legal conflicts.,4.A.4.a.7.I01.D02,3.89888888888889,Arbitrate disputes between parties to resolve legal conflicts.,4.A.4.a.7.I01.D02,Arbitrate,0.651018600531444,0.62444641275465,0.881310894596989,0.994685562444641,Not Community,Others
4.A.4.a.7.I01.D03,0.0268067327009272,0.00177382805397759,0.00523809719443406,0.0121195189988866,0.00944911650760654,Mediate disputes.,4.A.4.a.7.I01.D03,6.24287275277465,Mediate disputes.,4.A.4.a.7.I01.D03,3.08666666666667,Mediate disputes.,4.A.4.a.7.I01.D03,Mediate,0.619131975199291,0.185119574844996,0.0664304694419841,0.362267493356953,Not Community,Others
4.A.4.a.7.I02.D01,0.00595705171131717,0.0136363031649527,0.00154061682189237,0.00349206479628937,0.000924370093135422,Negotiate sales or lease agreements for products or services.,4.A.4.a.7.I02.D01,6.43464136573072,Negotiate sales or lease agreements for products or services.,4.A.4.a.7.I02.D01,3.38095238095238,Negotiate sales or lease agreements for products or services.,4.A.4.a.7.I02.D01,Negotiate,0.282550930026572,0.503985828166519,0.294065544729849,0.614703277236492,Not Community,Others
4.A.4.a.7.I02.D02,0.00246498691502779,0.00277160633433998,0,0,0.00246498691502779,Arrange collective bargaining agreements.,4.A.4.a.7.I02.D02,6.62421825733237,Arrange collective bargaining agreements.,4.A.4.a.7.I02.D02,3.53217391304348,Arrange collective bargaining agreements.,4.A.4.a.7.I02.D02,Arrange,0.122232063773251,0.255093002657219,0.508414526129318,0.929140832595217,Not Community,Others
4.A.4.a.7.I02.D04,0.00174603239814469,0,0,0,0.00174603239814469,"Negotiate contracts for transportation, distribution, or logistics services.",4.A.4.a.7.I02.D04,6.45352659266537,"Negotiate contracts for transportation, distribution, or logistics services.",4.A.4.a.7.I02.D04,3.52727272727273,"Negotiate contracts for transportation, distribution, or logistics services.",4.A.4.a.7.I02.D04,Negotiate,0.0531443755535872,0.163861824623561,0.497785651018601,0.645704162976085,Not Community,Others
4.A.4.a.7.I02.D07,0.0163305383120591,0.0216185294078519,0.00462185046567711,0.00472455825380327,0.00698412959257875,Negotiate prices or other sales terms.,4.A.4.a.7.I02.D07,6.50232651231399,Negotiate prices or other sales terms.,4.A.4.a.7.I02.D07,3.65125,Negotiate prices or other sales terms.,4.A.4.a.7.I02.D07,Negotiate,0.516386182462356,0.589902568644818,0.660761736049602,0.716563330380868,Not Community,Others
4.A.4.a.7.I02.D10,0.0427264398604817,0.118513886856378,0.0127357657276436,0.0213632199302409,0.00862745420259728,Negotiate contracts with clients or service providers.,4.A.4.a.7.I02.D10,6.50495650766201,Negotiate contracts with clients or service providers.,4.A.4.a.7.I02.D10,3.64233333333333,Negotiate contracts with clients or service providers.,4.A.4.a.7.I02.D10,Negotiate,0.70770593445527,0.860938883968113,0.649247121346324,0.722763507528787,Not Community,Others
4.A.4.a.7.I02.D11,0.0134547202445267,0.0252770497691806,0.00297852585565858,0.00585434392319101,0.00462185046567711,Negotiate project specifications.,4.A.4.a.7.I02.D11,6.524983172596,Negotiate project specifications.,4.A.4.a.7.I02.D11,3.31,Negotiate project specifications.,4.A.4.a.7.I02.D11,Negotiate,0.465899025686448,0.62444641275465,0.224977856510186,0.764393268379097,Not Community,Others
4.A.4.a.7.I02.D12,0.00503268161818174,0.0509975565518557,0.00205415576252316,0.00246498691502779,0.00051353894063079,Negotiate for services.,4.A.4.a.7.I02.D12,6.44529174976456,Negotiate for services.,4.A.4.a.7.I02.D12,3.631,Negotiate for services.,4.A.4.a.7.I02.D12,Negotiate,0.241806908768822,0.748449955713021,0.633303808680248,0.631532329495128,Not Community,Others
4.A.4.a.7.I03.D02,0.0284500573109458,0.00731704072265755,0.00914099314322806,0.0146872137020406,0.00462185046567711,Resolve operational performance problems.,4.A.4.a.7.I03.D02,6.42154340126805,Resolve operational performance problems.,4.A.4.a.7.I03.D02,3.750625,Resolve operational performance problems.,4.A.4.a.7.I03.D02,Resolve,0.632418069087688,0.387953941541187,0.782993799822852,0.586359610274579,Not Community,Others
4.A.4.a.7.I03.D04,0.0198226031083485,0.0227271719415878,0,0.011708687846382,0.00811391526196648,Resolve issues affecting transportation operations.,4.A.4.a.7.I03.D04,5.86994202421918,Resolve issues affecting transportation operations.,4.A.4.a.7.I03.D04,4.03791666666667,Resolve issues affecting transportation operations.,4.A.4.a.7.I03.D04,Resolve,0.570416297608503,0.601417183348096,0.920283436669619,0.173604960141718,Not Community,Others
4.A.4.a.8.I01.D03,0.0188982330152131,0.00764963348277835,0.00770308410946185,0.00811391526196648,0.00308123364378474,Perform music for the public.,4.A.4.a.8.I01.D03,6.09814945921792,Perform music for the public.,4.A.4.a.8.I01.D03,3.17891304347826,Perform music for the public.,4.A.4.a.8.I01.D03,Perform,0.553587245349867,0.395039858281665,0.128432240921169,0.261293179805137,Not Community,Others
4.A.4.a.8.I01.D04,0.0206442654133578,0.00177382805397759,0.00698412959257875,0.00575163613506485,0.00790849968571417,Collaborate with others to prepare or perform artistic productions.,4.A.4.a.8.I01.D04,6.3299140307406,Collaborate with others to prepare or perform artistic productions.,4.A.4.a.8.I01.D04,3.17033333333333,Collaborate with others to prepare or perform artistic productions.,4.A.4.a.8.I01.D04,Collaborate,0.576616474756422,0.185119574844996,0.12577502214349,0.444641275465013,Not Community,Others
4.A.4.a.8.I01.D05,0.14543422798664,0.0930151085804497,0.0938749183473084,0.0208496809896101,0.0307096286497213,Entertain public with comedic or dramatic performances.,4.A.4.a.8.I01.D05,6.06906051870368,Entertain public with comedic or dramatic performances.,4.A.4.a.8.I01.D05,2.70233333333333,Entertain public with comedic or dramatic performances.,4.A.4.a.8.I01.D05,Entertain,0.883082373782108,0.829052258635961,0.00354295837023915,0.245349867139061,Not Community,Others
4.A.4.a.8.I03.D01,0.0866853731784774,0.0352548325728046,0.0150980448545452,0.047450998114285,0.0241363302096471,Respond to customer problems or complaints.,4.A.4.a.8.I03.D01,6.39194416733968,Respond to customer problems or complaints.,4.A.4.a.8.I03.D01,3.54685185185185,Respond to customer problems or complaints.,4.A.4.a.8.I03.D01,Respond,0.820194862710363,0.685562444641275,0.529672276350753,0.538529672276351,Not Community,Others
4.A.4.a.8.I03.D02,0.0191036485914654,0.00953432579012953,0.00338935700816322,0.011708687846382,0.00400560373692016,Respond to customer inquiries.,4.A.4.a.8.I03.D02,5.99616854121087,Respond to customer inquiries.,4.A.4.a.8.I03.D02,3.32,Respond to customer inquiries.,4.A.4.a.8.I03.D02,Respond,0.558901682905226,0.441098317094774,0.234720992028344,0.217891939769708,Not Community,Others
4.A.4.a.8.I03.D03,0.440205579908713,2.32005623034931,0.0891503600935052,0.290457624820775,0.0605975949944332,Answer customer questions about goods or services.,4.A.4.a.8.I03.D03,6.20963817068998,Answer customer questions about goods or services.,4.A.4.a.8.I03.D03,2.97409090909091,Answer customer questions about goods or services.,4.A.4.a.8.I03.D03,Answer,0.95837023914969,0.993799822852082,0.0318866253321524,0.336581045172719,Not Community,Others
4.A.4.a.8.I03.D04,0.0095518242957327,0,0.00184874018627084,0.00174603239814469,0.00595705171131717,Communicate with customers to resolve complaints or ensure satisfaction.,4.A.4.a.8.I03.D04,5.80917644886273,Communicate with customers to resolve complaints or ensure satisfaction.,4.A.4.a.8.I03.D04,3.1075,Communicate with customers to resolve complaints or ensure satisfaction.,4.A.4.a.8.I03.D04,Communicate,0.372896368467671,0.163861824623561,0.0814880425155005,0.142604074402126,Not Community,Others
4.A.4.a.8.I03.D05,0.122530391234507,0.371506113054931,0.0281419339465673,0.0426237320723556,0.0517647252155837,Resolve customer complaints or problems.,4.A.4.a.8.I03.D05,6.26998055583757,Resolve customer complaints or problems.,4.A.4.a.8.I03.D05,3.31736842105263,Resolve customer complaints or problems.,4.A.4.a.8.I03.D05,Resolve,0.860053144375554,0.949512843224092,0.232949512843224,0.393268379096546,Community,Nonprofit
4.A.4.a.8.I03.D06,0.156732084680517,0.246894692263006,0.0406722840979586,0.098804892177364,0.0172549084051946,Correspond with customers to answer questions or resolve complaints.,4.A.4.a.8.I03.D06,6.53488143509536,Correspond with customers to answer questions or resolve complaints.,4.A.4.a.8.I03.D06,3.50672413793104,Correspond with customers to answer questions or resolve complaints.,4.A.4.a.8.I03.D06,Correspond,0.889282550930027,0.924712134632418,0.460584588131089,0.780336581045173,Not Community,Others
4.A.4.b.3.I01.D01,0.0190009408033392,0.0424610090420885,0.00472455825380327,0.0129411813038959,0.00133520124564005,Teach basic living or other adaptive skills to patients or caregivers.,4.A.4.b.3.I01.D01,5.80366602177647,Teach basic living or other adaptive skills to patients or caregivers.,4.A.4.b.3.I01.D01,3.61,Teach basic living or other adaptive skills to patients or caregivers.,4.A.4.b.3.I01.D01,Teach,0.556244464127547,0.717449069973428,0.609388839681134,0.139946855624446,Not Community,Others
4.A.4.b.3.I01.D02,0.794444741155832,1.9371310991969,0.173884285297586,0.591699567394796,0.0288608884634504,Teach life skills or strategies to clients or their families.,4.A.4.b.3.I01.D02,6.41931097921896,Teach life skills or strategies to clients or their families.,4.A.4.b.3.I01.D02,3.23,Teach life skills or strategies to clients or their families.,4.A.4.b.3.I01.D02,Teach,0.979627989371125,0.989371124889283,0.157661647475642,0.5837023914969,Community,Nonprofit
4.A.4.b.3.I01.D04,0.127768488428941,0.334144859668028,0.0395424984285708,0.0703548348664183,0.0178711551339515,Teach life skills.,4.A.4.b.3.I01.D04,6.3795295418764,Teach life skills.,4.A.4.b.3.I01.D04,3.09346153846154,Teach life skills.,4.A.4.b.3.I01.D04,Teach,0.868910540301151,0.944198405668733,0.070859167404783,0.515500442869796,Not Community,Others
4.A.4.b.3.I02.D01,0.0137628436089052,0.107316597265644,0.00225957133877548,0.0106816099651204,0.000821662305009264,Teach vocational courses.,4.A.4.b.3.I02.D01,6.28435081400901,Teach vocational courses.,4.A.4.b.3.I02.D01,3.33833333333333,Teach vocational courses.,4.A.4.b.3.I02.D01,Teach,0.478299379982285,0.849424269264836,0.253321523472099,0.403897254207263,Not Community,Others
4.A.4.b.3.I02.D02,0.00873016199072343,0.00498889140181197,0.00205415576252316,0.00215686355064932,0.00451914267755095,Teach classes in area of specialization.,4.A.4.b.3.I02.D02,6.18804513047253,Teach classes in area of specialization.,4.A.4.b.3.I02.D02,2.725,Teach classes in area of specialization.,4.A.4.b.3.I02.D02,Teach,0.354295837023915,0.325066430469442,0.00531443755535872,0.322409211691763,Not Community,Others
4.A.4.b.3.I02.D03,0.176349272212613,0.237027773712755,0.0321475376834875,0.136293234843412,0.00790849968571417,Teach social science courses at the college level.,4.A.4.b.3.I02.D03,6.63987972637169,Teach social science courses at the college level.,4.A.4.b.3.I02.D03,2.913,Teach social science courses at the college level.,4.A.4.b.3.I02.D03,Teach,0.897254207263065,0.920283436669619,0.0212577502214349,0.951284322409212,Not Community,Others
4.A.4.b.3.I02.D04,0.0712792049595537,0.156429461510149,0.0205415576252316,0.0430345632248602,0.00770308410946185,Lead classes or community events.,4.A.4.b.3.I02.D04,6.53388744770972,Lead classes or community events.,4.A.4.b.3.I02.D04,3.09894736842105,Lead classes or community events.,4.A.4.b.3.I02.D04,Lead,0.783879539415412,0.886625332152347,0.0735163861824624,0.778565101860053,Community,Nonprofit
4.A.4.b.3.I02.D05,0.0664519389176243,0.024057542982071,0.0127357657276436,0.0386181283354354,0.0150980448545452,Guide class discussions.,4.A.4.b.3.I02.D05,6.59221726594085,Guide class discussions.,4.A.4.b.3.I02.D05,3.113,Guide class discussions.,4.A.4.b.3.I02.D05,Guide,0.775022143489814,0.612931798051373,0.0903454384410983,0.895482728077945,Not Community,Others
4.A.4.b.3.I02.D06,0.0707656660189229,0.330597203560073,0.0135574280326529,0.0509430629105744,0.00626517507569564,Apply multiple teaching methods.,4.A.4.b.3.I02.D06,6.360987828987,Apply multiple teaching methods.,4.A.4.b.3.I02.D06,3.05653846153846,Apply multiple teaching methods.,4.A.4.b.3.I02.D06,Apply,0.782993799822852,0.943312666076174,0.0513728963684677,0.483613817537644,Not Community,Others
4.A.4.b.3.I02.D08,0.0746685619677169,0.113081538441071,0.00657329844007411,0.0592623937487932,0.00883286977884959,Instruct college students in social sciences or humanities disciplines.,4.A.4.b.3.I02.D08,6.57427332837571,Instruct college students in social sciences or humanities disciplines.,4.A.4.b.3.I02.D08,3.29,Instruct college students in social sciences or humanities disciplines.,4.A.4.b.3.I02.D08,Instruct,0.79185119574845,0.856510186005315,0.20637732506643,0.852967227635075,Not Community,Others
4.A.4.b.3.I02.D09,0.0737441918745815,0.0383590316672653,0.0100653632363635,0.0586461470200362,0.00503268161818174,Instruct college students in physical or life sciences.,4.A.4.b.3.I02.D09,6.50662412197048,Instruct college students in physical or life sciences.,4.A.4.b.3.I02.D09,3.660625,Instruct college students in physical or life sciences.,4.A.4.b.3.I02.D09,Instruct,0.79007971656333,0.704162976085031,0.673162090345438,0.727192205491586,Not Community,Others
4.A.4.b.3.I02.D10,1.3283198238356,3.32725797224846,0.373240102050458,0.897357944858243,0.0577217769269008,Tutor students who need extra assistance.,4.A.4.b.3.I02.D10,6.52124041700922,Tutor students who need extra assistance.,4.A.4.b.3.I02.D10,2.8654347826087,Tutor students who need extra assistance.,4.A.4.b.3.I02.D10,Tutor,0.989371124889283,0.995571302037201,0.0159433126660762,0.755535872453499,Not Community,Others
4.A.4.b.3.I02.D11,0.430551047824854,0.710639864124771,0.117497709616325,0.283062664075692,0.0299906741328381,Teach humanities courses at the college level.,4.A.4.b.3.I02.D11,6.60340135786476,Teach humanities courses at the college level.,4.A.4.b.3.I02.D11,2.9505,Teach humanities courses at the college level.,4.A.4.b.3.I02.D11,Teach,0.956598759964571,0.972542072630647,0.0274579273693534,0.903454384410983,Not Community,Others
4.A.4.b.3.I02.D12,0.274948748813725,0.357426352876484,0.0538188809781068,0.206750777497956,0.0143790903376621,Teach physical science or mathematics courses at the college level.,4.A.4.b.3.I02.D12,6.53845555068854,Teach physical science or mathematics courses at the college level.,4.A.4.b.3.I02.D12,3.34566666666667,Teach physical science or mathematics courses at the college level.,4.A.4.b.3.I02.D12,Teach,0.922940655447299,0.945084145261293,0.263064658990257,0.789193976970771,Not Community,Others
4.A.4.b.3.I02.D13,0.00215686355064932,0,0,0,0.00215686355064932,Read to students.,4.A.4.b.3.I02.D13,6.30986783260206,Read to students.,4.A.4.b.3.I02.D13,2.86,Read to students.,4.A.4.b.3.I02.D13,Read,0.0965456155890168,0.163861824623561,0.0150575730735164,0.427812223206377,Not Community,Others
4.A.4.b.3.I03.D01,0.00205415576252316,0.00410197737482317,0,0,0.00205415576252316,Educate the public about fire safety or prevention.,4.A.4.b.3.I03.D01,5.80016026941569,Educate the public about fire safety or prevention.,4.A.4.b.3.I03.D01,3.841875,Educate the public about fire safety or prevention.,4.A.4.b.3.I03.D01,Educate,0.0814880425155005,0.298494242692648,0.855624446412755,0.138175376439327,Not Community,Others
4.A.4.b.3.I03.D02,0.00164332461001853,0.00177382805397759,0,0,0.00164332461001853,Teach safety standards or environmental compliance methods.,4.A.4.b.3.I03.D02,6.4130305716471,Teach safety standards or environmental compliance methods.,4.A.4.b.3.I03.D02,3.66944444444444,Teach safety standards or environmental compliance methods.,4.A.4.b.3.I03.D02,Teach,0.0380868024800709,0.185119574844996,0.683790965456156,0.576616474756422,Not Community,Others
4.A.4.b.3.I04.D01,0.00359477258441553,0,0,0.00164332461001853,0.001951447974397,Train personnel to enhance job skills.,4.A.4.b.3.I04.D01,6.59518920117966,Train personnel to enhance job skills.,4.A.4.b.3.I04.D01,3.40033333333333,Train personnel to enhance job skills.,4.A.4.b.3.I04.D01,Train,0.185119574844996,0.163861824623561,0.316209034543844,0.898139946855624,Not Community,Others
4.A.4.b.3.I04.D02,0.0378991738185523,0.0332592760120798,0.0101680710244896,0.0198226031083485,0.00790849968571417,Train personnel on proper operational procedures.,4.A.4.b.3.I04.D02,6.34954277372275,Train personnel on proper operational procedures.,4.A.4.b.3.I04.D02,3.69320512820513,Train personnel on proper operational procedures.,4.A.4.b.3.I04.D02,Train,0.679362267493357,0.676705048715678,0.712134632418069,0.466784765279008,Not Community,Others
4.A.4.b.3.I04.D03,0.00246498691502779,0.00177382805397759,0,0.00174603239814469,0.000718954516883106,Train others in operational procedures.,4.A.4.b.3.I04.D03,5.77006583146666,Train others in operational procedures.,4.A.4.b.3.I04.D03,3.7484375,Train others in operational procedures.,4.A.4.b.3.I04.D03,Train,0.122232063773251,0.185119574844996,0.780336581045173,0.12666076173605,Not Community,Others
4.A.4.b.3.I04.D04,0.00749766853320954,0.0422392805353413,0,0.00215686355064932,0.00534080498256022,Train personnel.,4.A.4.b.3.I04.D04,6.45326725547498,Train personnel.,4.A.4.b.3.I04.D04,3.5575,Train personnel.,4.A.4.b.3.I04.D04,Train,0.324180690876882,0.716563330380868,0.54295837023915,0.644818423383525,Not Community,Others
4.A.4.b.3.I04.D07,0.00852474641447112,0.0468955791770325,0,0.00349206479628937,0.00503268161818174,Train others on performance techniques.,4.A.4.b.3.I04.D07,5.60540272602382,Train others on performance techniques.,4.A.4.b.3.I04.D07,3.19566666666667,Train others on performance techniques.,4.A.4.b.3.I04.D07,Train,0.347209920283437,0.736049601417183,0.138175376439327,0.029229406554473,Not Community,Others
4.A.4.b.3.I04.D08,0.0110924411176251,0.00842568325639354,0.00451914267755095,0.0044164348894248,0.00215686355064932,Train staff members.,4.A.4.b.3.I04.D08,6.45942941313493,Train staff members.,4.A.4.b.3.I04.D08,3.21666666666667,Train staff members.,4.A.4.b.3.I04.D08,Train,0.413640389725421,0.4162976085031,0.150575730735164,0.650132860938884,Not Community,Others
4.A.4.b.3.I04.D12,0.035126063539146,0.0134145746582055,0.0122222267870128,0.0187955252270869,0.00410831152504632,Train personnel in organizational or compliance procedures.,4.A.4.b.3.I04.D12,6.66128171749421,Train personnel in organizational or compliance procedures.,4.A.4.b.3.I04.D12,3.34541666666667,Train personnel in organizational or compliance procedures.,4.A.4.b.3.I04.D12,Train,0.66607617360496,0.50044286979628,0.262178919397697,0.975199291408326,Not Community,Others
4.A.4.b.3.I04.D13,0.00338935700816322,0.00177382805397759,0,0,0.00338935700816322,Train construction or extraction personnel.,4.A.4.b.3.I04.D13,5.65542186519397,Train construction or extraction personnel.,4.A.4.b.3.I04.D13,3.75625,Train construction or extraction personnel.,4.A.4.b.3.I04.D13,Train,0.178033658104517,0.185119574844996,0.788308237378211,0.0504871567759079,Not Community,Others
4.A.4.b.3.I04.D15,0.0119141034226343,0.0390242171875069,0,0.00801120747384033,0.00390289594879401,Train personnel in technical or scientific procedures.,4.A.4.b.3.I04.D15,6.28294892496032,Train personnel in technical or scientific procedures.,4.A.4.b.3.I04.D15,3.66863636363636,Train personnel in technical or scientific procedures.,4.A.4.b.3.I04.D15,Train,0.436669619131975,0.705934455270151,0.682905225863596,0.403011514614703,Not Community,Others
4.A.4.b.3.I04.D16,0.0399533295810755,0.0588689185413812,0.0150980448545452,0.0225957133877548,0.00225957133877548,Conduct employee training programs.,4.A.4.b.3.I04.D16,6.43381997909788,Conduct employee training programs.,4.A.4.b.3.I04.D16,3.419,Conduct employee training programs.,4.A.4.b.3.I04.D16,Conduct,0.690876882196634,0.775022143489814,0.343666961913198,0.612046058458813,Not Community,Others
4.A.4.b.3.I04.D17,0.0130438890920221,0.030709398184487,0.00338935700816322,0.00647059065194796,0.0031839414319109,Train personnel on managerial topics.,4.A.4.b.3.I04.D17,6.6524131665847,Train personnel on managerial topics.,4.A.4.b.3.I04.D17,3.3275,Train personnel on managerial topics.,4.A.4.b.3.I04.D17,Train,0.45704162976085,0.66607617360496,0.244464127546501,0.962798937112489,Not Community,Others
4.A.4.b.3.I04.D18,0.00246498691502779,0.00376938461470237,0,0,0.00246498691502779,Train others on work processes.,4.A.4.b.3.I04.D18,6.20865694390274,Train others on work processes.,4.A.4.b.3.I04.D18,3.34964285714286,Train others on work processes.,4.A.4.b.3.I04.D18,Train,0.122232063773251,0.289636846767051,0.269264836138175,0.3348095659876,Not Community,Others
4.A.4.b.3.I04.D19,0.00164332461001853,0.00288247058771358,0,0,0.00164332461001853,Train transportation or material moving personnel.,4.A.4.b.3.I04.D19,6.1659771893427,Train transportation or material moving personnel.,4.A.4.b.3.I04.D19,4.07,Train transportation or material moving personnel.,4.A.4.b.3.I04.D19,Train,0.0380868024800709,0.260407440212578,0.927369353410097,0.303808680248007,Not Community,Others
4.A.4.b.3.I04.D21,0.0174603239814469,0.0210642081409839,0.00380018816066785,0.0112978566938774,0.00236227912690163,Train staff members in social services skills.,4.A.4.b.3.I04.D21,6.50618533196337,Train staff members in social services skills.,4.A.4.b.3.I04.D21,3.3025,Train staff members in social services skills.,4.A.4.b.3.I04.D21,Train,0.534986713906112,0.5837023914969,0.217006200177148,0.726306465899026,Community,Nonprofit
4.A.4.b.3.I05.D03,0.0159197071595545,0.0339244615323214,0.00256769470315395,0.0101680710244896,0.0031839414319109,Teach others to use computer equipment or hardware.,4.A.4.b.3.I05.D03,6.32967851376733,Teach others to use computer equipment or hardware.,4.A.4.b.3.I05.D03,3.52428571428571,Teach others to use computer equipment or hardware.,4.A.4.b.3.I05.D03,Teach,0.508414526129318,0.679362267493357,0.488928255093003,0.443755535872454,Not Community,Others
4.A.4.b.3.I05.D04,0.0095518242957327,0.0101995113103711,0.00174603239814469,0.00205415576252316,0.00575163613506485,Train others in computer interface or software use.,4.A.4.b.3.I05.D04,6.519794086293,Train others in computer interface or software use.,4.A.4.b.3.I05.D04,3.64051724137931,Train others in computer interface or software use.,4.A.4.b.3.I05.D04,Train,0.372896368467671,0.45704162976085,0.645704162976085,0.75022143489814,Not Community,Others
4.A.4.b.3.I05.D05,0.0122222267870128,0.0442348370960661,0,0.00729225295695722,0.00492997383005559,Teach others to use technology or equipment.,4.A.4.b.3.I05.D05,6.40877598053424,Teach others to use technology or equipment.,4.A.4.b.3.I05.D05,3.0184375,Teach others to use technology or equipment.,4.A.4.b.3.I05.D05,Teach,0.441098317094774,0.724534986713906,0.0389725420726306,0.570416297608503,Not Community,Others
4.A.4.b.3.I05.D07,0.0044164348894248,0.028492113117015,0,0,0.0044164348894248,Train customers in the use of products.,4.A.4.b.3.I05.D07,5.71616354998547,Train customers in the use of products.,4.A.4.b.3.I05.D07,3.39,Train customers in the use of products.,4.A.4.b.3.I05.D07,Train,0.221434898139947,0.646589902568645,0.305580159433127,0.0947741364038973,Not Community,Others
4.A.4.b.3.I06.D01,0.00626517507569564,0.0158535882324247,0,0.00462185046567711,0.00164332461001853,Teach exercise or fitness techniques.,4.A.4.b.3.I06.D01,5.08260862079098,Teach exercise or fitness techniques.,4.A.4.b.3.I06.D01,2.81,Teach exercise or fitness techniques.,4.A.4.b.3.I06.D01,Teach,0.29052258635961,0.527900797165633,0.00885739592559787,0.000885739592559787,Not Community,Others
4.A.4.b.3.I06.D03,0.00821662305009264,0.0211750723943575,0.0031839414319109,0.00297852585565858,0.00205415576252316,Teach physical education.,4.A.4.b.3.I06.D03,5.94544805630072,Teach physical education.,4.A.4.b.3.I06.D03,2.57416666666667,Teach physical education.,4.A.4.b.3.I06.D03,Teach,0.341009743135518,0.587245349867139,0.00177147918511957,0.198405668733392,Not Community,Others
4.A.4.b.3.I06.D04,0.0285527650990719,0.053103977365954,0.00328664922003706,0.0198226031083485,0.00544351277068638,Teach medical procedures or medical equipment use to patients.,4.A.4.b.3.I06.D04,5.72086537363428,Teach medical procedures or medical equipment use to patients.,4.A.4.b.3.I06.D04,3.4125,Teach medical procedures or medical equipment use to patients.,4.A.4.b.3.I06.D04,Teach,0.633303808680248,0.754650132860939,0.331266607617361,0.100974313551816,Not Community,Others
4.A.4.b.3.I06.D05,0.0361531414204076,0.0432370588157037,0.00472455825380327,0.0260877781840441,0.00534080498256022,"Train patients, family members, or caregivers in techniques for managing disabilities or illnesses.",4.A.4.b.3.I06.D05,6.16667082396899,"Train patients, family members, or caregivers in techniques for managing disabilities or illnesses.",4.A.4.b.3.I06.D05,3.62088235294118,"Train patients, family members, or caregivers in techniques for managing disabilities or illnesses.",4.A.4.b.3.I06.D05,Train,0.671390611160319,0.720106288751107,0.621789193976971,0.305580159433127,Not Community,Others
4.A.4.b.3.I06.D06,0.00914099314322806,0,0.00256769470315395,0.00349206479628937,0.00308123364378474,Conduct health or safety training programs.,4.A.4.b.3.I06.D06,6.36461785353296,Conduct health or safety training programs.,4.A.4.b.3.I06.D06,3.94264705882353,Conduct health or safety training programs.,4.A.4.b.3.I06.D06,Conduct,0.361381753764393,0.163861824623561,0.896368467670505,0.491585473870682,Not Community,Others
4.A.4.b.3.I06.D08,0.0193090641677177,0,0.00256769470315395,0.00975723987198501,0.00698412959257875,Train medical providers.,4.A.4.b.3.I06.D08,6.14444832748898,Train medical providers.,4.A.4.b.3.I06.D08,4.23707547169811,Train medical providers.,4.A.4.b.3.I06.D08,Train,0.561558901682905,0.163861824623561,0.962798937112489,0.288751107174491,Not Community,Others
4.A.4.b.3.I06.D09,0.0110924411176251,0.0198447013538743,0.00184874018627084,0.00534080498256022,0.00390289594879401,Teach health management classes.,4.A.4.b.3.I06.D09,6.11177163541526,Teach health management classes.,4.A.4.b.3.I06.D09,3.6925,Teach health management classes.,4.A.4.b.3.I06.D09,Teach,0.41541186891054,0.570416297608503,0.71036315323295,0.268379096545616,Not Community,Others
4.A.4.b.3.I06.D11,0.0382072971829308,0.0180708732998967,0.0121195189988866,0.0226984211758809,0.00338935700816322,Train caregivers or other non-medical personnel.,4.A.4.b.3.I06.D11,6.259936791144,Train caregivers or other non-medical personnel.,4.A.4.b.3.I06.D11,3.27214285714286,Train caregivers or other non-medical personnel.,4.A.4.b.3.I06.D11,Train,0.683790965456156,0.555358724534987,0.190434012400354,0.380868024800709,Not Community,Others
4.A.4.b.4.I01.D01,0.00308123364378474,0,0,0.00154061682189237,0.00154061682189237,Supervise maintenance workers.,4.A.4.b.4.I01.D01,5.6826450718426,Supervise maintenance workers.,4.A.4.b.4.I01.D01,3.58636363636364,Supervise maintenance workers.,4.A.4.b.4.I01.D01,Supervise,0.156775907883082,0.163861824623561,0.58193091231178,0.070859167404783,Not Community,Others
4.A.4.b.4.I01.D06,0.00164332461001853,0.00354765610795518,0,0,0.00164332461001853,Direct activities of subordinates.,4.A.4.b.4.I01.D06,6.33146510477162,Direct activities of subordinates.,4.A.4.b.4.I01.D06,3.25717391304348,Direct activities of subordinates.,4.A.4.b.4.I01.D06,Direct,0.0380868024800709,0.280779450841453,0.181576616474756,0.445527015057573,Not Community,Others
4.A.4.b.4.I01.D10,0.00985994766011117,0,0.00410831152504632,0.00267040249128011,0.00308123364378474,Supervise scientific or technical personnel.,4.A.4.b.4.I01.D10,6.35972999525419,Supervise scientific or technical personnel.,4.A.4.b.4.I01.D10,3.57714285714286,Supervise scientific or technical personnel.,4.A.4.b.4.I01.D10,Supervise,0.383525243578388,0.163861824623561,0.573073516386183,0.482728077945084,Not Community,Others
4.A.4.b.4.I01.D13,0.00852474641447112,0.0175165520330287,0,0.001951447974397,0.00657329844007411,Supervise employees.,4.A.4.b.4.I01.D13,6.34830128335103,Supervise employees.,4.A.4.b.4.I01.D13,3.49051724137931,Supervise employees.,4.A.4.b.4.I01.D13,Supervise,0.347209920283437,0.549158547387068,0.436669619131975,0.465013286093888,Community,Nonprofit
4.A.4.b.4.I01.D14,0.00205415576252316,0.00853654750976714,0,0,0.00205415576252316,Supervise patient care personnel.,4.A.4.b.4.I01.D14,6.16007864057018,Supervise patient care personnel.,4.A.4.b.4.I01.D14,4.22942857142857,Supervise patient care personnel.,4.A.4.b.4.I01.D14,Supervise,0.0814880425155005,0.41718334809566,0.961913197519929,0.298494242692648,Community,Nonprofit
4.A.4.b.4.I01.D19,0.00308123364378474,0.00986691855025033,0,0,0.00308123364378474,Supervise workers performing environmentally sustainable activities.,4.A.4.b.4.I01.D19,6.38437065467358,Supervise workers performing environmentally sustainable activities.,4.A.4.b.4.I01.D19,3.62,Supervise workers performing environmentally sustainable activities.,4.A.4.b.4.I01.D19,Supervise,0.156775907883082,0.450841452612932,0.620017714791851,0.524357838795394,Not Community,Others
4.A.4.b.4.I02.D01,0.0109897333294989,0.00232814932084558,0,0.00626517507569564,0.00472455825380327,Serve on institutional or departmental committees.,4.A.4.b.4.I02.D01,6.54411339996723,Serve on institutional or departmental committees.,4.A.4.b.4.I02.D01,3.09975,Serve on institutional or departmental committees.,4.A.4.b.4.I02.D01,Serve,0.412754650132861,0.225863596102746,0.0752878653675819,0.805137289636847,Not Community,Others
4.A.4.b.4.I03.D01,0.00472455825380327,0.00875827601651434,0,0,0.00472455825380327,Manage content of broadcasts or presentations.,4.A.4.b.4.I03.D01,6.39134669197291,Manage content of broadcasts or presentations.,4.A.4.b.4.I03.D01,3.5102380952381,Manage content of broadcasts or presentations.,4.A.4.b.4.I03.D01,Manage,0.232949512843224,0.423383525243578,0.465013286093888,0.535872453498671,Not Community,Others
4.A.4.b.4.I03.D02,0.00503268161818174,0.00354765610795518,0.00277311027940627,0,0.00225957133877548,Direct productions or performances.,4.A.4.b.4.I03.D02,6.34925974885692,Direct productions or performances.,4.A.4.b.4.I03.D02,3.75722222222222,Direct productions or performances.,4.A.4.b.4.I03.D02,Direct,0.239149689991143,0.280779450841453,0.789193976970771,0.465899025686448,Not Community,Others
4.A.4.b.4.I03.D04,0.00225957133877548,0.0110864253373599,0,0,0.00225957133877548,Coordinate athletic or sporting events or activities.,4.A.4.b.4.I03.D04,6.03027986827333,Coordinate athletic or sporting events or activities.,4.A.4.b.4.I03.D04,3.36270833333333,Coordinate athletic or sporting events or activities.,4.A.4.b.4.I03.D04,Coordinate,0.102745792736935,0.476527900797166,0.279893711248893,0.232063773250664,Not Community,Others
4.A.4.b.4.I03.D05,0.00421101931317248,0.00875827601651434,0.00184874018627084,0.00174603239814469,0.000616246728756948,Coordinate artistic activities.,4.A.4.b.4.I03.D05,6.14721129877942,Coordinate artistic activities.,4.A.4.b.4.I03.D05,3.36964285714286,Coordinate artistic activities.,4.A.4.b.4.I03.D05,Coordinate,0.211691762621789,0.423383525243578,0.285208148804252,0.29052258635961,Not Community,Others
4.A.4.b.4.I04.D02,0.0211578043539886,0.0298224841574982,0.00410831152504632,0.0105789021769943,0.00647059065194796,Manage agricultural or forestry operations.,4.A.4.b.4.I04.D02,5.95151518129785,Manage agricultural or forestry operations.,4.A.4.b.4.I04.D02,3.5221875,Manage agricultural or forestry operations.,4.A.4.b.4.I04.D02,Manage,0.580159433126661,0.658990256864482,0.485385296722764,0.199291408325952,Not Community,Others
4.A.4.b.4.I06.D04,0.300728403633391,0.0366960678666613,0.141120500885341,0.156013130163634,0.00359477258441553,Coordinate software or hardware installation.,4.A.4.b.4.I06.D04,6.50061373614043,Coordinate software or hardware installation.,4.A.4.b.4.I06.D04,3.61923076923077,Coordinate software or hardware installation.,4.A.4.b.4.I06.D04,Coordinate,0.930912311780337,0.696191319751993,0.618246235606732,0.713906111603189,Not Community,Others
4.A.4.b.4.I06.D05,0.013660135820779,0.00521061990855916,0.0031839414319109,0.00996265544823733,0.00051353894063079,Direct scientific activities.,4.A.4.b.4.I06.D05,6.50428377759071,Direct scientific activities.,4.A.4.b.4.I06.D05,3.39409090909091,Direct scientific activities.,4.A.4.b.4.I06.D05,Direct,0.474756421612046,0.335695305580159,0.308237378210806,0.720106288751107,Not Community,Others
4.A.4.b.4.I06.D07,0.0559757445287561,0.234921352898657,0.0232119601165117,0.024033622421521,0.00873016199072343,Manage information technology projects or system activities.,4.A.4.b.4.I06.D07,6.60413930863731,Manage information technology projects or system activities.,4.A.4.b.4.I06.D07,3.49395833333333,Manage information technology projects or system activities.,4.A.4.b.4.I06.D07,Manage,0.748449955713021,0.918511957484499,0.439326837909655,0.904340124003543,Not Community,Others
4.A.4.b.4.I06.D09,0.00749766853320954,0.00388024886807597,0.00246498691502779,0.00369748037254169,0.00133520124564005,Direct medical science or healthcare programs.,4.A.4.b.4.I06.D09,6.63259323198949,Direct medical science or healthcare programs.,4.A.4.b.4.I06.D09,3.72133333333333,Direct medical science or healthcare programs.,4.A.4.b.4.I06.D09,Direct,0.324180690876882,0.29229406554473,0.746678476527901,0.942426926483614,Not Community,Others
4.A.4.b.4.I06.D11,0.00482726604192943,0.00532148416193276,0,0.00246498691502779,0.00236227912690163,Coordinate cross-disciplinary research programs.,4.A.4.b.4.I06.D11,6.57165744353415,Coordinate cross-disciplinary research programs.,4.A.4.b.4.I06.D11,3.53,Coordinate cross-disciplinary research programs.,4.A.4.b.4.I06.D11,Coordinate,0.235606731620903,0.339238263950399,0.503100088573959,0.849424269264836,Not Community,Others
4.A.4.b.4.I07.D01,0.0216713432946193,0.0213968009011047,0.00677871401632643,0.00996265544823733,0.00492997383005559,Coordinate training activities.,4.A.4.b.4.I07.D01,6.57476882477158,Coordinate training activities.,4.A.4.b.4.I07.D01,2.905,Coordinate training activities.,4.A.4.b.4.I07.D01,Coordinate,0.58193091231178,0.588131089459699,0.0203720106288751,0.853852967227635,Not Community,Others
4.A.4.b.4.I07.D02,0.0206442654133578,0.0194012443403799,0.00667600622820027,0.00944911650760654,0.00451914267755095,Coordinate personnel recruitment activities.,4.A.4.b.4.I07.D02,6.54963219863159,Coordinate personnel recruitment activities.,4.A.4.b.4.I07.D02,3.30692307692308,Coordinate personnel recruitment activities.,4.A.4.b.4.I07.D02,Coordinate,0.576616474756422,0.565101860053144,0.222320637732507,0.818423383525244,Community,Nonprofit
4.A.4.b.4.I07.D03,0.00287581806753243,0,0,0,0.00287581806753243,Direct employee training programs.,4.A.4.b.4.I07.D03,5.83333118622949,Direct employee training programs.,4.A.4.b.4.I07.D03,4.20785714285714,Direct employee training programs.,4.A.4.b.4.I07.D03,Direct,0.145261293179805,0.163861824623561,0.95748449955713,0.153232949512843,Not Community,Others
4.A.4.b.4.I07.D04,0.0225957133877548,0.029046434383883,0.0051353894063079,0.011708687846382,0.00575163613506485,Manage human resources activities.,4.A.4.b.4.I07.D04,6.56662782945296,Manage human resources activities.,4.A.4.b.4.I07.D04,3.49268292682927,Manage human resources activities.,4.A.4.b.4.I07.D04,Manage,0.589016829052259,0.653675819309123,0.437555358724535,0.837023914968999,Community,Nonprofit
4.A.4.b.4.I08.D01,0.00174603239814469,0,0,0,0.00174603239814469,Direct quality control activities.,4.A.4.b.4.I08.D01,6.36440044926631,Direct quality control activities.,4.A.4.b.4.I08.D01,3.68880952380952,Direct quality control activities.,4.A.4.b.4.I08.D01,Direct,0.0531443755535872,0.163861824623561,0.703277236492471,0.490699734278122,Not Community,Others
4.A.4.b.4.I09.D01,0.00677871401632643,0,0,0.00267040249128011,0.00410831152504632,Manage budgets for personal services operations.,4.A.4.b.4.I09.D01,6.16392596898054,Manage budgets for personal services operations.,4.A.4.b.4.I09.D01,3.29333333333333,Manage budgets for personal services operations.,4.A.4.b.4.I09.D01,Manage,0.305580159433127,0.163861824623561,0.20814880425155,0.302922940655447,Not Community,Others
4.A.4.b.4.I09.D02,0.0457049657161403,0.0449000226163077,0.0108870255413728,0.0191036485914654,0.0157142915833022,Direct financial operations.,4.A.4.b.4.I09.D02,6.64635277848106,Direct financial operations.,4.A.4.b.4.I09.D02,3.74296875,Direct financial operations.,4.A.4.b.4.I09.D02,Direct,0.717449069973428,0.727192205491586,0.776793622674934,0.955713020372011,Community,Nonprofit
4.A.4.b.4.I09.D03,0.00503268161818174,0.0509975565518557,0.00205415576252316,0.00246498691502779,0.00051353894063079,Direct fundraising or financing activities.,4.A.4.b.4.I09.D03,6.4492919465204,Direct fundraising or financing activities.,4.A.4.b.4.I09.D03,3.437,Direct fundraising or financing activities.,4.A.4.b.4.I09.D03,Direct,0.241806908768822,0.748449955713021,0.365810451727192,0.638618246235607,Community,Nonprofit
4.A.4.b.4.I09.D04,0.0293744274040812,0.00376938461470237,0.0108870255413728,0.0119141034226343,0.00657329844007411,Prepare operational budgets.,4.A.4.b.4.I09.D04,6.46938562211851,Prepare operational budgets.,4.A.4.b.4.I09.D04,3.43229166666667,Prepare operational budgets.,4.A.4.b.4.I09.D04,Prepare,0.637732506643047,0.289636846767051,0.359610274579274,0.669619131975199,Community,Nonprofit
4.A.4.b.4.I09.D05,0.00215686355064932,0,0,0,0.00215686355064932,Manage organizational or project budgets.,4.A.4.b.4.I09.D05,6.45595745422261,Manage organizational or project budgets.,4.A.4.b.4.I09.D05,3.418,Manage organizational or project budgets.,4.A.4.b.4.I09.D05,Manage,0.0965456155890168,0.163861824623561,0.341895482728078,0.646589902568645,Community,Nonprofit
4.A.4.b.4.I09.D06,0.0236227912690164,0.0263856923029166,0.00359477258441553,0.0133520124564005,0.00667600622820027,Manage financial activities of the organization.,4.A.4.b.4.I09.D06,6.6610538175193,Manage financial activities of the organization.,4.A.4.b.4.I09.D06,3.87833333333333,Manage financial activities of the organization.,4.A.4.b.4.I09.D06,Manage,0.599645704162976,0.633303808680248,0.87599645704163,0.974313551815766,Not Community,Others
4.A.4.b.4.I09.D07,0.0118113956345082,0.0179600090465231,0.00205415576252316,0.00421101931317248,0.00554622055881253,Manage budgets for appropriate resource allocation.,4.A.4.b.4.I09.D07,6.58872274889784,Manage budgets for appropriate resource allocation.,4.A.4.b.4.I09.D07,3.515,Manage budgets for appropriate resource allocation.,4.A.4.b.4.I09.D07,Manage,0.431355181576616,0.552701505757307,0.473870682019486,0.886625332152347,Not Community,Others
4.A.4.b.4.I09.D10,0.0187955252270869,0.0370286606267821,0.00482726604192943,0.00914099314322807,0.00482726604192943,Prepare project budgets.,4.A.4.b.4.I09.D10,6.52054797078689,Prepare project budgets.,4.A.4.b.4.I09.D10,3.67090909090909,Prepare project budgets.,4.A.4.b.4.I09.D10,Prepare,0.552701505757307,0.697962798937112,0.685562444641275,0.75199291408326,Not Community,Others
4.A.4.b.4.I10.D02,0.00338935700816322,0.00177382805397759,0,0,0.00338935700816322,Direct construction or extraction personnel.,4.A.4.b.4.I10.D02,5.67622565015414,Direct construction or extraction personnel.,4.A.4.b.4.I10.D02,3.75837837837838,Direct construction or extraction personnel.,4.A.4.b.4.I10.D02,Direct,0.178033658104517,0.185119574844996,0.79096545615589,0.0655447298494243,Not Community,Others
4.A.4.b.4.I10.D06,0.0119141034226343,0.00587580542880076,0.00308123364378474,0.00564892834693869,0.0031839414319109,Coordinate construction or installation activities.,4.A.4.b.4.I10.D06,6.21906037694096,Coordinate construction or installation activities.,4.A.4.b.4.I10.D06,3.34857142857143,Coordinate construction or installation activities.,4.A.4.b.4.I10.D06,Coordinate,0.436669619131975,0.355181576616475,0.267493356953056,0.344552701505757,Not Community,Others
4.A.4.b.4.I10.D07,0.0144817981257883,0.0145232171919415,0.00164332461001853,0.00523809719443406,0.00760037632133569,Manage construction activities.,4.A.4.b.4.I10.D07,6.46944588677674,Manage construction activities.,4.A.4.b.4.I10.D07,3.42857142857143,Manage construction activities.,4.A.4.b.4.I10.D07,Manage,0.488928255093003,0.519043401240035,0.353410097431355,0.670504871567759,Not Community,Others
4.A.4.b.4.I11.D01,0.0300933819209643,0.0289355701305094,0.0122222267870128,0.0168440772526899,0.00102707788126158,Organize recreational activities or events.,4.A.4.b.4.I11.D01,5.8758947088107,Organize recreational activities or events.,4.A.4.b.4.I11.D01,3.08977272727273,Organize recreational activities or events.,4.A.4.b.4.I11.D01,Organize,0.643046944198406,0.651018600531444,0.0682019486271036,0.174490699734278,Not Community,Others
4.A.4.b.4.I11.D02,0.00780579189758801,0.0123059321244695,0.00297852585565858,0.00267040249128011,0.00215686355064932,Coordinate student extracurricular activities.,4.A.4.b.4.I11.D02,6.42052704301249,Coordinate student extracurricular activities.,4.A.4.b.4.I11.D02,3.0775,Coordinate student extracurricular activities.,4.A.4.b.4.I11.D02,Coordinate,0.331266607617361,0.484499557130204,0.0620017714791851,0.58458813108946,Not Community,Others
4.A.4.b.4.I11.D03,0.0031839414319109,0.00266074208096638,0,0,0.0031839414319109,Coordinate special events or programs.,4.A.4.b.4.I11.D03,6.45760065337922,Coordinate special events or programs.,4.A.4.b.4.I11.D03,3.36,Coordinate special events or programs.,4.A.4.b.4.I11.D03,Coordinate,0.160318866253322,0.246235606731621,0.278122232063773,0.647475642161205,Community,Nonprofit
4.A.4.b.4.I11.D06,0.00934640871948038,0.0157427239790511,0.00174603239814469,0.00236227912690163,0.00523809719443406,Manage outreach activities.,4.A.4.b.4.I11.D06,6.25641310569581,Manage outreach activities.,4.A.4.b.4.I11.D06,2.72,Manage outreach activities.,4.A.4.b.4.I11.D06,Manage,0.365810451727192,0.527015057573074,0.00442869796279894,0.37555358724535,Not Community,Others
4.A.4.b.4.I12.D02,0.00503268161818174,0,0,0.00287581806753242,0.00215686355064932,Direct environmental development activities.,4.A.4.b.4.I12.D02,6.62012733252011,Direct environmental development activities.,4.A.4.b.4.I12.D02,3.62277777777778,Direct environmental development activities.,4.A.4.b.4.I12.D02,Direct,0.241806908768822,0.163861824623561,0.62356067316209,0.924712134632418,Not Community,Others
4.A.4.b.4.I12.D03,0.0235200834808902,0.0444565656028133,0.00739496074508338,0.0141736747614098,0.001951447974397,"Direct sales, marketing, or customer service activities.",4.A.4.b.4.I12.D03,6.45045643121801,"Direct sales, marketing, or customer service activities.",4.A.4.b.4.I12.D03,3.47782608695652,"Direct sales, marketing, or customer service activities.",4.A.4.b.4.I12.D03,Direct,0.598759964570416,0.725420726306466,0.420726306465899,0.641275465013286,Community,Nonprofit
4.A.4.b.4.I12.D05,0.00585434392319101,0.00864741176314074,0.00215686355064932,0,0.00369748037254169,Coordinate sales campaigns.,4.A.4.b.4.I12.D05,6.42640318896542,Coordinate sales campaigns.,4.A.4.b.4.I12.D05,2.77916666666667,Coordinate sales campaigns.,4.A.4.b.4.I12.D05,Coordinate,0.277236492471213,0.419840566873339,0.00620017714791851,0.596988485385297,Not Community,Others
4.A.4.b.4.I12.D06,0.00164332461001853,0,0,0,0.00164332461001853,Direct funeral or mortuary activities.,4.A.4.b.4.I12.D06,5.85934668735618,Direct funeral or mortuary activities.,4.A.4.b.4.I12.D06,4.07375,Direct funeral or mortuary activities.,4.A.4.b.4.I12.D06,Direct,0.0380868024800709,0.163861824623561,0.929140832595217,0.16651904340124,Not Community,Others
4.A.4.b.4.I12.D08,0.00873016199072344,0.00543234841530636,0.00246498691502779,0,0.00626517507569564,Oversee business processes.,4.A.4.b.4.I12.D08,6.53281748453619,Oversee business processes.,4.A.4.b.4.I12.D08,3.40833333333333,Oversee business processes.,4.A.4.b.4.I12.D08,Oversee,0.355181576616475,0.343666961913198,0.326837909654562,0.775907883082374,Community,Nonprofit
4.A.4.b.4.I12.D09,0.0132493046682744,0,0.00267040249128011,0.00462185046567711,0.00595705171131717,Coordinate logistics or other business operations.,4.A.4.b.4.I12.D09,6.51392194850531,Coordinate logistics or other business operations.,4.A.4.b.4.I12.D09,3.6415625,Coordinate logistics or other business operations.,4.A.4.b.4.I12.D09,Coordinate,0.463241806908769,0.163861824623561,0.647475642161205,0.744906997342781,Community,Nonprofit
4.A.4.b.4.I12.D12,0.00287581806753243,0.00321506334783438,0,0,0.00287581806753243,"Manage operations, research, or logistics projects.",4.A.4.b.4.I12.D12,6.60634062197933,"Manage operations, research, or logistics projects.",4.A.4.b.4.I12.D12,3.42904761904762,"Manage operations, research, or logistics projects.",4.A.4.b.4.I12.D12,Manage,0.145261293179805,0.268379096545616,0.354295837023915,0.908768821966342,Not Community,Others
4.A.4.b.4.I12.D15,0.00297852585565858,0.00443457013494397,0,0,0.00297852585565858,Coordinate timing of food production activities.,4.A.4.b.4.I12.D15,5.8572504815432,Coordinate timing of food production activities.,4.A.4.b.4.I12.D15,3.45722222222222,Coordinate timing of food production activities.,4.A.4.b.4.I12.D15,Coordinate,0.148804251550044,0.307351638618246,0.387068201948627,0.16563330380868,Not Community,Others
4.A.4.b.4.I12.D20,0.00760037632133569,0.00598666968217436,0.00184874018627084,0.00380018816066785,0.001951447974397,Coordinate logistics for productions or events.,4.A.4.b.4.I12.D20,6.38969833042457,Coordinate logistics for productions or events.,4.A.4.b.4.I12.D20,3.51355263157895,Coordinate logistics for productions or events.,4.A.4.b.4.I12.D20,Coordinate,0.325066430469442,0.356953055801594,0.471213463241807,0.531443755535872,Not Community,Others
4.A.4.b.4.I12.D22,0.00575163613506485,0.00443457013494397,0,0,0.00575163613506485,Manage food service operations or parts of operations.,4.A.4.b.4.I12.D22,5.90613819980192,Manage food service operations or parts of operations.,4.A.4.b.4.I12.D22,3.31708333333333,Manage food service operations or parts of operations.,4.A.4.b.4.I12.D22,Manage,0.272807794508415,0.307351638618246,0.232063773250664,0.181576616474756,Not Community,Others
4.A.4.b.4.I12.D23,0.00934640871948038,0.0171839592729079,0.001951447974397,0.00297852585565858,0.0044164348894248,Direct healthcare delivery programs.,4.A.4.b.4.I12.D23,6.28742510792332,Direct healthcare delivery programs.,4.A.4.b.4.I12.D23,4.15928571428571,Direct healthcare delivery programs.,4.A.4.b.4.I12.D23,Direct,0.363153232949513,0.54295837023915,0.949512843224092,0.405668733392383,Not Community,Others
4.A.4.b.4.I12.D24,0.00174603239814469,0,0,0,0.00174603239814469,Direct industrial production activities.,4.A.4.b.4.I12.D24,6.40182164292035,Direct industrial production activities.,4.A.4.b.4.I12.D24,3.703,Direct industrial production activities.,4.A.4.b.4.I12.D24,Direct,0.0531443755535872,0.163861824623561,0.720992028343667,0.554472984942427,Not Community,Others
4.A.4.b.4.I12.D27,0.0178711551339515,0.0349222398126838,0.00410831152504632,0.00862745420259727,0.0051353894063079,Direct facility maintenance or repair activities.,4.A.4.b.4.I12.D27,6.36504210743442,Direct facility maintenance or repair activities.,4.A.4.b.4.I12.D27,3.50795454545455,Direct facility maintenance or repair activities.,4.A.4.b.4.I12.D27,Direct,0.537643932683791,0.683790965456156,0.461470327723649,0.492471213463242,Not Community,Others
4.A.4.b.4.I12.D31,0.00431372710129864,0,0,0,0.00431372710129864,Direct material handling or moving activities.,4.A.4.b.4.I12.D31,5.83458092444688,Direct material handling or moving activities.,4.A.4.b.4.I12.D31,3.74392857142857,Direct material handling or moving activities.,4.A.4.b.4.I12.D31,Direct,0.216120460584588,0.163861824623561,0.777679362267493,0.155890168290523,Not Community,Others
4.A.4.b.4.I12.D32,0.0925397171016684,0.103547212650942,0.0364612647847861,0.0498132772411866,0.00626517507569564,Coordinate project activities with other personnel or departments.,4.A.4.b.4.I12.D32,6.48165785271881,Coordinate project activities with other personnel or departments.,4.A.4.b.4.I12.D32,3.53159090909091,Coordinate project activities with other personnel or departments.,4.A.4.b.4.I12.D32,Coordinate,0.827280779450842,0.844995571302037,0.506643046944198,0.685562444641275,Not Community,Others
4.A.4.b.4.I12.D33,0.00236227912690163,0.0126385248845903,0,0,0.00236227912690163,Direct department activities.,4.A.4.b.4.I12.D33,6.58042106925214,Direct department activities.,4.A.4.b.4.I12.D33,3.10565789473684,Direct department activities.,4.A.4.b.4.I12.D33,Direct,0.110717449069973,0.489813994685563,0.0797165633303809,0.867139061116032,Not Community,Others
4.A.4.b.4.I12.D35,0.0502241083936913,0.0494454570046253,0.0202334342608531,0.0264986093365488,0.00349206479628937,Manage preparation of special meals or diets.,4.A.4.b.4.I12.D35,6.26990639666303,Manage preparation of special meals or diets.,4.A.4.b.4.I12.D35,3.57076923076923,Manage preparation of special meals or diets.,4.A.4.b.4.I12.D35,Manage,0.739592559787423,0.744021257750221,0.564216120460585,0.392382639503986,Not Community,Others
4.A.4.b.4.I12.D36,0.00821662305009264,0.00199555656072479,0.00451914267755095,0.00225957133877548,0.00143790903376621,Coordinate resource procurement activities.,4.A.4.b.4.I12.D36,6.57857073690266,Coordinate resource procurement activities.,4.A.4.b.4.I12.D36,3.50375,Coordinate resource procurement activities.,4.A.4.b.4.I12.D36,Coordinate,0.341009743135518,0.201062887511072,0.453498671390611,0.862710363153233,Not Community,Others
4.A.4.b.4.I12.D37,0.01817927849833,0.0119733393643487,0.00451914267755095,0.00359477258441553,0.0100653632363635,Coordinate operational activities.,4.A.4.b.4.I12.D37,6.52834647237111,Coordinate operational activities.,4.A.4.b.4.I12.D37,3.60826923076923,Coordinate operational activities.,4.A.4.b.4.I12.D37,Coordinate,0.54295837023915,0.481842338352524,0.606731620903454,0.769707705934455,Not Community,Others
4.A.4.b.4.I12.D39,0.0138655513970313,0.0291572986372566,0.00421101931317248,0.00667600622820027,0.00297852585565858,"Direct organizational operations, projects, or services.",4.A.4.b.4.I12.D39,6.48697516061431,"Direct organizational operations, projects, or services.",4.A.4.b.4.I12.D39,3.49564516129032,"Direct organizational operations, projects, or services.",4.A.4.b.4.I12.D39,Direct,0.481842338352524,0.655447298494243,0.440212577502214,0.691762621789194,Not Community,Others
4.A.4.b.4.I13.D04,0.00554622055881253,0.0105321040704919,0,0.00225957133877548,0.00328664922003706,Prepare employee work schedules.,4.A.4.b.4.I13.D04,6.37137294392472,Prepare employee work schedules.,4.A.4.b.4.I13.D04,3.50321428571429,Prepare employee work schedules.,4.A.4.b.4.I13.D04,Prepare,0.263950398582817,0.45969884853853,0.451727192205492,0.50044286979628,Not Community,Others
4.A.4.b.4.I14.D03,0.308020656590348,0.454210846071636,0.109178378778106,0.169262434831908,0.0295798429803335,Manage documentation to ensure organization or accuracy.,4.A.4.b.4.I14.D03,6.55503145254245,Manage documentation to ensure organization or accuracy.,4.A.4.b.4.I14.D03,3.31111111111111,Manage documentation to ensure organization or accuracy.,4.A.4.b.4.I14.D03,Manage,0.936226749335695,0.954827280779451,0.226749335695306,0.824623560673162,Not Community,Others
4.A.4.b.4.I15.D02,0.0277311027940627,0.0376938461470237,0.00842203862634496,0.0170494928289422,0.00225957133877548,Manage organizational security activities.,4.A.4.b.4.I15.D02,6.20841382133627,Manage organizational security activities.,4.A.4.b.4.I15.D02,3.93636363636364,Manage organizational security activities.,4.A.4.b.4.I15.D02,Manage,0.627989371124889,0.701505757307352,0.894596988485385,0.33392382639504,Not Community,Others
4.A.4.b.4.I15.D05,0.00246498691502779,0.00321506334783438,0,0,0.00246498691502779,Direct security operations.,4.A.4.b.4.I15.D05,5.97730552321944,Direct security operations.,4.A.4.b.4.I15.D05,3.99416666666667,Direct security operations.,4.A.4.b.4.I15.D05,Direct,0.122232063773251,0.268379096545616,0.910540301151461,0.210806023029229,Not Community,Others
4.A.4.b.4.I16.D03,0.00482726604192943,0,0.00154061682189237,0.00154061682189237,0.00174603239814469,Coordinate legal schedules or activities.,4.A.4.b.4.I16.D03,6.68322978133513,Coordinate legal schedules or activities.,4.A.4.b.4.I16.D03,3.71928571428572,Coordinate legal schedules or activities.,4.A.4.b.4.I16.D03,Coordinate,0.235606731620903,0.163861824623561,0.741364038972542,0.996457041629761,Not Community,Others
4.A.4.b.4.I16.D04,0.00236227912690163,0,0,0.00174603239814469,0.000616246728756948,Direct courtroom activities or procedures.,4.A.4.b.4.I16.D04,6.69777788878689,Direct courtroom activities or procedures.,4.A.4.b.4.I16.D04,4.08818181818182,Direct courtroom activities or procedures.,4.A.4.b.4.I16.D04,Direct,0.110717449069973,0.163861824623561,0.933569530558016,1,Not Community,Others
4.A.4.b.5.I01.D01,0.0164332461001853,0.0396894027077485,0,0.00965453208385885,0.00677871401632643,Coach others.,4.A.4.b.5.I01.D01,6.06120737040617,Coach others.,4.A.4.b.5.I01.D01,3.25538461538462,Coach others.,4.A.4.b.5.I01.D01,Coach,0.519043401240035,0.70859167404783,0.178919397697077,0.239149689991143,Not Community,Others
4.A.4.b.5.I02.D01,0.00205415576252316,0.00787136198952555,0,0,0.00205415576252316,Encourage patients during therapeutic activities.,4.A.4.b.5.I02.D01,5.78920793608067,Encourage patients during therapeutic activities.,4.A.4.b.5.I02.D01,3.46142857142857,Encourage patients during therapeutic activities.,4.A.4.b.5.I02.D01,Encourage,0.0814880425155005,0.400354295837024,0.395925597874225,0.134632418069088,Not Community,Others
4.A.4.b.5.I02.D03,0.0191036485914654,0.00465629864169117,0.00801120747384033,0.00400560373692016,0.0070868373807049,Encourage students.,4.A.4.b.5.I02.D03,6.35178787831026,Encourage students.,4.A.4.b.5.I02.D03,3.01458333333333,Encourage students.,4.A.4.b.5.I02.D03,Encourage,0.558901682905226,0.317094774136404,0.0372010628875111,0.470327723649247,Not Community,Others
4.A.4.b.5.I02.D04,0.016227830523933,0.00476716289506477,0.00308123364378474,0.00215686355064932,0.0109897333294989,Interact with patients to build rapport or provide emotional support.,4.A.4.b.5.I02.D04,6.11161031761741,Interact with patients to build rapport or provide emotional support.,4.A.4.b.5.I02.D04,3.80142857142857,Interact with patients to build rapport or provide emotional support.,4.A.4.b.5.I02.D04,Interact,0.512843224092117,0.317980513728964,0.829937998228521,0.267493356953056,Not Community,Others
4.A.4.b.5.I02.D05,0.00215686355064932,0.055875583700294,0,0,0.00215686355064932,Support the professional development of others.,4.A.4.b.5.I02.D05,6.45827045690371,Support the professional development of others.,4.A.4.b.5.I02.D05,3.54,Support the professional development of others.,4.A.4.b.5.I02.D05,Support,0.0965456155890168,0.765279007971656,0.520814880425155,0.648361381753764,Not Community,Others
4.A.4.b.6.I01.D01,0.490943227243035,0.511971122079281,0.0777497956115016,0.385462328837471,0.0277311027940627,"Provide health and wellness advice to patients, program participants, or caregivers.",4.A.4.b.6.I01.D01,6.18338447994099,"Provide health and wellness advice to patients, program participants, or caregivers.",4.A.4.b.6.I01.D01,4.166875,"Provide health and wellness advice to patients, program participants, or caregivers.",4.A.4.b.6.I01.D01,Provide,0.964570416297608,0.962798937112489,0.951284322409212,0.314437555358725,Not Community,Others
4.A.4.b.6.I01.D02,0.0301960897090905,0.0390242171875069,0.00482726604192943,0.0237254990571425,0.00164332461001853,Advise patients on preventive care techniques.,4.A.4.b.6.I01.D02,6.16070730792154,Advise patients on preventive care techniques.,4.A.4.b.6.I01.D02,4.44333333333333,Advise patients on preventive care techniques.,4.A.4.b.6.I01.D02,Advise,0.643932683790966,0.705934455270151,0.993799822852082,0.300265721877768,Not Community,Others
4.A.4.b.6.I01.D03,0.0118113956345082,0.0372503891335293,0,0.00328664922003706,0.00852474641447112,Provide medical or cosmetic advice for clients.,4.A.4.b.6.I01.D03,5.78838306884949,Provide medical or cosmetic advice for clients.,4.A.4.b.6.I01.D03,3.1365625,Provide medical or cosmetic advice for clients.,4.A.4.b.6.I01.D03,Provide,0.433126660761736,0.698848538529672,0.109831709477414,0.131975199291408,Not Community,Others
4.A.4.b.6.I01.D04,0.104145697159924,0.263746058775793,0.00801120747384033,0.0869934965428559,0.00914099314322806,Advise patients on effects of health conditions or treatments.,4.A.4.b.6.I01.D04,6.33389150192437,Advise patients on effects of health conditions or treatments.,4.A.4.b.6.I01.D04,4.308,Advise patients on effects of health conditions or treatments.,4.A.4.b.6.I01.D04,Advise,0.844995571302037,0.929140832595217,0.976085031000886,0.448184233835252,Not Community,Others
4.A.4.b.6.I01.D05,0.0133520124564005,0.0492237284978781,0.001951447974397,0.00605975949944332,0.00534080498256022,Advise patients on healthcare system processes.,4.A.4.b.6.I01.D05,6.34225038500694,Advise patients on healthcare system processes.,4.A.4.b.6.I01.D05,4.434,Advise patients on healthcare system processes.,4.A.4.b.6.I01.D05,Advise,0.464127546501329,0.741364038972542,0.992028343666962,0.45881310894597,Not Community,Others
4.A.4.b.6.I02.D01,0.00328664922003706,0.00288247058771358,0,0.00184874018627084,0.00143790903376621,Recommend types of assistive devices.,4.A.4.b.6.I02.D01,6.14157234169882,Recommend types of assistive devices.,4.A.4.b.6.I02.D01,3.85230769230769,Recommend types of assistive devices.,4.A.4.b.6.I02.D01,Recommend,0.169176262178919,0.260407440212578,0.860938883968113,0.286093888396811,Not Community,Others
4.A.4.b.6.I02.D02,0.0125303501513913,0.028492113117015,0,0.00328664922003706,0.00924370093135422,Advise customers on technical or procedural issues.,4.A.4.b.6.I02.D02,6.37543843867007,Advise customers on technical or procedural issues.,4.A.4.b.6.I02.D02,3.39821428571429,Advise customers on technical or procedural issues.,4.A.4.b.6.I02.D02,Advise,0.449955713020372,0.646589902568645,0.314437555358725,0.508414526129318,Not Community,Others
4.A.4.b.6.I02.D03,0.243109334494616,0.36008709495745,0.0805229058909079,0.134444494657141,0.0281419339465673,Advise customers on the use of products or services.,4.A.4.b.6.I02.D03,6.30431355834809,Advise customers on the use of products or services.,4.A.4.b.6.I02.D03,3.38443181818182,Advise customers on the use of products or services.,4.A.4.b.6.I02.D03,Advise,0.91496899911426,0.947741364038973,0.300265721877768,0.4162976085031,Not Community,Others
4.A.4.b.6.I02.D04,0.179430505856398,0.293457678679917,0.0673763090107597,0.0971615675673455,0.0148926292782929,Recommend products or services to customers.,4.A.4.b.6.I02.D04,6.23195541483184,Recommend products or services to customers.,4.A.4.b.6.I02.D04,3.10882352941177,Recommend products or services to customers.,4.A.4.b.6.I02.D04,Recommend,0.899025686448184,0.936226749335695,0.08325952170062,0.354295837023915,Not Community,Others
4.A.4.b.6.I03.D01,0.0108870255413728,0.00554321266867996,0.00215686355064932,0.00585434392319101,0.00287581806753243,Advise others about environmental management or conservation.,4.A.4.b.6.I03.D01,6.23229106645681,Advise others about environmental management or conservation.,4.A.4.b.6.I03.D01,3.27269230769231,Advise others about environmental management or conservation.,4.A.4.b.6.I03.D01,Advise,0.410983170947741,0.348095659875996,0.192205491585474,0.355181576616475,Not Community,Others
4.A.4.b.6.I03.D02,0.0112978566938774,0.0110864253373599,0.00215686355064932,0.00492997383005559,0.00421101931317248,Advise others regarding green practices or environmental concerns.,4.A.4.b.6.I03.D02,6.61985500922263,Advise others regarding green practices or environmental concerns.,4.A.4.b.6.I03.D02,3.59119047619048,Advise others regarding green practices or environmental concerns.,4.A.4.b.6.I03.D02,Advise,0.419840566873339,0.474756421612046,0.58547387068202,0.923826395039858,Not Community,Others
4.A.4.b.6.I03.D03,0.0044164348894248,0,0,0.00205415576252316,0.00236227912690163,Advise others on green energy or related technologies.,4.A.4.b.6.I03.D03,6.61868402883338,Advise others on green energy or related technologies.,4.A.4.b.6.I03.D03,3.3,Advise others on green energy or related technologies.,4.A.4.b.6.I03.D03,Advise,0.221434898139947,0.163861824623561,0.214348981399469,0.922940655447299,Not Community,Others
4.A.4.b.6.I03.D04,0.0109897333294989,0.0127493891379639,0.00338935700816322,0.0051353894063079,0.00246498691502779,Advise others about land management or conservation.,4.A.4.b.6.I03.D04,6.16751250538434,Advise others about land management or conservation.,4.A.4.b.6.I03.D04,3.15363636363636,Advise others about land management or conservation.,4.A.4.b.6.I03.D04,Advise,0.412754650132861,0.491585473870682,0.117803365810452,0.306465899025686,Not Community,Others
4.A.4.b.6.I04.D01,0.0413912386148417,0.064190402703314,0,0.025985070395918,0.0154061682189237,Provide technical guidance to other personnel.,4.A.4.b.6.I04.D01,6.31750910654255,Provide technical guidance to other personnel.,4.A.4.b.6.I04.D01,3.543,Provide technical guidance to other personnel.,4.A.4.b.6.I04.D01,Provide,0.696191319751993,0.785651018600531,0.525243578387954,0.433126660761736,Not Community,Others
4.A.4.b.6.I04.D02,0.507273765555095,0.429488117569323,0.122735806810759,0.352287713272722,0.0322502454716136,Provide technical support for software maintenance or use.,4.A.4.b.6.I04.D02,6.52588833751409,Provide technical support for software maintenance or use.,4.A.4.b.6.I04.D02,3.52125,Provide technical support for software maintenance or use.,4.A.4.b.6.I04.D02,Provide,0.967227635075288,0.953055801594331,0.484499557130204,0.765279007971656,Not Community,Others
4.A.4.b.6.I04.D03,0.13793655945343,0.276051990900262,0.0317367065309828,0.0987021843892379,0.00749766853320954,Provide recommendations to others about computer hardware.,4.A.4.b.6.I04.D03,6.50114826338208,Provide recommendations to others about computer hardware.,4.A.4.b.6.I04.D03,3.58230769230769,Provide recommendations to others about computer hardware.,4.A.4.b.6.I04.D03,Provide,0.877767936226749,0.934455270150576,0.576616474756422,0.715677590788308,Not Community,Others
4.A.4.b.6.I04.D04,0.0194117719558439,0.0308202624378606,0.00297852585565858,0.0134547202445267,0.00297852585565858,Advise others on the development or use of new technologies.,4.A.4.b.6.I04.D04,6.35721846655225,Advise others on the development or use of new technologies.,4.A.4.b.6.I04.D04,3.4155,Advise others on the development or use of new technologies.,4.A.4.b.6.I04.D04,Advise,0.564216120460585,0.66784765279008,0.339238263950399,0.479185119574845,Not Community,Others
4.A.4.b.6.I04.D05,0.0044164348894248,0.0144123529385679,0,0,0.0044164348894248,Provide technical support for computer network issues.,4.A.4.b.6.I04.D05,6.37835718275834,Provide technical support for computer network issues.,4.A.4.b.6.I04.D05,3.71636363636364,Provide technical support for computer network issues.,4.A.4.b.6.I04.D05,Provide,0.222320637732507,0.516386182462356,0.739592559787423,0.511957484499557,Not Community,Others
4.A.4.b.6.I04.D06,0.68732051814025,0.75343346592698,0.142250286554729,0.491764889548045,0.053305342037476,Recommend changes to improve computer or information systems.,4.A.4.b.6.I04.D06,6.49361544020318,Recommend changes to improve computer or information systems.,4.A.4.b.6.I04.D06,3.50243243243243,Recommend changes to improve computer or information systems.,4.A.4.b.6.I04.D06,Recommend,0.974313551815766,0.976970770593445,0.449955713020372,0.704162976085031,Not Community,Others
4.A.4.b.6.I05.D01,0.0797012435858986,0.474166411678884,0.0264986093365488,0.0470401669617804,0.00616246728756948,"Advise others on farming or forestry operations, regulations, or equipment.",4.A.4.b.6.I05.D01,5.92041795101797,"Advise others on farming or forestry operations, regulations, or equipment.",4.A.4.b.6.I05.D01,3.61642857142857,"Advise others on farming or forestry operations, regulations, or equipment.",4.A.4.b.6.I05.D01,Advise,0.804251550044287,0.95925597874225,0.617360496014172,0.188662533215235,Not Community,Others
4.A.4.b.6.I05.D02,0.0282446417346935,0.0449000226163077,0.00544351277068638,0.0160224149476807,0.00677871401632643,Advise others on logistics topics.,4.A.4.b.6.I05.D02,6.61045800611962,Advise others on logistics topics.,4.A.4.b.6.I05.D02,3.4525,Advise others on logistics topics.,4.A.4.b.6.I05.D02,Advise,0.631532329495128,0.728077945084145,0.379096545615589,0.914083259521701,Not Community,Others
4.A.4.b.6.I05.D03,0.0233146679046379,0.0114190180974807,0.00595705171131717,0.0102707788126158,0.00708683738070491,Recommend personnel decisions or human resources activities.,4.A.4.b.6.I05.D03,6.01337505949593,Recommend personnel decisions or human resources activities.,4.A.4.b.6.I05.D03,3.81333333333333,Recommend personnel decisions or human resources activities.,4.A.4.b.6.I05.D03,Recommend,0.597874224977856,0.478299379982285,0.837909654561559,0.224092116917626,Not Community,Others
4.A.4.b.6.I05.D04,0.00359477258441553,0,0.00154061682189237,0,0.00205415576252316,Recommend packing or shipping methods.,4.A.4.b.6.I05.D04,6.62758196965833,Recommend packing or shipping methods.,4.A.4.b.6.I05.D04,3.6,Recommend packing or shipping methods.,4.A.4.b.6.I05.D04,Recommend,0.185119574844996,0.163861824623561,0.595217006200177,0.937112488928255,Not Community,Others
4.A.4.b.6.I05.D05,0.0277311027940627,0.0196229728471271,0.00944911650760654,0.012324934575139,0.00595705171131717,Advise others on analytical techniques.,4.A.4.b.6.I05.D05,6.65224406801492,Advise others on analytical techniques.,4.A.4.b.6.I05.D05,3.288,Advise others on analytical techniques.,4.A.4.b.6.I05.D05,Advise,0.62621789193977,0.568644818423384,0.203720106288751,0.961913197519929,Not Community,Others
4.A.4.b.6.I05.D06,0.00914099314322806,0,0.00277311027940627,0.00503268161818174,0.00133520124564005,"Advise others on issues related to repairs, installation, or equipment design.",4.A.4.b.6.I05.D06,5.76259975238553,"Advise others on issues related to repairs, installation, or equipment design.",4.A.4.b.6.I05.D06,3.42818181818182,"Advise others on issues related to repairs, installation, or equipment design.",4.A.4.b.6.I05.D06,Advise,0.361381753764393,0.163861824623561,0.350752878653676,0.121346324180691,Not Community,Others
4.A.4.b.6.I05.D07,0.0691223414089044,0.0450108868696813,0.0242390379977733,0.0385154205473093,0.0063678828638218,Recommend organizational process or policy changes.,4.A.4.b.6.I05.D07,6.40144290162626,Recommend organizational process or policy changes.,4.A.4.b.6.I05.D07,3.53446428571429,Recommend organizational process or policy changes.,4.A.4.b.6.I05.D07,Recommend,0.780336581045173,0.728963684676705,0.511957484499557,0.552701505757307,Not Community,Others
4.A.4.b.6.I05.D08,0.00944911650760654,0.00798222624289914,0,0.00215686355064932,0.00729225295695722,Advise others on human resources topics.,4.A.4.b.6.I05.D08,6.62712738596538,Advise others on human resources topics.,4.A.4.b.6.I05.D08,3.35307692307692,Advise others on human resources topics.,4.A.4.b.6.I05.D08,Advise,0.367581930912312,0.404782993799823,0.271922054915855,0.934455270150576,Not Community,Others
4.A.4.b.6.I05.D09,0.0462185046567711,0.0317071764648494,0.0108870255413728,0.0222875900233763,0.0130438890920221,"Recommend technical design or process changes to improve efficiency, quality, or performance.",4.A.4.b.6.I05.D09,6.40819674655731,"Recommend technical design or process changes to improve efficiency, quality, or performance.",4.A.4.b.6.I05.D09,3.64026315789474,"Recommend technical design or process changes to improve efficiency, quality, or performance.",4.A.4.b.6.I05.D09,Recommend,0.719220549158547,0.671390611160319,0.644818423383525,0.567759078830824,Not Community,Others
4.A.4.b.6.I05.D10,0.394192490828195,0.726715180863943,0.091615347008533,0.265807755670497,0.0367693881491646,Advise others on business or operational matters.,4.A.4.b.6.I05.D10,6.53825445230907,Advise others on business or operational matters.,4.A.4.b.6.I05.D10,3.48032786885246,Advise others on business or operational matters.,4.A.4.b.6.I05.D10,Advise,0.949512843224092,0.974313551815766,0.425155004428698,0.788308237378211,Not Community,Others
4.A.4.b.6.I06.D01,0.0186928174389608,0.0139688959250735,0.00205415576252316,0.00996265544823733,0.00667600622820027,Advise medical personnel regarding healthcare issues.,4.A.4.b.6.I06.D01,6.30780216186757,Advise medical personnel regarding healthcare issues.,4.A.4.b.6.I06.D01,4.26073170731707,Advise medical personnel regarding healthcare issues.,4.A.4.b.6.I06.D01,Advise,0.551815766164748,0.510186005314438,0.965456155890168,0.425155004428698,Not Community,Others
4.A.4.b.6.I06.D02,0.0135574280326529,0.00753876922940475,0,0.010373486600742,0.0031839414319109,Advise communities or institutions regarding health or safety issues.,4.A.4.b.6.I06.D02,6.33626565032801,Advise communities or institutions regarding health or safety issues.,4.A.4.b.6.I06.D02,3.96772727272727,Advise communities or institutions regarding health or safety issues.,4.A.4.b.6.I06.D02,Advise,0.471213463241807,0.391496899911426,0.904340124003543,0.450841452612932,Not Community,Others
4.A.4.b.6.I06.D03,0.0378991738185523,0.0365852036132878,0.0031839414319109,0.0264986093365488,0.00821662305009264,Advise clients or community groups on health issues.,4.A.4.b.6.I06.D03,6.20824312072186,Advise clients or community groups on health issues.,4.A.4.b.6.I06.D03,3.23346153846154,Advise clients or community groups on health issues.,4.A.4.b.6.I06.D03,Advise,0.678476527900797,0.694419840566873,0.160318866253322,0.33303808680248,Community,Nonprofit
4.A.4.b.6.I06.D04,0.00626517507569564,0.00576494117542716,0,0.00338935700816322,0.00287581806753242,"Advise athletes, coaches, or trainers on exercise regimens, nutrition, or equipment use.",4.A.4.b.6.I06.D04,6.01564675380302,"Advise athletes, coaches, or trainers on exercise regimens, nutrition, or equipment use.",4.A.4.b.6.I06.D04,4.26125,"Advise athletes, coaches, or trainers on exercise regimens, nutrition, or equipment use.",4.A.4.b.6.I06.D04,Advise,0.289636846767051,0.352524357838795,0.966341895482728,0.224977856510186,Not Community,Others
4.A.4.b.6.I06.D05,0.0733333607220768,0.0406871809881109,0.00205415576252316,0.0657329844007411,0.00554622055881253,Advise others on healthcare matters.,4.A.4.b.6.I06.D05,6.68687114893797,Advise others on healthcare matters.,4.A.4.b.6.I06.D05,3.80636363636364,Advise others on healthcare matters.,4.A.4.b.6.I06.D05,Advise,0.789193976970771,0.71036315323295,0.83348095659876,0.997342781222321,Not Community,Others
4.A.4.b.6.I07.D01,0.0256769470315395,0.0206207511274895,0.00873016199072343,0.0137628436089052,0.0031839414319109,Advise others on social or educational issues.,4.A.4.b.6.I07.D01,6.42831456105438,Advise others on social or educational issues.,4.A.4.b.6.I07.D01,3.18944444444444,Advise others on social or educational issues.,4.A.4.b.6.I07.D01,Advise,0.613817537643933,0.579273693534101,0.133746678476528,0.599645704162976,Community,Nonprofit
4.A.4.b.6.I07.D02,0.0952101195929485,0.549443239719558,0.0171522006170684,0.0587488548081624,0.0193090641677177,Advise students on academic or career matters.,4.A.4.b.6.I07.D02,6.57821079731003,Advise students on academic or career matters.,4.A.4.b.6.I07.D02,3.11248815165877,Advise students on academic or career matters.,4.A.4.b.6.I07.D02,Advise,0.83525243578388,0.967227635075288,0.0885739592559787,0.860938883968113,Not Community,Others
4.A.4.b.6.I07.D03,0.0114005644820035,0.00920173303000874,0.00585434392319101,0.00297852585565858,0.00256769470315395,Discuss child development and behavior with parents or guardians.,4.A.4.b.6.I07.D03,5.90786193569598,Discuss child development and behavior with parents or guardians.,4.A.4.b.6.I07.D03,3.3425,Discuss child development and behavior with parents or guardians.,4.A.4.b.6.I07.D03,Discuss,0.426040744021258,0.435783879539415,0.257750221434898,0.182462356067316,Not Community,Others
4.A.4.b.6.I07.D04,0.035742310267903,0.147671185493634,0.00564892834693869,0.0233146679046379,0.00677871401632643,Counsel clients regarding educational or vocational issues.,4.A.4.b.6.I07.D04,6.39950456490303,Counsel clients regarding educational or vocational issues.,4.A.4.b.6.I07.D04,3.20555555555556,Counsel clients regarding educational or vocational issues.,4.A.4.b.6.I07.D04,Counsel,0.66873339238264,0.878653675819309,0.141718334809566,0.550044286979628,Community,Nonprofit
4.A.4.b.6.I07.D05,0.331746155647491,0.545230398091361,0.0736414840864553,0.224416517055655,0.0336881545053798,"Advise educators on curricula, instructional methods, or policies.",4.A.4.b.6.I07.D05,6.54193426836304,"Advise educators on curricula, instructional methods, or policies.",4.A.4.b.6.I07.D05,3.09452380952381,"Advise educators on curricula, instructional methods, or policies.",4.A.4.b.6.I07.D05,Advise,0.938883968113375,0.966341895482728,0.0717449069973428,0.799822852081488,Not Community,Others
4.A.4.b.6.I07.D06,0.00523809719443406,0.0822612760032106,0,0,0.00523809719443406,Advise others on career or personal development.,4.A.4.b.6.I07.D06,6.52440349610096,Advise others on career or personal development.,4.A.4.b.6.I07.D06,3.40166666666667,Advise others on career or personal development.,4.A.4.b.6.I07.D06,Advise,0.2488928255093,0.815766164747564,0.317094774136404,0.760850310008857,Not Community,Others
4.A.4.b.6.I07.D07,0.00554622055881253,0,0,0,0.00554622055881253,Advise others on educational matters.,4.A.4.b.6.I07.D07,6.66507102217689,Advise others on educational matters.,4.A.4.b.6.I07.D07,3.68375,Advise others on educational matters.,4.A.4.b.6.I07.D07,Advise,0.263950398582817,0.163861824623561,0.697077059344553,0.981399468556245,Not Community,Others
4.A.4.b.6.I07.D08,0.0369748037254169,0.0248335927556862,0.01951447974397,0.0105789021769943,0.00688142180445259,Discuss student progress with parents or guardians.,4.A.4.b.6.I07.D08,6.36281503464851,Discuss student progress with parents or guardians.,4.A.4.b.6.I07.D08,3.03872549019608,Discuss student progress with parents or guardians.,4.A.4.b.6.I07.D08,Discuss,0.675819309123118,0.619131975199291,0.0434012400354296,0.487156775907883,Not Community,Others
4.A.4.b.6.I08.D01,0.0845285096278281,0.102216841610458,0.00688142180445259,0.0693277569851567,0.0083193308382188,Provide legal advice to clients.,4.A.4.b.6.I08.D01,6.65105451255518,Provide legal advice to clients.,4.A.4.b.6.I08.D01,4.0635,Provide legal advice to clients.,4.A.4.b.6.I08.D01,Provide,0.813994685562445,0.842338352524358,0.925597874224978,0.95925597874225,Not Community,Others
4.A.4.b.6.I08.D02,0.0398506217929493,0.0129711176447111,0.0051353894063079,0.0223902978115024,0.012324934575139,Advise others on matters of public policy.,4.A.4.b.6.I08.D02,6.53664554415887,Advise others on matters of public policy.,4.A.4.b.6.I08.D02,3.15583333333333,Advise others on matters of public policy.,4.A.4.b.6.I08.D02,Advise,0.688219663418955,0.492471213463242,0.118689105403012,0.783879539415412,Not Community,Others
4.A.4.b.6.I08.D03,0.00605975949944332,0.00221728506747198,0,0,0.00605975949944332,Recommend legal actions.,4.A.4.b.6.I08.D03,6.26481439849986,Recommend legal actions.,4.A.4.b.6.I08.D03,3.38166666666667,Recommend legal actions.,4.A.4.b.6.I08.D03,Recommend,0.284322409211692,0.214348981399469,0.297608503100089,0.387068201948627,Community,Nonprofit
4.A.4.b.6.I08.D04,0.097469690931724,0.185697624400779,0.0149953370664191,0.065630276612615,0.0168440772526899,Advise others on legal or regulatory compliance matters.,4.A.4.b.6.I08.D04,6.5684776952847,Advise others on legal or regulatory compliance matters.,4.A.4.b.6.I08.D04,3.69189189189189,Advise others on legal or regulatory compliance matters.,4.A.4.b.6.I08.D04,Advise,0.837909654561559,0.899911426040744,0.70770593445527,0.840566873339238,Community,Nonprofit
4.A.4.b.6.I09.D01,0.00359477258441553,0.00343679185458158,0,0.00246498691502779,0.00112978566938774,Advise others on management of emergencies or hazardous situations or materials.,4.A.4.b.6.I09.D01,6.12778306842876,Advise others on management of emergencies or hazardous situations or materials.,4.A.4.b.6.I09.D01,3.70333333333333,Advise others on management of emergencies or hazardous situations or materials.,4.A.4.b.6.I09.D01,Advise,0.185119574844996,0.278122232063773,0.721877767936227,0.279893711248893,Not Community,Others
4.A.4.b.6.I09.D02,0.00400560373692016,0,0.00164332461001853,0,0.00236227912690163,Recommend improvements to increase safety or reduce risks.,4.A.4.b.6.I09.D02,5.93923470852606,Recommend improvements to increase safety or reduce risks.,4.A.4.b.6.I09.D02,3.82458333333333,Recommend improvements to increase safety or reduce risks.,4.A.4.b.6.I09.D02,Recommend,0.198405668733392,0.163861824623561,0.845881310894597,0.197519929140833,Not Community,Others
4.A.4.b.6.I09.D03,0.00215686355064932,0,0,0,0.00215686355064932,Advise others on health and safety issues.,4.A.4.b.6.I09.D03,6.59018980271639,Advise others on health and safety issues.,4.A.4.b.6.I09.D03,3.58352941176471,Advise others on health and safety issues.,4.A.4.b.6.I09.D03,Advise,0.0965456155890168,0.163861824623561,0.579273693534101,0.891939769707706,Not Community,Others
4.A.4.b.6.I10.D02,0.0277311027940627,0.0587580542880076,0,0.0208496809896101,0.00688142180445259,Counsel clients or patients with substance abuse issues.,4.A.4.b.6.I10.D02,6.46502918225065,Counsel clients or patients with substance abuse issues.,4.A.4.b.6.I10.D02,3.37392857142857,Counsel clients or patients with substance abuse issues.,4.A.4.b.6.I10.D02,Counsel,0.627989371124889,0.774136403897254,0.287865367581931,0.656333038086802,Community,Nonprofit
4.A.4.b.6.I10.D03,0.0178711551339515,0.0109755610839863,0.00421101931317248,0.00985994766011117,0.00380018816066785,"Provide counsel, comfort, or encouragement to individuals or families.",4.A.4.b.6.I10.D03,5.93857704110881,"Provide counsel, comfort, or encouragement to individuals or families.",4.A.4.b.6.I10.D03,3.5325,"Provide counsel, comfort, or encouragement to individuals or families.",4.A.4.b.6.I10.D03,Provide,0.537643932683791,0.472984942426927,0.509300265721878,0.195748449955713,Not Community,Others
4.A.4.b.6.I10.D04,0.0601867638419286,0.0690684298517523,0.00698412959257875,0.0459103812923926,0.00729225295695722,Counsel clients regarding interpersonal issues.,4.A.4.b.6.I10.D04,6.45960937211729,Counsel clients regarding interpersonal issues.,4.A.4.b.6.I10.D04,3.20833333333333,Counsel clients regarding interpersonal issues.,4.A.4.b.6.I10.D04,Counsel,0.760850310008857,0.797165633303809,0.145261293179805,0.651018600531444,Community,Nonprofit
4.A.4.b.6.I10.D06,0.335649051596284,1.21895246584272,0.0569001146218915,0.249477217358438,0.029271719615955,Counsel clients on mental health or personal achievement.,4.A.4.b.6.I10.D06,6.67969754039882,Counsel clients on mental health or personal achievement.,4.A.4.b.6.I10.D06,3.8188,Counsel clients on mental health or personal achievement.,4.A.4.b.6.I10.D06,Counsel,0.941541186891054,0.983170947741364,0.841452612931798,0.993799822852082,Not Community,Others
4.A.4.b.6.I10.D07,0.114005644820035,0.223391470547802,0.0110924411176251,0.0853501719328373,0.017563031769573,Counsel clients or patients regarding personal issues.,4.A.4.b.6.I10.D07,6.57219666072999,Counsel clients or patients regarding personal issues.,4.A.4.b.6.I10.D07,3.17176470588235,Counsel clients or patients regarding personal issues.,4.A.4.b.6.I10.D07,Counsel,0.855624446412755,0.911426040744021,0.12666076173605,0.851195748449956,Community,Nonprofit
4.A.4.b.6.I11.D01,0.0741550230270861,0.240908022580831,0.0171522006170684,0.0518674330037098,0.0051353894063079,Advise real estate clients.,4.A.4.b.6.I11.D01,6.4040514231791,Advise real estate clients.,4.A.4.b.6.I11.D01,3.215,Advise real estate clients.,4.A.4.b.6.I11.D01,Advise,0.79096545615589,0.922940655447299,0.149689991142604,0.558015943312666,Not Community,Others
4.A.4.b.6.I11.D02,0.193296057253429,0.512414579092776,0.0481699526311681,0.136395942631538,0.00873016199072343,Recommend investments to clients.,4.A.4.b.6.I11.D02,6.65428604150257,Recommend investments to clients.,4.A.4.b.6.I11.D02,3.55636363636364,Recommend investments to clients.,4.A.4.b.6.I11.D02,Recommend,0.902568644818423,0.963684676705049,0.538529672276351,0.964570416297608,Not Community,Others
4.A.4.b.6.I11.D03,0.0570028224100177,0.115298823508543,0.00914099314322807,0.0359477258441553,0.0119141034226343,Advise others on financial matters.,4.A.4.b.6.I11.D03,6.6657724811607,Advise others on financial matters.,4.A.4.b.6.I11.D03,3.5746,Advise others on financial matters.,4.A.4.b.6.I11.D03,Advise,0.75199291408326,0.859167404782994,0.569530558015943,0.983170947741364,Not Community,Others
4.A.4.c.1.I01.D01,0.00605975949944332,0,0.00349206479628937,0,0.00256769470315395,Classify materials according to standard systems.,4.A.4.c.1.I01.D01,6.13445085502872,Classify materials according to standard systems.,4.A.4.c.1.I01.D01,3.255,Classify materials according to standard systems.,4.A.4.c.1.I01.D01,Classify,0.284322409211692,0.163861824623561,0.178033658104517,0.285208148804252,Not Community,Others
4.A.4.c.1.I01.D02,0.00862745420259728,0.00232814932084558,0,0.00287581806753243,0.00575163613506485,File documents or records.,4.A.4.c.1.I01.D02,6.43522263127604,File documents or records.,4.A.4.c.1.I01.D02,3.555,File documents or records.,4.A.4.c.1.I01.D02,File,0.351638618246236,0.225863596102746,0.535872453498671,0.615589016829052,Not Community,Others
4.A.4.c.1.I01.D03,0.0360504336322815,0,0.0178711551339515,0.015611583795176,0.00256769470315395,Process healthcare paperwork.,4.A.4.c.1.I01.D03,6.19062557755411,Process healthcare paperwork.,4.A.4.c.1.I01.D03,4.07,Process healthcare paperwork.,4.A.4.c.1.I01.D03,Process,0.670504871567759,0.163861824623561,0.928255093002657,0.323294951284322,Not Community,Others
4.A.4.c.1.I01.D04,0.412988016055281,0.562525221617642,0.187441713330238,0.21548093948868,0.0100653632363635,Prepare business correspondence.,4.A.4.c.1.I01.D04,6.54526530196895,Prepare business correspondence.,4.A.4.c.1.I01.D04,3.34166666666667,Prepare business correspondence.,4.A.4.c.1.I01.D04,Prepare,0.953941541186891,0.968113374667848,0.255978742249779,0.808680248007086,Not Community,Others
4.A.4.c.1.I01.D05,0.00985994766011117,0.00809309049627274,0.00616246728756948,0.00184874018627084,0.00184874018627084,Perform student enrollment or registration activities.,4.A.4.c.1.I01.D05,6.57632853953322,Perform student enrollment or registration activities.,4.A.4.c.1.I01.D05,3.14780303030303,Perform student enrollment or registration activities.,4.A.4.c.1.I01.D05,Perform,0.386182462356067,0.405668733392383,0.115146147032772,0.857395925597874,Not Community,Others
4.A.4.c.1.I01.D06,0.0571055301981439,0.0672946017977747,0.0283473495228196,0.0122222267870128,0.0165359538883114,Perform clerical work in medical settings.,4.A.4.c.1.I01.D06,6.01763081253903,Perform clerical work in medical settings.,4.A.4.c.1.I01.D06,3.81292452830189,Perform clerical work in medical settings.,4.A.4.c.1.I01.D06,Perform,0.752878653675819,0.79273693534101,0.837023914968999,0.226749335695306,Not Community,Others
4.A.4.c.1.I01.D07,0.00924370093135422,0.00953432579012953,0.00400560373692016,0.00338935700816322,0.00184874018627084,Type documents.,4.A.4.c.1.I01.D07,6.406841645351,Type documents.,4.A.4.c.1.I01.D07,3.43052631578947,Type documents.,4.A.4.c.1.I01.D07,Type,0.362267493356953,0.441098317094774,0.357838795394154,0.562444641275465,Not Community,Others
4.A.4.c.1.I01.D08,0.0238282068452687,0.0248335927556862,0.00729225295695722,0.013660135820779,0.00287581806753243,Process library materials.,4.A.4.c.1.I01.D08,6.09591839864553,Process library materials.,4.A.4.c.1.I01.D08,3.37541666666667,Process library materials.,4.A.4.c.1.I01.D08,Process,0.602302922940655,0.619131975199291,0.288751107174491,0.260407440212578,Not Community,Others
4.A.4.c.1.I01.D10,0.0144817981257883,0,0,0,0.0144817981257883,Perform administrative or clerical tasks.,4.A.4.c.1.I01.D10,6.01619207949057,Perform administrative or clerical tasks.,4.A.4.c.1.I01.D10,3.27961538461538,Perform administrative or clerical tasks.,4.A.4.c.1.I01.D10,Perform,0.488928255093003,0.163861824623561,0.195748449955713,0.225863596102746,Not Community,Others
4.A.4.c.1.I03.D03,0.00996265544823733,0.00166296380060399,0.0031839414319109,0.00256769470315395,0.00421101931317248,Process medical billing information.,4.A.4.c.1.I03.D03,5.98845351462948,Process medical billing information.,4.A.4.c.1.I03.D03,3.92342105263158,Process medical billing information.,4.A.4.c.1.I03.D03,Process,0.389725420726306,0.174490699734278,0.891054030115146,0.214348981399469,Not Community,Others
4.A.4.c.1.I03.D04,0.0353314791153984,0.0231706289550822,0.0147899214901668,0.0115032722701297,0.00903828535510191,Execute sales or other financial transactions.,4.A.4.c.1.I03.D04,6.47312166508522,Execute sales or other financial transactions.,4.A.4.c.1.I03.D04,3.64,Execute sales or other financial transactions.,4.A.4.c.1.I03.D04,Execute,0.66784765279008,0.605845881310895,0.643932683790966,0.676705048715678,Not Community,Others
4.A.4.c.1.I03.D09,0.00657329844007411,0.00432370588157037,0.00205415576252316,0,0.00451914267755095,Take customer orders.,4.A.4.c.1.I03.D09,5.7195015163424,Take customer orders.,4.A.4.c.1.I03.D09,2.920625,Take customer orders.,4.A.4.c.1.I03.D09,Take,0.302922940655447,0.301151461470328,0.0239149689991143,0.0992028343666962,Not Community,Others
4.A.4.c.1.I03.D11,0.0464239202330234,0.0252770497691806,0.0139682591851575,0.0218767588708717,0.0105789021769943,Process sales or other transactions.,4.A.4.c.1.I03.D11,6.2048000122096,Process sales or other transactions.,4.A.4.c.1.I03.D11,3.2980303030303,Process sales or other transactions.,4.A.4.c.1.I03.D11,Process,0.720992028343667,0.62444641275465,0.213463241806909,0.33215234720992,Not Community,Others
4.A.4.c.1.I03.D12,0.00236227912690163,0,0,0,0.00236227912690163,Disburse funds from clients accounts to creditors.,4.A.4.c.1.I03.D12,6.55409377241008,Disburse funds from clients accounts to creditors.,4.A.4.c.1.I03.D12,3.562,Disburse funds from clients accounts to creditors.,4.A.4.c.1.I03.D12,Disburse,0.110717449069973,0.163861824623561,0.549158547387068,0.823737821080602,Not Community,Others
4.A.4.c.1.I04.D02,0.0172549084051946,0.0144123529385679,0.00708683738070491,0.00985994766011117,0.000308123364378474,Issue documentation or identification to customers or employees.,4.A.4.c.1.I04.D02,6.50475434216723,Issue documentation or identification to customers or employees.,4.A.4.c.1.I04.D02,3.51409090909091,Issue documentation or identification to customers or employees.,4.A.4.c.1.I04.D02,Issue,0.532329495128432,0.516386182462356,0.472099202834367,0.721877767936227,Not Community,Others
4.A.4.c.1.I05.D03,0.0586461470200362,0.0249444570090598,0.0300933819209643,0.0191036485914654,0.00944911650760654,"Send information, materials or documentation.",4.A.4.c.1.I05.D03,6.43918082674071,"Send information, materials or documentation.",4.A.4.c.1.I05.D03,3.51051724137931,"Send information, materials or documentation.",4.A.4.c.1.I05.D03,Send,0.756421612046059,0.620017714791851,0.465899025686448,0.620903454384411,Not Community,Others
4.A.4.c.2.I01.D01,0.00328664922003706,0.00254987782759278,0,0,0.00328664922003706,Audition or interview potential performers or staff members.,4.A.4.c.2.I01.D01,6.27985929023777,Audition or interview potential performers or staff members.,4.A.4.c.2.I01.D01,3.538,Audition or interview potential performers or staff members.,4.A.4.c.2.I01.D01,Audition,0.169176262178919,0.240921169176262,0.515500442869796,0.399468556244464,Not Community,Others
4.A.4.c.2.I01.D02,0.00944911650760654,0.0228380361949614,0.00236227912690163,0,0.00708683738070491,Conduct eligibility or selection interviews.,4.A.4.c.2.I01.D02,6.47367154487786,Conduct eligibility or selection interviews.,4.A.4.c.2.I01.D02,3.63923076923077,Conduct eligibility or selection interviews.,4.A.4.c.2.I01.D02,Conduct,0.369353410097431,0.604074402125775,0.643046944198406,0.678476527900797,Not Community,Others
4.A.4.c.2.I01.D03,0.00174603239814469,0.00232814932084558,0,0,0.00174603239814469,Hire personnel.,4.A.4.c.2.I01.D03,6.39731117288083,Hire personnel.,4.A.4.c.2.I01.D03,3.47325581395349,Hire personnel.,4.A.4.c.2.I01.D03,Hire,0.0531443755535872,0.225863596102746,0.410983170947741,0.545615589016829,Community,Nonprofit
4.A.4.c.2.I01.D04,0.00205415576252316,0.00310419909446078,0,0,0.00205415576252316,Participate in staffing decisions.,4.A.4.c.2.I01.D04,6.56919941735028,Participate in staffing decisions.,4.A.4.c.2.I01.D04,3.60928571428571,Participate in staffing decisions.,4.A.4.c.2.I01.D04,Participate,0.0814880425155005,0.262178919397697,0.608503100088574,0.843224092116918,Not Community,Others
4.A.4.c.2.I01.D05,0.00174603239814469,0.00232814932084558,0,0,0.00174603239814469,Recruit personnel.,4.A.4.c.2.I01.D05,6.5271005918034,Recruit personnel.,4.A.4.c.2.I01.D05,3.49391304347826,Recruit personnel.,4.A.4.c.2.I01.D05,Recruit,0.0531443755535872,0.225863596102746,0.438441098317095,0.767050487156776,Community,Nonprofit
4.A.4.c.2.I01.D06,0.00174603239814469,0,0,0,0.00174603239814469,"Select staff, team members, or performers.",4.A.4.c.2.I01.D06,6.41336134692892,"Select staff, team members, or performers.",4.A.4.c.2.I01.D06,3.50588235294118,"Select staff, team members, or performers.",4.A.4.c.2.I01.D06,Select,0.0531443755535872,0.163861824623561,0.45881310894597,0.577502214348981,Not Community,Others
4.A.4.c.2.I01.D08,0.0623436273925779,0.124611420791926,0.0245471613621518,0.0261904859721703,0.0116059800582559,Administer personnel recruitment or hiring activities.,4.A.4.c.2.I01.D08,6.51560172525219,Administer personnel recruitment or hiring activities.,4.A.4.c.2.I01.D08,3.47326086956522,Administer personnel recruitment or hiring activities.,4.A.4.c.2.I01.D08,Administer,0.767936226749336,0.867139061116032,0.411868910540301,0.747564216120461,Not Community,Others
4.A.4.c.2.I02.D02,0.0118113956345082,0.0125276606312167,0.00277311027940627,0.00287581806753242,0.00616246728756948,Administer compensation or benefits programs.,4.A.4.c.2.I02.D02,6.6579729487016,Administer compensation or benefits programs.,4.A.4.c.2.I02.D02,3.48227272727273,Administer compensation or benefits programs.,4.A.4.c.2.I02.D02,Administer,0.431355181576616,0.486271036315323,0.428697962798937,0.969884853852967,Not Community,Others
4.A.4.c.3.I01.D02,0.00585434392319101,0,0,0.00369748037254169,0.00215686355064932,Maintain inventory of medical supplies or equipment.,4.A.4.c.3.I01.D02,5.98550276621672,Maintain inventory of medical supplies or equipment.,4.A.4.c.3.I01.D02,4.26410256410256,Maintain inventory of medical supplies or equipment.,4.A.4.c.3.I01.D02,Maintain,0.277236492471213,0.163861824623561,0.967227635075288,0.212577502214349,Not Community,Others
4.A.4.c.3.I01.D05,0.0126330579395174,0.0374721176402765,0.00534080498256022,0.0031839414319109,0.00410831152504632,"Maintain inventories of materials, equipment, or products.",4.A.4.c.3.I01.D05,5.97329191535599,"Maintain inventories of materials, equipment, or products.",4.A.4.c.3.I01.D05,3.37917355371901,"Maintain inventories of materials, equipment, or products.",4.A.4.c.3.I01.D05,Maintain,0.452612931798051,0.699734278122232,0.29229406554473,0.20726306465899,Not Community,Others
4.A.4.c.3.I03.D01,0.00349206479628937,0.00177382805397759,0,0,0.00349206479628937,Distribute instructional or library materials.,4.A.4.c.3.I03.D01,6.37972567791513,Distribute instructional or library materials.,4.A.4.c.3.I03.D01,3.07145161290323,Distribute instructional or library materials.,4.A.4.c.3.I03.D01,Distribute,0.180690876882197,0.185119574844996,0.0566873339238264,0.516386182462356,Community,Nonprofit
4.A.4.c.3.I03.D02,0.00595705171131717,0,0.00236227912690164,0,0.00359477258441553,Allocate physical resources within organizations.,4.A.4.c.3.I03.D02,6.30637062504026,Allocate physical resources within organizations.,4.A.4.c.3.I03.D02,3.243,Allocate physical resources within organizations.,4.A.4.c.3.I03.D02,Allocate,0.282550930026572,0.163861824623561,0.16829052258636,0.421612046058459,Not Community,Others
4.A.4.c.3.I03.D03,0.0562838678931346,0.0308202624378606,0.0225957133877548,0.0314285831666044,0.00225957133877548,Distribute materials to employees or customers.,4.A.4.c.3.I03.D03,6.2613872357493,Distribute materials to employees or customers.,4.A.4.c.3.I03.D03,3.34047619047619,Distribute materials to employees or customers.,4.A.4.c.3.I03.D03,Distribute,0.74933569530558,0.66784765279008,0.255093002657219,0.381753764393268,Not Community,Others
4.A.4.c.3.I03.D06,0.0245471613621518,0.0278269275967734,0.0112978566938774,0.0101680710244896,0.00308123364378474,Provide educational materials to community members.,4.A.4.c.3.I03.D06,6.2815548717045,Provide educational materials to community members.,4.A.4.c.3.I03.D06,3.205,Provide educational materials to community members.,4.A.4.c.3.I03.D06,Provide,0.608503100088574,0.639503985828167,0.140832595217006,0.401240035429584,Community,Nonprofit
4.A.4.c.3.I04.D01,0.0462185046567711,0.0189577873268855,0.021465927718367,0.0196171875320962,0.0051353894063079,"Collect deposits, payments or fees.",4.A.4.c.3.I04.D01,6.2579029417685,"Collect deposits, payments or fees.",4.A.4.c.3.I04.D01,3.52622222222222,"Collect deposits, payments or fees.",4.A.4.c.3.I04.D01,Collect,0.719220549158547,0.560673162090346,0.494242692648361,0.378210806023029,Not Community,Others
4.A.4.c.3.I04.D02,0.00277311027940627,0,0,0,0.00277311027940627,Collect fares or payment from customers.,4.A.4.c.3.I04.D02,5.66786004673323,Collect fares or payment from customers.,4.A.4.c.3.I04.D02,3.675,Collect fares or payment from customers.,4.A.4.c.3.I04.D02,Collect,0.140832595217006,0.163861824623561,0.689991142604074,0.0558015943312666,Not Community,Others
4.A.4.c.3.I04.D03,0.00410831152504632,0,0.00164332461001853,0.00164332461001853,0.000821662305009264,Collect payments for goods or services.,4.A.4.c.3.I04.D03,6.42666945303808,Collect payments for goods or services.,4.A.4.c.3.I04.D03,3.38361111111111,Collect payments for goods or services.,4.A.4.c.3.I04.D03,Collect,0.205491585473871,0.163861824623561,0.298494242692648,0.597874224977856,Not Community,Others
4.A.4.c.3.I05.D01,0.013660135820779,0.0174056877796551,0.0031839414319109,0.00400560373692016,0.00647059065194796,"Order materials, supplies, or equipment.",4.A.4.c.3.I05.D01,5.93242382857458,"Order materials, supplies, or equipment.",4.A.4.c.3.I05.D01,3.50111650485437,"Order materials, supplies, or equipment.",4.A.4.c.3.I05.D01,Order,0.474756421612046,0.546501328609389,0.446412754650133,0.194862710363153,Not Community,Others
4.A.4.c.3.I05.D02,0.0436508099536172,0.0355874253329254,0.0132493046682744,0.0217740510827455,0.00862745420259728,Order instructional or library materials or equipment.,4.A.4.c.3.I05.D02,6.51463137227666,Order instructional or library materials or equipment.,4.A.4.c.3.I05.D02,3.1064953271028,Order instructional or library materials or equipment.,4.A.4.c.3.I05.D02,Order,0.713906111603189,0.686448184233835,0.0806023029229407,0.745792736935341,Not Community,Others
4.A.4.c.3.I05.D03,0.00451914267755095,0,0,0.00164332461001853,0.00287581806753243,"Purchase materials, equipment, or other resources.",4.A.4.c.3.I05.D03,6.30633859098767,"Purchase materials, equipment, or other resources.",4.A.4.c.3.I05.D03,3.50895833333333,"Purchase materials, equipment, or other resources.",4.A.4.c.3.I05.D03,Purchase,0.226749335695306,0.163861824623561,0.462356067316209,0.420726306465899,Not Community,Others
4.A.4.c.3.I05.D06,0.0102707788126158,0.00920173303000874,0.00503268161818174,0.00287581806753243,0.00236227912690163,Purchase products or services.,4.A.4.c.3.I05.D06,6.58751323961031,Purchase products or services.,4.A.4.c.3.I05.D06,3.37263157894737,Purchase products or services.,4.A.4.c.3.I05.D06,Purchase,0.396811337466785,0.431355181576616,0.286093888396811,0.883968113374668,Not Community,Others
4.A.4.c.3.I06.D01,0.0165359538883114,0.0627491674094572,0.00184874018627084,0.00965453208385885,0.00503268161818174,Prescribe treatments or therapies.,4.A.4.c.3.I06.D01,6.26370743454222,Prescribe treatments or therapies.,4.A.4.c.3.I06.D01,4.39414634146342,Prescribe treatments or therapies.,4.A.4.c.3.I06.D01,Prescribe,0.519929140832595,0.783879539415412,0.984056687333924,0.385296722763508,Not Community,Others
4.A.4.c.3.I06.D03,0.0243417457858995,0.029046434383883,0.00256769470315395,0.01817927849833,0.00359477258441553,Prescribe medications.,4.A.4.c.3.I06.D03,6.26225841981696,Prescribe medications.,4.A.4.c.3.I06.D03,4.49569230769231,Prescribe medications.,4.A.4.c.3.I06.D03,Prescribe,0.607617360496014,0.653675819309123,0.99911426040744,0.384410983170948,Not Community,Others
4.A.4.c.3.I07.D03,0.0095518242957327,0.00166296380060399,0.0031839414319109,0.00256769470315395,0.00380018816066785,Inventory medical supplies or equipment.,4.A.4.c.3.I07.D03,5.81482254326681,Inventory medical supplies or equipment.,4.A.4.c.3.I07.D03,3.8582,Inventory medical supplies or equipment.,4.A.4.c.3.I07.D03,Inventory,0.372896368467671,0.174490699734278,0.865367581930912,0.145261293179805,Not Community,Others
4.A.4.c.3.I07.D04,0.00410831152504632,0,0,0,0.00410831152504632,Monitor inventories of products or materials.,4.A.4.c.3.I07.D04,6.41116312173506,Monitor inventories of products or materials.,4.A.4.c.3.I07.D04,3.46102941176471,Monitor inventories of products or materials.,4.A.4.c.3.I07.D04,Monitor,0.205491585473871,0.163861824623561,0.395039858281665,0.573073516386183,Not Community,Others
